1.000000000000000000e+01,2.200000000000000000e+02,3.300000000000000000e+02,2.420000000000000000e+02,3.730000000000000000e+02,4.000000000000000222e-01,4.761904761904761640e-01,5.305832147937411536e-01,3.217367641627788544e-02,5.310555659234523773e-01,0.000000000000000000e+00,3.160939937457442284e+01,6.842866539955139160e-01,6.854283288680016994e+01,7.070112466830760241e+02,1.525344621390104294e+00
2.000000000000000000e+01,2.660000000000000000e+02,3.610000000000000000e+02,1.980000000000000000e+02,3.490000000000000000e+02,4.242424242424242542e-01,5.732758620689655249e-01,4.915492957746478986e-01,2.816344052553176880e-02,4.717456828802824020e-01,0.000000000000000000e+00,4.118301394581794739e+01,3.877991233021020889e-01,7.777686062455177307e+01,7.089820051994174719e+02,1.526391891762614250e+00
3.000000000000000000e+01,2.410000000000000000e+02,3.690000000000000000e+02,2.120000000000000000e+02,3.390000000000000000e+02,3.950819672131147264e-01,5.320088300220751076e-01,4.788135593220338992e-01,2.907195687294006348e-02,4.985635839402675629e-01,0.000000000000000000e+00,3.342393642850220203e+01,3.672055993229150772e-01,6.990675498172640800e+01,7.070618493780493736e+02,1.528129523620009422e+00
4.000000000000000000e+01,2.330000000000000000e+02,3.680000000000000000e+02,2.370000000000000000e+02,3.340000000000000000e+02,3.876871880199667109e-01,4.957446808510638236e-01,4.757834757834757955e-01,2.796673588454723358e-02,5.109907854348421097e-01,0.000000000000000000e+00,3.865989177860319614e+01,3.672324419021606445e-01,7.516552142240107059e+01,7.075440626908093691e+02,1.535061053931713104e+00
5.000000000000000000e+01,2.550000000000000000e+02,3.340000000000000000e+02,2.110000000000000000e+02,3.600000000000000000e+02,4.329371816638369896e-01,5.472103004291845041e-01,5.187319884726224739e-01,2.726513333618640900e-02,4.973887279629707336e-01,0.000000000000000000e+00,3.709095419012010098e+01,3.518991973251104355e-01,7.355327923223376274e+01,7.074085535928606987e+02,1.526990350335836411e+00
6.000000000000000000e+01,2.420000000000000000e+02,3.710000000000000000e+02,2.050000000000000000e+02,3.320000000000000000e+02,3.947797716150081571e-01,5.413870246085010773e-01,4.722617354196301798e-01,2.706385962665081024e-02,5.035965535789728165e-01,0.000000000000000000e+00,2.537906326353549957e+01,3.638049401342868805e-01,6.184519173391163349e+01,7.063710169550031424e+02,1.535643860697746277e+00
7.000000000000000000e+01,2.240000000000000000e+02,3.490000000000000000e+02,2.420000000000000000e+02,3.480000000000000000e+02,3.909249563699825347e-01,4.806866952789699554e-01,4.992826398852223679e-01,2.874918840825557709e-02,5.059667825698852539e-01,0.000000000000000000e+00,2.130283673852682114e+01,3.709164392203092575e-01,5.779020193405449390e+01,7.068318032659590244e+02,1.531504366546869278e+00
8.000000000000000000e+01,2.630000000000000000e+02,3.820000000000000000e+02,2.000000000000000000e+02,3.010000000000000000e+02,4.077519379844961045e-01,5.680345572354211781e-01,4.407027818448023271e-01,2.806330285966396332e-02,5.278949830681085587e-01,0.000000000000000000e+00,2.862123738415539265e+01,3.580874297767877579e-01,6.511561772599816322e+01,7.066219315025955439e+02,1.527545636519789696e+00
9.000000000000000000e+01,2.850000000000000000e+02,3.890000000000000000e+02,1.480000000000000000e+02,3.230000000000000000e+02,4.228486646884273004e-01,6.581986143187067428e-01,4.536516853932584525e-01,2.755158394575119019e-02,5.264320839196443558e-01,0.000000000000000000e+00,2.534993128851056099e+01,3.593157920986413956e-01,6.181464566104114056e+01,7.066719736661761999e+02,1.530224345624446869e+00
1.000000000000000000e+02,2.970000000000000000e+02,4.130000000000000000e+02,1.620000000000000000e+02,2.790000000000000000e+02,4.183098591549295753e-01,6.470588235294117974e-01,4.031791907514450934e-01,2.761016972362995148e-02,5.043054483830928802e-01,0.000000000000000000e+00,3.171079327538609505e+01,3.464211151003837585e-01,6.818662736378610134e+01,7.069522170461714268e+02,1.523528436198830605e+00
1.100000000000000000e+02,2.870000000000000000e+02,3.720000000000000000e+02,1.680000000000000000e+02,3.300000000000000000e+02,4.355083459787557065e-01,6.307692307692307487e-01,4.700854700854700807e-01,2.744092606008052826e-02,5.132721681147813797e-01,0.000000000000000000e+00,1.945381571911275387e+01,3.414137661457061768e-01,5.593291073851287365e+01,7.069794516284018755e+02,1.541906850412487984e+00
1.200000000000000000e+02,2.570000000000000000e+02,4.320000000000000000e+02,1.890000000000000000e+02,2.700000000000000000e+02,3.730043541364296278e-01,5.762331838565022402e-01,3.846153846153846367e-01,2.776689268648624420e-02,5.092521235346794128e-01,0.000000000000000000e+00,3.702697438746690750e+01,3.415503501892089844e-01,7.351959996856749058e+01,7.078721436578780413e+02,1.527085021138191223e+00
1.300000000000000000e+02,2.710000000000000000e+02,4.040000000000000000e+02,1.920000000000000000e+02,2.930000000000000000e+02,4.014814814814814947e-01,5.853131749460043221e-01,4.203730272596843398e-01,2.807545661926269531e-02,5.037866923958063126e-01,0.000000000000000000e+00,2.760162881761789322e+01,3.676273170858621597e-01,6.410020524449646473e+01,7.071512667965143919e+02,1.541514381766319275e+00
1.400000000000000000e+02,2.470000000000000000e+02,4.140000000000000000e+02,1.980000000000000000e+02,2.930000000000000000e+02,3.736762481089258570e-01,5.550561797752808779e-01,4.144271570014144146e-01,2.752646990120410919e-02,5.023076385259628296e-01,0.000000000000000000e+00,2.928127197735011578e+01,3.479292355477809906e-01,6.579039007239043713e+01,7.077668344322592020e+02,1.541295252740383148e+00
1.500000000000000000e+02,2.810000000000000000e+02,4.140000000000000000e+02,1.700000000000000000e+02,2.880000000000000000e+02,4.043165467625899345e-01,6.230598669623059749e-01,4.102564102564102422e-01,2.921321801841259003e-02,5.182603988796472549e-01,0.000000000000000000e+00,2.161399974860250950e+01,3.568386081606149673e-01,5.815530745126307011e+01,7.078418123126029968e+02,1.530486902222037315e+00
1.600000000000000000e+02,2.690000000000000000e+02,4.370000000000000000e+02,1.770000000000000000e+02,2.790000000000000000e+02,3.810198300283286210e-01,6.031390134529147629e-01,3.896648044692737622e-01,2.833120897412300110e-02,5.134901050478219986e-01,0.000000000000000000e+00,3.730986238270998001e+01,3.512858487665653229e-01,7.396515943855047226e+01,7.097487592194229364e+02,1.544552959501743317e+00
1.700000000000000000e+02,2.860000000000000000e+02,3.930000000000000000e+02,1.570000000000000000e+02,2.950000000000000000e+02,4.212076583210603853e-01,6.455981941309255623e-01,4.287790697674418450e-01,2.740642055869102478e-02,5.157556068152189255e-01,0.000000000000000000e+00,2.305167656019330025e+01,3.516354858875274658e-01,5.966421825625002384e+01,7.096938843876123428e+02,1.529148044064640999e+00
1.800000000000000000e+02,3.080000000000000000e+02,4.490000000000000000e+02,1.500000000000000000e+02,2.520000000000000000e+02,4.068692206076618412e-01,6.724890829694323280e-01,3.594864479315263983e-01,2.925060316920280457e-02,5.076596513390541077e-01,0.000000000000000000e+00,2.273476170375943184e+01,3.513071574270725250e-01,5.919279528036713600e+01,7.057682137247174978e+02,1.514920499175786972e+00
1.900000000000000000e+02,2.700000000000000000e+02,4.210000000000000000e+02,1.900000000000000000e+02,2.770000000000000000e+02,3.907380607814761042e-01,5.869565217391304879e-01,3.968481375358166030e-01,2.877397462725639343e-02,5.045760087668895721e-01,0.000000000000000000e+00,3.552241876721382141e+01,3.722055014222860336e-01,7.190817536227405071e+01,7.047275308389216661e+02,1.510214548557996750e+00
2.000000000000000000e+02,2.580000000000000000e+02,4.020000000000000000e+02,1.980000000000000000e+02,3.090000000000000000e+02,3.909090909090909283e-01,5.657894736842105088e-01,4.345991561181434815e-01,2.715680561959743500e-02,4.996156841516494751e-01,0.000000000000000000e+00,2.173621837235987186e+01,3.541774433106184006e-01,5.814558743871748447e+01,7.057725320477038622e+02,1.514283413067460060e+00
2.100000000000000000e+02,2.840000000000000000e+02,4.490000000000000000e+02,1.650000000000000000e+02,2.480000000000000000e+02,3.874488403819917881e-01,6.325167037861915142e-01,3.558106169296987309e-01,2.827986143529415131e-02,5.040725134313106537e-01,0.000000000000000000e+00,3.034144902974367142e+01,3.394598849117755890e-01,6.670924598723649979e+01,7.053337549064308405e+02,1.523348690941929817e+00
2.200000000000000000e+02,3.200000000000000000e+02,4.180000000000000000e+02,1.390000000000000000e+02,2.680000000000000000e+02,4.336043360433604610e-01,6.971677559912854427e-01,3.906705539358600321e-01,2.739672362804412842e-02,4.991516117006540298e-01,0.000000000000000000e+00,3.228630885854363441e+01,3.373357802629470825e-01,6.870943580009043217e+01,7.064257551170885563e+02,1.523800551891326904e+00
2.300000000000000000e+02,2.820000000000000000e+02,4.220000000000000000e+02,1.780000000000000000e+02,2.730000000000000000e+02,4.005681818181818232e-01,6.130434782608695787e-01,3.928057553956834647e-01,2.683016657829284668e-02,5.016689077019691467e-01,0.000000000000000000e+00,2.701767061464488506e+01,3.595917373895645142e-01,6.344438454508781433e+01,7.059353248216211796e+02,1.528168361634016037e+00
2.400000000000000000e+02,2.810000000000000000e+02,4.420000000000000000e+02,1.630000000000000000e+02,2.690000000000000000e+02,3.886583679114799517e-01,6.328828828828828579e-01,3.783403656821378580e-01,2.916974388062953949e-02,5.152873434126377106e-01,0.000000000000000000e+00,2.124626904726028442e+01,3.620614130049943924e-01,5.767740801163017750e+01,7.058739799764007330e+02,1.525079010054469109e+00
2.500000000000000000e+02,2.910000000000000000e+02,4.850000000000000000e+02,1.700000000000000000e+02,2.170000000000000000e+02,3.750000000000000000e-01,6.312364425162689807e-01,3.091168091168091103e-01,2.713716588914394379e-02,5.151127912104129791e-01,0.000000000000000000e+00,2.301294272206723690e+01,3.340673185884952545e-01,5.937937576696276665e+01,7.042904018610715866e+02,1.519525296986103058e+00
2.600000000000000000e+02,3.050000000000000000e+02,3.950000000000000000e+02,1.580000000000000000e+02,2.940000000000000000e+02,4.357142857142857206e-01,6.587473002159827118e-01,4.267053701015965372e-01,2.840209007263183594e-02,5.094418805092573166e-01,0.000000000000000000e+00,1.932887367717921734e+01,3.555675242096185684e-01,5.569917186908423901e+01,7.052145800050348043e+02,1.534361964091658592e+00
2.700000000000000000e+02,3.180000000000000000e+02,4.680000000000000000e+02,1.330000000000000000e+02,2.360000000000000000e+02,4.045801526717557328e-01,7.050997782705099581e-01,3.352272727272727071e-01,2.795577608048915863e-02,5.036447718739509583e-01,0.000000000000000000e+00,2.636392793059349060e+01,3.468837495893239975e-01,6.284968289546668530e+01,7.069145260583609343e+02,1.529943702742457390e+00
2.800000000000000000e+02,2.690000000000000000e+02,4.340000000000000000e+02,1.810000000000000000e+02,2.900000000000000000e+02,3.826458036984352606e-01,5.977777777777777413e-01,4.005524861878452803e-01,2.750003337860107422e-02,4.933523945510387421e-01,0.000000000000000000e+00,1.899904907122254372e+01,3.490320853888988495e-01,5.541329680383205414e+01,7.057726112492382526e+02,1.531147740781307220e+00
2.900000000000000000e+02,2.960000000000000000e+02,4.450000000000000000e+02,1.500000000000000000e+02,2.670000000000000000e+02,3.994601889338731393e-01,6.636771300448430777e-01,3.750000000000000000e-01,2.827066369354724884e-02,4.982036184519529343e-01,0.000000000000000000e+00,2.475679895281791687e+01,3.577851764857769012e-01,6.119056595489382744e+01,7.061110490970313549e+02,1.529724571853876114e+00
3.000000000000000000e+02,3.210000000000000000e+02,4.250000000000000000e+02,1.420000000000000000e+02,2.660000000000000000e+02,4.302949061662198482e-01,6.933045356371489998e-01,3.849493487698987249e-01,2.801862545311450958e-02,5.135036911815404892e-01,0.000000000000000000e+00,2.800533542223274708e+01,3.614688869565725327e-01,6.445873422548174858e+01,7.063427545540034771e+02,1.526055349037051201e+00
3.100000000000000000e+02,3.030000000000000000e+02,5.090000000000000000e+02,1.520000000000000000e+02,2.020000000000000000e+02,3.731527093596059275e-01,6.659340659340658997e-01,2.841068917018284012e-01,2.848981134593486786e-02,5.126697123050689697e-01,0.000000000000000000e+00,2.691568446531891823e+01,3.526767622679471970e-01,6.333753631450235844e+01,7.057293973416090012e+02,1.523699576035141945e+00
3.200000000000000000e+02,3.210000000000000000e+02,4.550000000000000000e+02,1.430000000000000000e+02,2.380000000000000000e+02,4.136597938144329634e-01,6.918103448275861878e-01,3.434343434343434254e-01,2.895813994109630585e-02,5.113732926547527313e-01,0.000000000000000000e+00,2.325052497722208500e+01,3.505422752350568771e-01,5.968183798529207706e+01,7.058755656350404024e+02,1.530761012807488441e+00
3.300000000000000000e+02,3.390000000000000000e+02,4.300000000000000000e+02,1.460000000000000000e+02,2.540000000000000000e+02,4.408322496749024766e-01,6.989690721649484129e-01,3.713450292397660890e-01,2.836591750383377075e-02,5.099530126899480820e-01,0.000000000000000000e+00,1.911618501320481300e+01,3.486984968185424805e-01,5.548969089612364769e+01,7.037340421918779612e+02,1.506889913231134415e+00
3.400000000000000000e+02,3.380000000000000000e+02,4.710000000000000000e+02,1.170000000000000000e+02,2.420000000000000000e+02,4.177997527812113976e-01,7.428571428571428825e-01,3.394109396914445909e-01,3.042005561292171478e-02,5.021927915513515472e-01,0.000000000000000000e+00,2.371945569477975368e+01,3.727190550416707993e-01,6.019403176940977573e+01,7.057539155222475529e+02,1.529661342501640320e+00
3.500000000000000000e+02,3.170000000000000000e+02,4.920000000000000000e+02,1.410000000000000000e+02,2.090000000000000000e+02,3.918417799752781372e-01,6.921397379912663794e-01,2.981455064194008520e-01,3.090376406908035278e-02,5.142849404364824295e-01,0.000000000000000000e+00,2.699634003452956676e+01,3.484646845608949661e-01,6.351368687301874161e+01,7.079179829210042953e+02,1.524111073464155197e+00
3.600000000000000000e+02,3.250000000000000000e+02,4.960000000000000000e+02,1.390000000000000000e+02,2.030000000000000000e+02,3.958587088915956342e-01,7.004310344827586743e-01,2.904148783977110182e-01,2.929373458027839661e-02,5.051703564822673798e-01,0.000000000000000000e+00,2.531341150961816311e+01,3.714648559689521790e-01,6.176656056195497513e+01,7.060867641810327768e+02,1.513685779646039009e+00
3.700000000000000000e+02,3.420000000000000000e+02,4.930000000000000000e+02,1.250000000000000000e+02,2.160000000000000000e+02,4.095808383233532912e-01,7.323340471092076864e-01,3.046544428772919866e-01,2.776427380740642548e-02,5.141795426607131958e-01,0.000000000000000000e+00,3.501027180999517441e+01,3.363989666104316711e-01,7.144702891446650028e+01,7.055927160512655973e+02,1.523609323427081108e+00
3.800000000000000000e+02,3.490000000000000000e+02,4.930000000000000000e+02,1.110000000000000000e+02,2.110000000000000000e+02,4.144893111638954797e-01,7.586956521739129933e-01,2.997159090909091161e-01,2.850321121513843536e-02,5.277418475598096848e-01,0.000000000000000000e+00,2.805359064042568207e+01,3.456116784363985062e-01,6.448894100263714790e+01,7.052162825427949429e+02,1.515792936086654663e+00
3.900000000000000000e+02,2.820000000000000000e+02,4.820000000000000000e+02,1.630000000000000000e+02,2.310000000000000000e+02,3.691099476439790306e-01,6.337078651685392749e-01,3.239831697054698645e-01,2.987824380397796631e-02,5.161954965442419052e-01,0.000000000000000000e+00,2.147114375792443752e+01,3.598802387714385986e-01,5.788833057694137096e+01,7.047681002542376518e+02,1.518347643315792084e+00
4.000000000000000000e+02,3.210000000000000000e+02,4.270000000000000000e+02,1.250000000000000000e+02,2.820000000000000000e+02,4.291443850267379623e-01,7.197309417040358426e-01,3.977433004231311631e-01,2.657532691955566406e-02,4.863826986402273178e-01,0.000000000000000000e+00,1.717598929442465305e+01,3.406351227313280106e-01,5.354158094152808189e+01,7.047861268483102322e+02,1.512856006622314453e+00
4.100000000000000000e+02,3.270000000000000000e+02,4.570000000000000000e+02,1.420000000000000000e+02,2.390000000000000000e+02,4.170918367346938549e-01,6.972281449893390493e-01,3.433908045977011603e-01,2.828354015946388245e-02,5.032866969704627991e-01,0.000000000000000000e+00,2.568520443513989449e+01,3.358277976512908936e-01,6.207869969122111797e+01,7.048067962191998959e+02,1.525406748056411743e+00
4.200000000000000000e+02,2.800000000000000000e+02,4.600000000000000000e+02,1.600000000000000000e+02,2.700000000000000000e+02,3.783783783783783994e-01,6.363636363636363535e-01,3.698630136986301165e-01,2.807703614234924316e-02,5.166110619902610779e-01,0.000000000000000000e+00,1.932424238510429859e+01,3.453586548566818237e-01,5.568163438141345978e+01,7.046350602339953184e+02,1.524616023525595665e+00
4.300000000000000000e+02,3.430000000000000000e+02,4.610000000000000000e+02,1.250000000000000000e+02,2.410000000000000000e+02,4.266169154228855454e-01,7.329059829059828557e-01,3.433048433048432879e-01,2.996341697871685028e-02,4.922625850886106491e-01,0.000000000000000000e+00,1.320463292300701141e+01,3.594272416085004807e-01,4.952347369119524956e+01,7.032619357332587242e+02,1.532824620604515076e+00
4.400000000000000000e+02,3.410000000000000000e+02,4.460000000000000000e+02,1.180000000000000000e+02,2.540000000000000000e+02,4.332909783989835062e-01,7.429193899782134958e-01,3.628571428571428781e-01,2.721680514514446259e-02,5.214643348008394241e-01,0.000000000000000000e+00,2.082607139647006989e+01,3.511020913720130920e-01,5.719203070737421513e+01,7.041235117558389902e+02,1.516527114436030388e+00
4.500000000000000000e+02,3.530000000000000000e+02,4.790000000000000000e+02,1.140000000000000000e+02,1.970000000000000000e+02,4.242788461538461453e-01,7.558886509635974749e-01,2.914201183431952558e-01,2.935975603759288788e-02,4.918335955590009689e-01,0.000000000000000000e+00,2.173874236643314362e+01,3.728562165051698685e-01,5.808534523099660873e+01,7.037075986228883266e+02,1.520310964435338974e+00
4.600000000000000000e+02,3.270000000000000000e+02,5.030000000000000000e+02,1.230000000000000000e+02,1.960000000000000000e+02,3.939759036144578341e-01,7.266666666666666829e-01,2.804005722460657934e-01,2.878329157829284668e-02,5.015467442572116852e-01,0.000000000000000000e+00,2.811620332114398479e+01,3.676757644861936569e-01,6.449030395969748497e+01,7.036438815034925938e+02,1.539235513657331467e+00
4.700000000000000000e+02,3.590000000000000000e+02,5.150000000000000000e+02,9.100000000000000000e+01,1.940000000000000000e+02,4.107551487414187741e-01,7.977777777777778079e-01,2.736248236953455759e-01,2.861537784337997437e-02,4.943489767611026764e-01,0.000000000000000000e+00,2.820731196552515030e+01,3.510640226304531097e-01,6.447285941801965237e+01,7.017071144003421068e+02,1.503641251474618912e+00
4.800000000000000000e+02,3.110000000000000000e+02,4.910000000000000000e+02,1.470000000000000000e+02,2.330000000000000000e+02,3.877805486284289227e-01,6.790393013100436415e-01,3.218232044198894859e-01,2.809317409992218018e-02,4.866803120821714401e-01,0.000000000000000000e+00,1.605480923503637314e+01,3.515952602028846741e-01,5.233383698016405106e+01,7.034773571752011776e+02,1.511691857129335403e+00
4.900000000000000000e+02,3.020000000000000000e+02,4.960000000000000000e+02,1.380000000000000000e+02,2.080000000000000000e+02,3.784461152882205304e-01,6.863636363636363980e-01,2.954545454545454697e-01,2.846683748066425323e-02,5.005633085966110229e-01,0.000000000000000000e+00,2.219179799780249596e+01,3.512795884162187576e-01,5.844212329015135765e+01,7.020124608017504215e+02,1.522186005488038063e+00
5.000000000000000000e+02,3.550000000000000000e+02,4.540000000000000000e+02,1.080000000000000000e+02,2.480000000000000000e+02,4.388133498145859179e-01,7.667386609071273895e-01,3.532763532763532610e-01,2.756912261247634888e-02,4.837842453271150589e-01,0.000000000000000000e+00,1.805744457244873047e+01,3.422726914286613464e-01,5.442153343185782433e+01,7.049383467659354210e+02,1.519304053857922554e+00
5.100000000000000000e+02,3.160000000000000000e+02,5.210000000000000000e+02,1.340000000000000000e+02,1.860000000000000000e+02,3.775388291517323691e-01,7.022222222222221921e-01,2.630834512022630634e-01,2.795612439513206482e-02,4.891106747090816498e-01,0.000000000000000000e+00,1.844161692447960377e+01,3.317552432417869568e-01,5.481823817640542984e+01,7.055767222288995981e+02,1.512949807569384575e+00
5.200000000000000000e+02,3.150000000000000000e+02,4.810000000000000000e+02,1.320000000000000000e+02,2.370000000000000000e+02,3.957286432160804224e-01,7.046979865771811902e-01,3.300835654596100399e-01,2.807071059942245483e-02,4.832909926772117615e-01,0.000000000000000000e+00,1.651001038029789925e+01,3.639606088399887085e-01,5.292829504795372486e+01,7.054578969124704599e+02,1.518356112763285637e+00
5.300000000000000000e+02,3.430000000000000000e+02,5.010000000000000000e+02,1.010000000000000000e+02,2.300000000000000000e+02,4.063981042654028486e-01,7.725225225225225145e-01,3.146374829001368223e-01,2.724461257457733154e-02,4.818442836403846741e-01,0.000000000000000000e+00,2.916275966167449951e+01,3.534615281969308853e-01,6.562154078297317028e+01,7.061497542019933462e+02,1.513981778174638748e+00
5.400000000000000000e+02,3.330000000000000000e+02,5.120000000000000000e+02,1.170000000000000000e+02,1.930000000000000000e+02,3.940828402366863825e-01,7.399999999999999911e-01,2.737588652482269569e-01,2.758507803082466125e-02,4.823958184570074081e-01,0.000000000000000000e+00,2.055271990783512592e+01,3.354595098644495010e-01,5.695952479355037212e+01,7.056770548336207867e+02,1.523205405101180077e+00
5.500000000000000000e+02,3.220000000000000000e+02,4.650000000000000000e+02,1.310000000000000000e+02,2.290000000000000000e+02,4.091486658195679915e-01,7.108167770419425713e-01,3.299711815561959805e-01,2.755107358098030090e-02,4.905887898057699203e-01,0.000000000000000000e+00,1.927401642873883247e+01,3.487085364758968353e-01,5.565320473723113537e+01,7.045823655892163515e+02,1.519491394981741905e+00
5.600000000000000000e+02,3.660000000000000000e+02,5.100000000000000000e+02,1.000000000000000000e+02,1.810000000000000000e+02,4.178082191780821963e-01,7.854077253218884058e-01,2.619392185238784143e-01,2.723286114633083344e-02,4.738645683974027634e-01,0.000000000000000000e+00,2.572169093973934650e+01,3.461112044751644135e-01,6.208665444515645504e+01,7.048092404995113611e+02,1.517163360491394997e+00
5.700000000000000000e+02,3.290000000000000000e+02,5.280000000000000000e+02,1.210000000000000000e+02,1.790000000000000000e+02,3.838973162193698996e-01,7.311111111111111560e-01,2.531824611032532091e-01,2.771111764013767242e-02,4.756378605961799622e-01,0.000000000000000000e+00,2.194469197280704975e+01,3.568982146680355072e-01,5.830736657232046127e+01,7.043375328425318003e+02,1.537962099537253380e+00
5.800000000000000000e+02,3.100000000000000000e+02,5.130000000000000000e+02,1.280000000000000000e+02,1.960000000000000000e+02,3.766707168894289359e-01,7.077625570776255870e-01,2.764456981664316082e-01,2.865662984549999237e-02,4.843181930482387543e-01,0.000000000000000000e+00,2.155895152501761913e+01,3.269189875572919846e-01,5.790260859765112400e+01,7.049453654978424311e+02,1.524763893336057663e+00
5.900000000000000000e+02,3.850000000000000000e+02,4.740000000000000000e+02,8.600000000000000000e+01,2.110000000000000000e+02,4.481955762514551744e-01,8.174097664543524822e-01,3.080291970802919721e-01,2.765334770083427429e-02,4.723037183284759521e-01,0.000000000000000000e+00,1.690417520888149738e+01,3.295530546456575394e-01,5.325515627861022949e+01,7.046345197036862373e+02,1.523415951058268547e+00
6.000000000000000000e+02,3.540000000000000000e+02,5.030000000000000000e+02,1.090000000000000000e+02,1.910000000000000000e+02,4.130688448074679164e-01,7.645788336933044826e-01,2.752161383285302576e-01,2.703351527452468872e-02,4.755814485251903534e-01,0.000000000000000000e+00,1.997330980189144611e+01,3.290666397660970688e-01,5.635096791572868824e+01,7.057664502467960119e+02,1.524092707782983780e+00
6.100000000000000000e+02,3.360000000000000000e+02,5.050000000000000000e+02,1.170000000000000000e+02,1.830000000000000000e+02,3.995243757431629072e-01,7.417218543046357748e-01,2.659883720930232287e-01,2.866139449179172516e-02,4.760963264852762222e-01,0.000000000000000000e+00,1.996802614815533161e+01,3.394844811409711838e-01,5.631105709075927734e+01,7.044252544958144426e+02,1.525070728734135628e+00
6.200000000000000000e+02,3.240000000000000000e+02,4.860000000000000000e+02,1.270000000000000000e+02,2.100000000000000000e+02,4.000000000000000222e-01,7.184035476718403368e-01,3.017241379310344751e-01,2.747802250087261200e-02,4.874646067619323730e-01,0.000000000000000000e+00,1.582209449075162411e+01,3.480635564774274826e-01,5.214638576656579971e+01,7.039961847942322493e+02,1.508766083046793938e+00
6.300000000000000000e+02,3.470000000000000000e+02,4.730000000000000000e+02,1.080000000000000000e+02,2.330000000000000000e+02,4.231707317073170604e-01,7.626373626373625925e-01,3.300283286118980142e-01,2.733236923813819885e-02,4.719191621989011765e-01,0.000000000000000000e+00,2.096207695454359055e+01,3.518343623727560043e-01,5.730282538570463657e+01,7.045032511055469513e+02,1.514566246420145035e+00
6.400000000000000000e+02,3.240000000000000000e+02,4.960000000000000000e+02,1.250000000000000000e+02,1.990000000000000000e+02,3.951219512195122130e-01,7.216035634743874772e-01,2.863309352517985351e-01,2.810577861964702606e-02,4.730695355683565140e-01,0.000000000000000000e+00,1.907241519354283810e+01,3.308710474520921707e-01,5.532748069986701012e+01,7.033544730246067047e+02,1.525578871369361877e+00
6.500000000000000000e+02,3.580000000000000000e+02,5.140000000000000000e+02,1.030000000000000000e+02,1.760000000000000000e+02,4.105504587155963114e-01,7.765726681127982367e-01,2.550724637681159312e-01,2.822762541472911835e-02,4.764067679643630981e-01,0.000000000000000000e+00,1.934441870823502541e+01,3.415964003652334213e-01,5.572748586349189281e+01,7.046699030250310898e+02,1.533508885651826859e+00
6.600000000000000000e+02,3.550000000000000000e+02,5.410000000000000000e+02,1.030000000000000000e+02,1.580000000000000000e+02,3.962053571428571508e-01,7.751091703056768312e-01,2.260371959942775455e-01,2.841662801802158356e-02,5.002539418637752533e-01,0.000000000000000000e+00,1.499435751885175705e+01,3.435584940016269684e-01,5.137695913389325142e+01,7.055941324513405561e+02,1.521051136776804924e+00
6.700000000000000000e+02,3.610000000000000000e+02,5.400000000000000000e+02,9.200000000000000000e+01,1.690000000000000000e+02,4.006659267480577324e-01,7.969094922737306463e-01,2.383638928067700891e-01,2.854498848319053650e-02,5.056847091764211655e-01,0.000000000000000000e+00,2.647476674430072308e+01,3.415350243449211121e-01,6.279332407936453819e+01,7.038144347537308931e+02,1.522734813392162323e+00
6.800000000000000000e+02,3.430000000000000000e+02,5.340000000000000000e+02,1.030000000000000000e+02,1.790000000000000000e+02,3.911060433295324712e-01,7.690582959641255600e-01,2.510518934081346631e-01,2.915096469223499298e-02,5.141339581459760666e-01,0.000000000000000000e+00,2.531155592761933804e+01,3.387825153768062592e-01,6.162244508042931557e+01,7.028272968828678131e+02,1.512480542063713074e+00
6.900000000000000000e+02,3.390000000000000000e+02,5.280000000000000000e+02,1.200000000000000000e+02,1.940000000000000000e+02,3.910034602076124521e-01,7.385620915032680145e-01,2.686980609418282429e-01,2.798272110521793365e-02,5.032294634729623795e-01,0.000000000000000000e+00,2.162234414368867874e+01,3.413174040615558624e-01,5.798740533366799355e+01,7.046531893312931061e+02,1.526595754548907280e+00
7.000000000000000000e+02,3.570000000000000000e+02,5.390000000000000000e+02,9.400000000000000000e+01,1.700000000000000000e+02,3.984375000000000000e-01,7.915742793791574750e-01,2.397743300423131052e-01,2.784222923219203949e-02,4.887851141393184662e-01,0.000000000000000000e+00,2.833021620474755764e+01,3.330605532974004745e-01,6.466425327025353909e+01,7.041757222004234791e+02,1.514731487259268761e+00
7.100000000000000000e+02,3.540000000000000000e+02,5.200000000000000000e+02,1.060000000000000000e+02,1.770000000000000000e+02,4.050343249427917347e-01,7.695652173913043459e-01,2.539454806312769208e-01,2.693985030055046082e-02,4.781237915158271790e-01,0.000000000000000000e+00,1.972838174737989902e+01,3.161396961659193039e-01,5.602244600467383862e+01,7.036113855075091124e+02,1.526661431416869164e+00
7.200000000000000000e+02,3.730000000000000000e+02,5.280000000000000000e+02,8.100000000000000000e+01,1.830000000000000000e+02,4.139844617092119927e-01,8.215859030837003862e-01,2.573839662447257592e-01,3.072476200759410858e-02,4.764894153922796249e-01,0.000000000000000000e+00,2.372077565453946590e+01,3.300223797559738159e-01,6.005975812114775181e+01,7.048792244307696819e+02,1.533316683024168015e+00
7.300000000000000000e+02,3.410000000000000000e+02,5.240000000000000000e+02,1.220000000000000000e+02,1.690000000000000000e+02,3.942196531791907765e-01,7.365010799136069153e-01,2.438672438672438714e-01,2.844884991645812988e-02,4.933325871825218201e-01,0.000000000000000000e+00,1.967859674245119095e+01,3.299686033278703690e-01,5.600918634608387947e+01,7.039719227291643620e+02,1.528224993497133255e+00
7.400000000000000000e+02,3.380000000000000000e+02,5.160000000000000000e+02,1.070000000000000000e+02,1.770000000000000000e+02,3.957845433255269274e-01,7.595505617977528212e-01,2.554112554112554223e-01,3.146612457931041718e-02,4.824416302144527435e-01,0.000000000000000000e+00,2.238449744880199432e+01,3.355894051492214203e-01,5.869799100421369076e+01,7.039163128379732370e+02,1.519480049610137939e+00
7.500000000000000000e+02,3.940000000000000000e+02,5.310000000000000000e+02,8.500000000000000000e+01,1.660000000000000000e+02,4.259459459459459252e-01,8.225469728601252362e-01,2.381635581061692930e-01,2.837566472589969635e-02,4.915305562317371368e-01,0.000000000000000000e+00,1.799069827608764172e+01,3.336053676903247833e-01,5.438166462816298008e+01,7.051073105279356241e+02,1.528585605323314667e+00
7.600000000000000000e+02,3.820000000000000000e+02,5.250000000000000000e+02,8.200000000000000000e+01,1.740000000000000000e+02,4.211686879823594021e-01,8.232758620689655249e-01,2.489270386266094481e-01,2.914018742740154266e-02,4.864624738693237305e-01,0.000000000000000000e+00,2.061399547569453716e+01,3.554195202887058258e-01,5.710927476920187473e+01,7.065851242467761040e+02,1.527048952877521515e+00
7.700000000000000000e+02,3.810000000000000000e+02,4.970000000000000000e+02,8.300000000000000000e+01,1.990000000000000000e+02,4.339407744874715367e-01,8.211206896551723755e-01,2.859195402298850830e-01,2.837410755455493927e-02,4.845625367015600204e-01,0.000000000000000000e+00,1.893448619917035103e+01,3.416458629071712494e-01,5.537970776297152042e+01,7.064609111174941063e+02,1.540716929361224174e+00
7.800000000000000000e+02,3.050000000000000000e+02,5.130000000000000000e+02,1.580000000000000000e+02,1.820000000000000000e+02,3.728606356968215407e-01,6.587473002159827118e-01,2.618705035971223283e-01,2.797908335924148560e-02,4.796413872390985489e-01,0.000000000000000000e+00,1.610894369892776012e+01,3.372081201523542404e-01,5.252720976062119007e+01,7.059381440654397011e+02,1.522105306386947632e+00
7.900000000000000000e+02,3.560000000000000000e+02,5.390000000000000000e+02,9.400000000000000000e+01,1.670000000000000000e+02,3.977653631284916447e-01,7.911111111111110983e-01,2.365439093484419386e-01,2.824387513101100922e-02,4.877273365855216980e-01,0.000000000000000000e+00,1.830871666222810745e+01,3.370173200964927673e-01,5.481137225031852722e+01,7.065989673100411892e+02,1.518782945349812508e+00
8.000000000000000000e+02,3.650000000000000000e+02,4.830000000000000000e+02,9.400000000000000000e+01,2.360000000000000000e+02,4.304245283018867663e-01,7.952069716775599373e-01,3.282336578581362962e-01,2.872176468372344971e-02,4.806412477046251297e-01,0.000000000000000000e+00,1.972111298516392708e+01,3.379762992262840271e-01,5.617628139629960060e+01,7.073060068376362324e+02,1.531342878937721252e+00
8.100000000000000000e+02,3.590000000000000000e+02,5.230000000000000000e+02,9.200000000000000000e+01,1.930000000000000000e+02,4.070294784580498759e-01,7.960088691796008975e-01,2.695530726256983312e-01,2.966226451098918915e-02,4.853455536067485809e-01,0.000000000000000000e+00,2.154837021790444851e+01,3.412581533193588257e-01,5.796675496734678745e+01,7.049235720001161098e+02,1.529326822608709335e+00
8.200000000000000000e+02,3.670000000000000000e+02,5.390000000000000000e+02,7.800000000000000000e+01,1.770000000000000000e+02,4.050772626931567477e-01,8.247191011235954772e-01,2.472067039106145281e-01,2.915749885141849518e-02,4.708176627755165100e-01,0.000000000000000000e+00,2.357939976640045643e+01,3.320825472474098206e-01,5.987491433136165142e+01,7.039796337950974703e+02,1.517307259142398834e+00
8.300000000000000000e+02,3.840000000000000000e+02,5.310000000000000000e+02,8.400000000000000000e+01,1.720000000000000000e+02,4.196721311475409832e-01,8.205128205128204844e-01,2.446657183499288679e-01,2.866045944392681122e-02,4.940770026296377182e-01,0.000000000000000000e+00,1.499787403084337711e+01,3.468490224331617355e-01,5.142316904850304127e+01,7.057940546013414860e+02,1.542144391685724258e+00
8.400000000000000000e+02,3.490000000000000000e+02,5.470000000000000000e+02,1.030000000000000000e+02,1.520000000000000000e+02,3.895089285714285476e-01,7.721238938053097689e-01,2.174535050071530751e-01,2.858976088464260101e-02,4.841641541570425034e-01,0.000000000000000000e+00,1.561400622129440308e+01,3.535170312970876694e-01,5.202724146842956543e+01,7.055608092769980431e+02,1.529076088219881058e+00
8.500000000000000000e+02,3.620000000000000000e+02,5.270000000000000000e+02,8.500000000000000000e+01,1.740000000000000000e+02,4.071991001124859455e-01,8.098434004474273085e-01,2.482168330955777380e-01,2.825173176825046539e-02,4.718427639454603195e-01,0.000000000000000000e+00,1.622659746184945107e+01,3.346367683261632919e-01,5.257079565152525902e+01,7.050035056807100773e+02,1.528238572180271149e+00
8.600000000000000000e+02,3.650000000000000000e+02,5.240000000000000000e+02,1.040000000000000000e+02,1.720000000000000000e+02,4.105736782902137394e-01,7.782515991471214978e-01,2.471264367816091989e-01,2.786717191338539124e-02,4.834656585007905960e-01,0.000000000000000000e+00,1.774824509024620056e+01,3.490539621561765671e-01,5.425861519575119019e+01,7.070230989623814821e+02,1.524595579132437706e+00
8.700000000000000000e+02,3.470000000000000000e+02,5.280000000000000000e+02,9.200000000000000000e+01,1.750000000000000000e+02,3.965714285714285747e-01,7.904328018223234498e-01,2.489331436699857847e-01,2.946200408041477203e-02,4.862983152270317078e-01,0.000000000000000000e+00,1.674629281461238861e+01,3.474583923816680908e-01,5.320708880946040154e+01,7.065409518200904131e+02,1.518246524035930634e+00
8.800000000000000000e+02,3.650000000000000000e+02,5.330000000000000000e+02,8.700000000000000000e+01,1.710000000000000000e+02,4.064587973273942056e-01,8.075221238938052881e-01,2.428977272727272652e-01,2.993572317063808441e-02,5.034678746014833450e-01,0.000000000000000000e+00,1.730829993449151516e+01,3.381955903023481369e-01,5.375085744634270668e+01,7.059407806731760502e+02,1.530924392864108086e+00
8.900000000000000000e+02,3.430000000000000000e+02,5.170000000000000000e+02,1.260000000000000000e+02,1.840000000000000000e+02,3.988372093023255793e-01,7.313432835820895539e-01,2.624821683309557785e-01,3.046636655926704407e-02,5.075272955000400543e-01,0.000000000000000000e+00,1.466070587374269962e+01,3.423583917319774628e-01,5.114760151132941246e+01,7.069656246360391378e+02,1.527207817882299423e+00
9.000000000000000000e+02,3.700000000000000000e+02,5.380000000000000000e+02,8.300000000000000000e+01,1.640000000000000000e+02,4.074889867841409719e-01,8.167770419426048090e-01,2.336182336182336117e-01,2.737524360418319702e-02,4.824669938534498215e-01,0.000000000000000000e+00,1.821777662634849548e+01,3.306373450905084610e-01,5.460748212598264217e+01,7.056427327338606119e+02,1.533774040639400482e+00
9.100000000000000000e+02,3.630000000000000000e+02,5.430000000000000000e+02,1.060000000000000000e+02,1.620000000000000000e+02,4.006622516556291314e-01,7.739872068230276847e-01,2.297872340425531901e-01,3.293823078274726868e-02,5.091951433569192886e-01,0.000000000000000000e+00,1.778969971090555191e+01,3.501801043748855591e-01,5.426503658480942249e+01,7.058569143414497375e+02,1.530090644955635071e+00
9.200000000000000000e+02,3.680000000000000000e+02,5.340000000000000000e+02,7.400000000000000000e+01,1.740000000000000000e+02,4.079822616407982050e-01,8.325791855203620306e-01,2.457627118644067910e-01,2.890018932521343231e-02,5.144650954753160477e-01,0.000000000000000000e+00,1.924720590934157372e+01,3.514778744429349899e-01,5.570019427686929703e+01,7.061381641831248999e+02,1.526018725708127022e+00
9.300000000000000000e+02,3.820000000000000000e+02,5.570000000000000000e+02,7.700000000000000000e+01,1.470000000000000000e+02,4.068157614483493001e-01,8.322440087145969168e-01,2.088068181818181768e-01,2.789505571126937866e-02,4.795641656965017319e-01,0.000000000000000000e+00,2.215899006277322769e+01,3.377927374094724655e-01,5.851016210764646530e+01,7.043472666162997484e+02,1.528535753488540649e+00
9.400000000000000000e+02,3.730000000000000000e+02,5.330000000000000000e+02,7.700000000000000000e+01,1.680000000000000000e+02,4.116997792494481168e-01,8.288888888888888973e-01,2.396576319543509137e-01,2.733407542109489441e-02,4.893037863075733185e-01,0.000000000000000000e+00,1.588106929510831833e+01,3.240678757429122925e-01,5.219543032720685005e+01,7.040526867993175983e+02,1.528146691620349884e+00
9.500000000000000000e+02,3.560000000000000000e+02,5.260000000000000000e+02,1.130000000000000000e+02,1.670000000000000000e+02,4.036281179138321851e-01,7.590618336886993944e-01,2.409812409812409906e-01,2.744825929403305054e-02,4.982818458229303360e-01,0.000000000000000000e+00,2.010854999907314777e+01,3.228965569287538528e-01,5.648927302286028862e+01,7.044722755700349808e+02,1.540182260796427727e+00
9.600000000000000000e+02,3.710000000000000000e+02,5.340000000000000000e+02,8.600000000000000000e+01,1.600000000000000000e+02,4.099447513812154442e-01,8.118161925601750095e-01,2.305475504322766489e-01,2.896276302635669708e-02,4.997115787118673325e-01,0.000000000000000000e+00,1.852691072784364223e+01,3.131000287830829620e-01,5.487355297245085239e+01,7.053062212131917477e+02,1.525612924247980118e+00
9.700000000000000000e+02,3.710000000000000000e+02,5.590000000000000000e+02,8.500000000000000000e+01,1.470000000000000000e+02,3.989247311827956999e-01,8.135964912280702066e-01,2.082152974504249410e-01,3.131309151649475098e-02,5.310031268745660782e-01,0.000000000000000000e+00,2.245177835412323475e+01,3.414781987667083740e-01,5.887866250984370708e+01,7.050156330019235611e+02,1.532770844176411629e+00
9.800000000000000000e+02,3.950000000000000000e+02,5.640000000000000000e+02,6.900000000000000000e+01,1.320000000000000000e+02,4.118873826903023949e-01,8.512931034482759118e-01,1.896551724137930939e-01,2.964139170944690704e-02,4.963278435170650482e-01,0.000000000000000000e+00,1.888844060339033604e+01,3.343581017106771469e-01,5.525898654758930206e+01,7.045677275210618973e+02,1.526814872398972511e+00
9.900000000000000000e+02,3.680000000000000000e+02,5.340000000000000000e+02,8.500000000000000000e+01,1.870000000000000000e+02,4.079822616407982050e-01,8.123620309050773036e-01,2.593619972260748918e-01,2.889548428356647491e-02,5.051710009574890137e-01,0.000000000000000000e+00,2.119067069515585899e+01,3.533475734293460846e-01,5.754819161631166935e+01,7.041433170996606350e+02,1.525836829096078873e+00
1.000000000000000000e+03,3.340000000000000000e+02,5.260000000000000000e+02,1.060000000000000000e+02,1.760000000000000000e+02,3.883720930232558155e-01,7.590909090909090384e-01,2.507122507122507282e-01,3.346175514161586761e-02,5.117324199527502060e-01,0.000000000000000000e+00,1.021902822144329548e+01,3.408507127314805984e-01,4.662494808621704578e+01,7.048096698950976133e+02,1.531955499202013016e+00
1.010000000000000000e+03,3.810000000000000000e+02,5.590000000000000000e+02,7.400000000000000000e+01,1.560000000000000000e+02,4.053191489361702149e-01,8.373626373626373853e-01,2.181818181818181712e-01,2.827073447406291962e-02,5.186703037470579147e-01,0.000000000000000000e+00,1.239653884805738926e+01,3.532459009438753128e-01,4.885789598524570465e+01,7.053717054352164268e+02,1.532282687723636627e+00
1.020000000000000000e+03,3.690000000000000000e+02,5.470000000000000000e+02,8.400000000000000000e+01,1.630000000000000000e+02,4.028384279475982765e-01,8.145695364238411118e-01,2.295774647887323938e-01,2.776902914047241211e-02,5.214264653623104095e-01,0.000000000000000000e+00,1.594840713776648045e+01,3.529625013470649719e-01,5.236400103755295277e+01,7.051152044981718063e+02,1.530593421310186386e+00
1.030000000000000000e+03,3.830000000000000000e+02,5.450000000000000000e+02,6.800000000000000000e+01,1.630000000000000000e+02,4.127155172413793371e-01,8.492239467849224122e-01,2.302259887005649597e-01,3.001437149941921234e-02,5.266076009720563889e-01,0.000000000000000000e+00,2.143101957067847252e+01,3.452325835824012756e-01,5.794778351485729218e+01,7.063215764258056879e+02,1.521363018080592155e+00
1.040000000000000000e+03,3.490000000000000000e+02,5.350000000000000000e+02,1.100000000000000000e+02,1.560000000000000000e+02,3.947963800904977227e-01,7.603485838779956429e-01,2.257597684515195435e-01,2.867150492966175079e-02,5.181022714823484421e-01,0.000000000000000000e+00,1.460558241605758667e+01,3.367357663810253143e-01,5.111692301742732525e+01,7.069752828534692526e+02,1.550262819975614548e+00
1.050000000000000000e+03,3.540000000000000000e+02,5.340000000000000000e+02,9.800000000000000000e+01,1.850000000000000000e+02,3.986486486486486291e-01,7.831858407079645978e-01,2.573018080667593965e-01,2.836474776268005371e-02,4.970148447901010513e-01,0.000000000000000000e+00,1.670667412877082825e+01,3.326643388718366623e-01,5.321709137409925461e+01,7.071083831787109375e+02,1.532092781737446785e+00
1.060000000000000000e+03,3.840000000000000000e+02,5.420000000000000000e+02,7.700000000000000000e+01,1.610000000000000000e+02,4.146868250539956779e-01,8.329718004338394488e-01,2.290184921763869230e-01,2.787675894796848297e-02,5.031745433807373047e-01,0.000000000000000000e+00,1.537598600797355175e+01,3.352546244859695435e-01,5.186663670651614666e+01,7.067773547749966383e+02,1.534250788390636444e+00
1.070000000000000000e+03,3.730000000000000000e+02,5.360000000000000000e+02,8.500000000000000000e+01,1.690000000000000000e+02,4.103410341034103292e-01,8.144104803493449340e-01,2.397163120567376016e-01,2.819412946701049805e-02,5.041655208915472031e-01,0.000000000000000000e+00,1.567548528127372265e+01,3.333556577563285828e-01,5.212127763032913208e+01,7.055551294256001711e+02,1.527661539614200592e+00
1.080000000000000000e+03,3.690000000000000000e+02,5.340000000000000000e+02,8.200000000000000000e+01,1.550000000000000000e+02,4.086378737541528361e-01,8.181818181818182323e-01,2.249637155297532776e-01,2.882624045014381409e-02,5.090493764728307724e-01,0.000000000000000000e+00,1.638029460050165653e+01,3.443759549409151077e-01,5.281067612953484058e+01,7.054404575731605291e+02,1.528477247804403305e+00
1.090000000000000000e+03,3.680000000000000000e+02,5.270000000000000000e+02,8.600000000000000000e+01,1.750000000000000000e+02,4.111731843575419099e-01,8.105726872246695747e-01,2.492877492877492995e-01,2.811130136251449585e-02,5.260333903133869171e-01,0.000000000000000000e+00,1.553086747601628304e+01,3.419494498521089554e-01,5.196286907047033310e+01,7.055543571282178164e+02,1.579184670001268387e+00
1.100000000000000000e+03,3.750000000000000000e+02,5.360000000000000000e+02,8.200000000000000000e+01,1.770000000000000000e+02,4.116355653128430103e-01,8.205689277899343992e-01,2.482468443197755892e-01,2.864897623658180237e-02,4.996295813471078873e-01,0.000000000000000000e+00,2.341943658143281937e+01,3.559407461434602737e-01,5.988094487972557545e+01,7.061521187219768763e+02,1.527552478015422821e+00
1.110000000000000000e+03,3.650000000000000000e+02,5.640000000000000000e+02,8.800000000000000000e+01,1.410000000000000000e+02,3.928955866523143325e-01,8.057395143487858791e-01,2.000000000000000111e-01,2.945821546018123627e-02,5.064178593456745148e-01,0.000000000000000000e+00,1.541637990064918995e+01,3.519224226474761963e-01,5.182696638070046902e+01,7.053648052923381329e+02,1.522928852587938309e+00
1.120000000000000000e+03,3.570000000000000000e+02,5.140000000000000000e+02,9.300000000000000000e+01,1.800000000000000000e+02,4.098737083811710424e-01,7.933333333333333348e-01,2.593659942363112370e-01,2.996338345110416412e-02,5.118148420006036758e-01,0.000000000000000000e+00,1.702385872043669224e+01,3.520966246724128723e-01,5.345846014469861984e+01,7.057677621282637119e+02,1.515393409878015518e+00
1.130000000000000000e+03,3.710000000000000000e+02,5.600000000000000000e+02,7.100000000000000000e+01,1.410000000000000000e+02,3.984962406015037373e-01,8.393665158371040880e-01,2.011412268188302321e-01,2.858562208712100983e-02,4.936793558299541473e-01,0.000000000000000000e+00,1.759360978007316589e+01,3.395895361900329590e-01,5.405044837296009064e+01,7.065845847502350807e+02,1.525960315018892288e+00
1.140000000000000000e+03,3.820000000000000000e+02,5.520000000000000000e+02,7.800000000000000000e+01,1.420000000000000000e+02,4.089935760171306001e-01,8.304347826086956319e-01,2.046109510086455419e-01,2.955324016511440277e-02,5.159004945307970047e-01,0.000000000000000000e+00,1.809629276953637600e+01,3.351506888866424561e-01,5.456431040167808533e+01,7.056744564343243837e+02,1.527707332745194435e+00
1.150000000000000000e+03,3.850000000000000000e+02,5.440000000000000000e+02,8.000000000000000000e+01,1.510000000000000000e+02,4.144241119483315638e-01,8.279569892473118697e-01,2.172661870503597159e-01,3.064593859016895294e-02,5.149535331875085831e-01,0.000000000000000000e+00,1.397046079672873020e+01,3.389094248414039612e-01,5.035148357972502708e+01,7.036119699664413929e+02,1.527335315942764282e+00
1.160000000000000000e+03,3.830000000000000000e+02,5.410000000000000000e+02,6.000000000000000000e+01,1.640000000000000000e+02,4.145021645021644829e-01,8.645598194130925673e-01,2.326241134751773076e-01,3.124694526195526123e-02,5.189425759017467499e-01,0.000000000000000000e+00,2.515431130118668079e+01,3.366593662649393082e-01,6.157584935054183006e+01,7.059067644476890564e+02,1.527802657335996628e+00
1.170000000000000000e+03,3.840000000000000000e+02,5.680000000000000000e+02,6.500000000000000000e+01,1.310000000000000000e+02,4.033613445378151363e-01,8.552338530066815325e-01,1.874105865522174563e-01,2.995437569916248322e-02,5.227164346724748611e-01,0.000000000000000000e+00,1.408137937821447849e+01,3.482321407645940781e-01,5.056173625960946083e+01,7.057815363071858883e+02,1.521797018125653267e+00
1.180000000000000000e+03,3.520000000000000000e+02,5.480000000000000000e+02,9.100000000000000000e+01,1.500000000000000000e+02,3.911111111111111316e-01,7.945823927765236494e-01,2.148997134670486975e-01,2.873203344643115997e-02,5.117753874510526657e-01,0.000000000000000000e+00,1.676523030549287796e+01,3.377641849219799042e-01,5.309200837463140488e+01,7.034049610681831837e+02,1.514777977019548416e+00
1.190000000000000000e+03,3.820000000000000000e+02,5.690000000000000000e+02,7.600000000000000000e+01,1.350000000000000000e+02,4.016824395373291279e-01,8.340611353711789855e-01,1.917613636363636465e-01,3.078402392566204071e-02,5.109753832221031189e-01,0.000000000000000000e+00,1.333178287558257580e+01,3.384153917431831360e-01,4.965271176956593990e+01,7.034133900105953217e+02,1.526997985318303108e+00
1.200000000000000000e+03,3.720000000000000000e+02,5.090000000000000000e+02,8.000000000000000000e+01,1.830000000000000000e+02,4.222474460839954480e-01,8.230088495575220708e-01,2.644508670520231419e-01,2.950046584010124207e-02,5.094931367784738541e-01,0.000000000000000000e+00,9.724059209227561951e+00,3.328386135399341583e-01,4.609220864251255989e+01,7.044809817988425493e+02,1.532973721623420715e+00
1.210000000000000000e+03,3.610000000000000000e+02,5.570000000000000000e+02,9.000000000000000000e+01,1.580000000000000000e+02,3.932461873638344318e-01,8.004434589800443201e-01,2.209790209790209736e-01,2.818669937551021576e-02,5.059300363063812256e-01,0.000000000000000000e+00,1.313501758687198162e+01,3.397262562066316605e-01,4.957158851251006126e+01,7.061051286049187183e+02,1.534762084484100342e+00
1.220000000000000000e+03,3.820000000000000000e+02,5.910000000000000000e+02,7.300000000000000000e+01,1.270000000000000000e+02,3.926002055498458154e-01,8.395604395604395753e-01,1.768802228412256206e-01,2.851457893848419189e-02,5.238904356956481934e-01,0.000000000000000000e+00,2.423748357966542244e+01,3.584772758185863495e-01,6.069613207131624222e+01,7.057483055368065834e+02,1.529775377362966537e+00
1.230000000000000000e+03,3.950000000000000000e+02,5.530000000000000000e+02,5.400000000000000000e+01,1.520000000000000000e+02,4.166666666666666852e-01,8.797327394209354390e-01,2.156028368794326300e-01,2.821191586554050446e-02,5.077120587229728699e-01,0.000000000000000000e+00,1.851366261951625347e+01,3.274754025042057037e-01,5.485260969586670399e+01,7.039309739246964455e+02,1.516986832022666931e+00
1.240000000000000000e+03,3.770000000000000000e+02,5.680000000000000000e+02,7.500000000000000000e+01,1.560000000000000000e+02,3.989417989417989308e-01,8.340707964601770108e-01,2.154696132596685132e-01,2.942451089620590210e-02,5.248647853732109070e-01,0.000000000000000000e+00,2.327892802841961384e+01,3.387379199266433716e-01,5.969574660062789917e+01,7.047625095061957836e+02,1.539291342720389366e+00
1.250000000000000000e+03,3.750000000000000000e+02,5.480000000000000000e+02,9.000000000000000000e+01,1.460000000000000000e+02,4.062838569880823369e-01,8.064516129032257563e-01,2.103746397694524484e-01,2.965791150927543640e-02,5.186583735048770905e-01,0.000000000000000000e+00,1.701492661982774734e+01,3.390153087675571442e-01,5.338458887673914433e+01,7.042748254109174013e+02,1.528398307040333748e+00
1.260000000000000000e+03,3.540000000000000000e+02,5.780000000000000000e+02,8.000000000000000000e+01,1.390000000000000000e+02,3.798283261802575250e-01,8.156682027649769795e-01,1.938633193863319448e-01,2.754812315106391907e-02,5.342381577938795090e-01,0.000000000000000000e+00,2.508944753743708134e+01,3.298859242349863052e-01,6.119975800067186356e+01,7.002142239809036255e+02,1.511694548651576042e+00
1.270000000000000000e+03,4.100000000000000000e+02,5.810000000000000000e+02,6.000000000000000000e+01,1.170000000000000000e+02,4.137235116044399863e-01,8.723404255319149314e-01,1.676217765042979924e-01,2.791319787502288818e-02,5.127578657120466232e-01,0.000000000000000000e+00,1.446532985568046570e+01,3.325243908911943436e-01,5.052187213487923145e+01,6.983829252738505602e+02,1.508966261520981789e+00
1.280000000000000000e+03,3.660000000000000000e+02,5.650000000000000000e+02,6.900000000000000000e+01,1.550000000000000000e+02,3.931256713211600529e-01,8.413793103448276023e-01,2.152777777777777901e-01,2.745749615132808685e-02,5.275005567818880081e-01,0.000000000000000000e+00,1.753469334729015827e+01,3.363128490746021271e-01,5.352198188006877899e+01,6.967302559595555067e+02,1.498050199821591377e+00
1.290000000000000000e+03,3.750000000000000000e+02,5.250000000000000000e+02,8.600000000000000000e+01,1.720000000000000000e+02,4.166666666666666852e-01,8.134490238611713497e-01,2.467718794835007112e-01,3.027685917913913727e-02,5.337861720472574234e-01,0.000000000000000000e+00,1.560091400146484375e+01,3.446681685745716095e-01,5.165758450515568256e+01,6.975354124084115028e+02,1.515435244888067245e+00
1.300000000000000000e+03,3.610000000000000000e+02,5.490000000000000000e+02,1.030000000000000000e+02,1.480000000000000000e+02,3.967032967032966817e-01,7.780172413793103869e-01,2.123385939741750383e-01,2.792048081755638123e-02,5.087577234953641891e-01,0.000000000000000000e+00,1.062314751371741295e+01,3.408344071358442307e-01,4.642453219369053841e+01,6.939317485317587852e+02,1.509605396538972855e+00
1.310000000000000000e+03,3.630000000000000000e+02,5.560000000000000000e+02,7.000000000000000000e+01,1.560000000000000000e+02,3.949945593035908420e-01,8.383371824480368995e-01,2.191011235955056258e-01,2.715485915541648865e-02,4.988229665905237198e-01,0.000000000000000000e+00,1.223440639860928059e+01,3.476070705801248550e-01,4.806557706557214260e+01,6.926815639119595289e+02,1.504243537783622742e+00
1.320000000000000000e+03,3.900000000000000000e+02,5.350000000000000000e+02,7.600000000000000000e+01,1.690000000000000000e+02,4.216216216216216450e-01,8.369098712446352284e-01,2.400568181818181768e-01,2.987528033554553986e-02,4.966604020446538925e-01,0.000000000000000000e+00,1.748314403928816319e+01,3.167538885027170181e-01,5.342827391624450684e+01,6.960161759573966265e+02,1.509559227153658867e+00
1.330000000000000000e+03,3.870000000000000000e+02,5.320000000000000000e+02,7.200000000000000000e+01,1.590000000000000000e+02,4.211099020674646254e-01,8.431372549019607865e-01,2.301013024602026058e-01,2.679259702563285828e-02,4.769123718142509460e-01,0.000000000000000000e+00,1.484590278007090092e+01,3.140791952610015869e-01,5.077363857254385948e+01,6.968725784365087748e+02,1.512848222628235817e+00
1.340000000000000000e+03,4.230000000000000000e+02,5.380000000000000000e+02,5.100000000000000000e+01,1.480000000000000000e+02,4.401664932362122640e-01,8.924050632911392222e-01,2.157434402332361612e-01,2.866294607520103455e-02,5.127353500574827194e-01,0.000000000000000000e+00,1.941671503521502018e+01,3.459144532680511475e-01,5.541508422978222370e+01,6.961869308315217495e+02,1.500939182937145233e+00
1.350000000000000000e+03,3.790000000000000000e+02,5.400000000000000000e+02,7.200000000000000000e+01,1.610000000000000000e+02,4.124047878128400679e-01,8.403547671840354560e-01,2.296718972895863131e-01,2.955319173634052277e-02,5.295684430748224258e-01,0.000000000000000000e+00,1.090842344798147678e+01,4.001763630658388138e-01,4.695931206084787846e+01,6.958201016429811716e+02,1.502543028444051743e+00
1.360000000000000000e+03,3.900000000000000000e+02,5.530000000000000000e+02,6.800000000000000000e+01,1.430000000000000000e+02,4.135737009544008247e-01,8.515283842794759694e-01,2.054597701149425415e-01,2.829735726118087769e-02,5.251996051520109177e-01,0.000000000000000000e+00,1.097744137793779373e+01,3.253396917134523392e-01,4.691930232197046280e+01,6.957743312790989876e+02,1.507436992600560188e+00
1.370000000000000000e+03,3.620000000000000000e+02,5.280000000000000000e+02,9.200000000000000000e+01,1.730000000000000000e+02,4.067415730337078927e-01,7.973568281938325786e-01,2.467902995720399340e-01,2.915980480611324310e-02,4.981005229055881500e-01,0.000000000000000000e+00,1.285479747131466866e+01,3.539715707302093506e-01,4.885311355628073215e+01,6.973771844152361155e+02,1.525464864447712898e+00
1.380000000000000000e+03,3.940000000000000000e+02,5.440000000000000000e+02,6.700000000000000000e+01,1.700000000000000000e+02,4.200426439232409215e-01,8.546637744034707440e-01,2.380952380952380820e-01,2.942523919045925140e-02,5.097958426922559738e-01,0.000000000000000000e+00,1.412727689370512962e+01,3.763270601630210876e-01,5.016128267161548138e+01,6.964098718333989382e+02,1.515863010659813881e+00
1.390000000000000000e+03,3.620000000000000000e+02,5.610000000000000000e+02,8.500000000000000000e+01,1.570000000000000000e+02,3.921993499458288346e-01,8.098434004474273085e-01,2.186629526462395556e-01,2.846433594822883606e-02,4.909687172621488571e-01,0.000000000000000000e+00,1.516673438623547554e+01,3.402910567820072174e-01,5.109305498562753201e+01,6.953535646945238113e+02,1.513077095150947571e+00
1.400000000000000000e+03,3.910000000000000000e+02,5.280000000000000000e+02,7.500000000000000000e+01,1.620000000000000000e+02,4.254624591947769319e-01,8.390557939914162766e-01,2.347826086956521785e-01,2.803191542625427246e-02,4.909584447741508484e-01,0.000000000000000000e+00,1.222576491348445415e+01,3.596415612846612930e-01,4.814572721906006336e+01,6.956565297991037369e+02,1.481920359656214714e+00
1.410000000000000000e+03,3.620000000000000000e+02,5.660000000000000000e+02,9.300000000000000000e+01,1.480000000000000000e+02,3.900862068965517127e-01,7.956043956043955534e-01,2.072829131652661194e-01,2.699419483542442322e-02,4.850983321666717529e-01,0.000000000000000000e+00,1.437187044881284237e+01,3.344269096851348877e-01,5.038351413048803806e+01,6.980950545556843281e+02,1.510587457567453384e+00
1.420000000000000000e+03,3.680000000000000000e+02,5.560000000000000000e+02,7.500000000000000000e+01,1.490000000000000000e+02,3.982683982683982715e-01,8.306997742663656537e-01,2.113475177304964536e-01,2.752645127475261688e-02,4.904116392135620117e-01,0.000000000000000000e+00,1.273997921682894230e+01,3.371394779533147812e-01,4.879996379464864731e+01,6.987285103984177113e+02,1.515088425949215889e+00
1.430000000000000000e+03,3.390000000000000000e+02,5.330000000000000000e+02,9.200000000000000000e+01,1.850000000000000000e+02,3.887614678899082299e-01,7.865429234338746634e-01,2.576601671309192154e-01,2.781704440712928772e-02,5.070922803133726120e-01,0.000000000000000000e+00,1.199131522700190544e+01,3.421444632112979889e-01,4.806091089174151421e+01,6.989914320744574070e+02,1.505326809361577034e+00
1.440000000000000000e+03,3.830000000000000000e+02,5.940000000000000000e+02,6.800000000000000000e+01,1.130000000000000000e+02,3.920163766632548397e-01,8.492239467849224122e-01,1.598302687411598255e-01,2.953078784048557281e-02,4.963369872421026230e-01,0.000000000000000000e+00,1.521639717556536198e+01,3.226168621331453323e-01,5.121553664281964302e+01,6.972278964836150408e+02,1.502479402348399162e+00
1.450000000000000000e+03,3.850000000000000000e+02,5.570000000000000000e+02,7.700000000000000000e+01,1.340000000000000000e+02,4.087048832271762411e-01,8.333333333333333703e-01,1.939218523878437073e-01,2.781189233064651489e-02,4.840341918170452118e-01,0.000000000000000000e+00,1.312601142749190331e+01,3.374429587274789810e-01,4.918436823971569538e+01,6.983372063506394625e+02,1.506870981305837631e+00
1.460000000000000000e+03,3.610000000000000000e+02,5.650000000000000000e+02,8.400000000000000000e+01,1.380000000000000000e+02,3.898488120950324154e-01,8.112359550561797361e-01,1.963015647226173666e-01,2.763444185256958008e-02,5.027171391993761063e-01,0.000000000000000000e+00,9.179126145318150520e+00,3.223536312580108643e-01,4.670423960499465466e+01,7.370344384945929050e+02,1.593766799196600914e+00
1.470000000000000000e+03,3.740000000000000000e+02,5.560000000000000000e+02,9.300000000000000000e+01,1.380000000000000000e+02,4.021505376344086113e-01,8.008565310492505862e-01,1.988472622478386076e-01,2.697065472602844238e-02,5.096329171210527420e-01,0.000000000000000000e+00,1.542747129127383232e+01,3.209187258034944534e-01,5.142565949819982052e+01,6.969613185320049524e+02,1.509942801669239998e+00
1.480000000000000000e+03,3.700000000000000000e+02,5.870000000000000000e+02,6.700000000000000000e+01,1.330000000000000000e+02,3.866248693834900552e-01,8.466819221967963882e-01,1.847222222222222321e-01,2.801075764000415802e-02,5.191642846912145615e-01,0.000000000000000000e+00,1.564268915355205536e+01,3.417981900274753571e-01,5.162713897973299026e+01,6.976605402082204819e+02,1.496345736086368561e+00
1.490000000000000000e+03,3.470000000000000000e+02,5.630000000000000000e+02,9.900000000000000000e+01,1.660000000000000000e+02,3.813186813186812962e-01,7.780269058295964379e-01,2.277091906721536441e-01,2.744910493493080139e-02,4.934262819588184357e-01,0.000000000000000000e+00,1.184910972416400909e+01,3.516413997858762741e-01,4.806502622738480568e+01,6.935106943044811487e+02,1.498266519978642464e+00
1.500000000000000000e+03,4.150000000000000000e+02,5.510000000000000000e+02,5.500000000000000000e+01,1.360000000000000000e+02,4.296066252587991685e-01,8.829787234042553168e-01,1.979621542940320222e-01,3.090828843414783478e-02,5.173776391893625259e-01,0.000000000000000000e+00,1.809252159297466278e+01,3.454858846962451935e-01,5.684606589563190937e+01,7.515017587523907423e+02,1.626864004880189896e+00
1.510000000000000000e+03,3.700000000000000000e+02,5.700000000000000000e+02,7.700000000000000000e+01,1.380000000000000000e+02,3.936170212765957577e-01,8.277404921700223239e-01,1.949152542372881436e-01,2.952037006616592407e-02,5.280117336660623550e-01,0.000000000000000000e+00,1.428846654668450356e+01,3.678445778787136078e-01,5.299991251900792122e+01,7.504513936191797256e+02,1.628488549962639809e+00
1.520000000000000000e+03,3.710000000000000000e+02,5.650000000000000000e+02,9.400000000000000000e+01,1.320000000000000000e+02,3.963675213675213471e-01,7.978494623655913998e-01,1.893830703012912564e-01,2.932510897517204285e-02,5.090072453022003174e-01,0.000000000000000000e+00,1.535174125060439110e+01,3.727958053350448608e-01,5.385047961585223675e+01,7.480359082203358412e+02,1.618435708805918694e+00
1.530000000000000000e+03,3.990000000000000000e+02,5.520000000000000000e+02,6.400000000000000000e+01,1.440000000000000000e+02,4.195583596214511046e-01,8.617710583153347370e-01,2.068965517241379282e-01,3.203339129686355591e-02,5.170956291258335114e-01,0.000000000000000000e+00,1.459057180583477020e+01,3.679466713219881058e-01,5.322110686078667641e+01,7.482826620209962130e+02,1.629979452118277550e+00
1.540000000000000000e+03,3.950000000000000000e+02,5.540000000000000000e+02,7.000000000000000000e+01,1.380000000000000000e+02,4.162276080084299501e-01,8.494623655913978721e-01,1.994219653179190865e-01,2.904585190117359161e-02,5.064043924212455750e-01,0.000000000000000000e+00,1.202684037759900093e+01,3.432367257773876190e-01,5.101767615228891373e+01,7.535089024677872658e+02,1.635011661797761917e+00
1.550000000000000000e+03,3.810000000000000000e+02,5.880000000000000000e+02,6.700000000000000000e+01,1.290000000000000000e+02,3.931888544891640747e-01,8.504464285714286031e-01,1.799163179916317967e-01,3.112966381013393402e-02,5.227661915123462677e-01,0.000000000000000000e+00,1.442688717506825924e+01,3.499336782842874527e-01,5.284165336005389690e+01,7.402622163295745850e+02,1.607541885226964951e+00
1.560000000000000000e+03,3.570000000000000000e+02,5.570000000000000000e+02,9.600000000000000000e+01,1.470000000000000000e+02,3.905908096280087394e-01,7.880794701986755246e-01,2.088068181818181768e-01,3.006385639309883118e-02,5.127144660800695419e-01,0.000000000000000000e+00,1.493382425978779793e+01,3.762624002993106842e-01,5.357358603924512863e+01,7.465974049475044012e+02,1.639438748359680176e+00
1.570000000000000000e+03,3.990000000000000000e+02,5.550000000000000000e+02,6.100000000000000000e+01,1.530000000000000000e+02,4.182389937106918421e-01,8.673913043478260754e-01,2.161016949152542443e-01,2.916419506072998047e-02,5.102498345077037811e-01,0.000000000000000000e+00,1.834620333835482597e+01,3.632795084267854691e-01,5.700038556382060051e+01,7.491644195392727852e+02,1.623671865090727806e+00
1.580000000000000000e+03,4.120000000000000000e+02,5.680000000000000000e+02,5.900000000000000000e+01,1.180000000000000000e+02,4.204081632653061118e-01,8.747346072186836796e-01,1.720116618075801795e-01,3.034235350787639618e-02,4.980238378047943115e-01,0.000000000000000000e+00,9.880171561613678932e+00,3.617828059941530228e-01,4.847074962593615055e+01,7.488201649095863104e+02,1.635285886004567146e+00
1.590000000000000000e+03,3.770000000000000000e+02,5.490000000000000000e+02,6.600000000000000000e+01,1.530000000000000000e+02,4.071274298056155594e-01,8.510158013544018019e-01,2.179487179487179516e-01,2.891473844647407532e-02,4.931256733834743500e-01,0.000000000000000000e+00,1.553775857202708721e+01,3.643060997128486633e-01,5.406938779167830944e+01,7.507444089837372303e+02,1.619973320513963699e+00
1.600000000000000000e+03,3.680000000000000000e+02,5.680000000000000000e+02,7.800000000000000000e+01,1.530000000000000000e+02,3.931623931623931534e-01,8.251121076233184359e-01,2.122052704576976312e-01,2.968067862093448639e-02,5.158968847244977951e-01,0.000000000000000000e+00,1.222108180634677410e+01,3.786984458565711975e-01,5.096232845447957516e+01,7.493748823478817940e+02,1.644565826281905174e+00
1.610000000000000000e+03,3.790000000000000000e+02,5.750000000000000000e+02,7.400000000000000000e+01,1.180000000000000000e+02,3.972746331236897133e-01,8.366445916114790826e-01,1.702741702741702723e-01,2.852936647832393646e-02,4.995279349386692047e-01,0.000000000000000000e+00,1.644194905087351799e+01,3.521280959248542786e-01,5.506907864846289158e+01,7.526776121016591787e+02,1.639713641256093979e+00
1.620000000000000000e+03,3.810000000000000000e+02,5.960000000000000000e+02,5.900000000000000000e+01,1.230000000000000000e+02,3.899692937563971618e-01,8.659090909090909616e-01,1.710709318497913856e-01,2.917690947651863098e-02,5.175185743719339371e-01,0.000000000000000000e+00,1.565892053581774235e+01,3.594895210117101669e-01,5.429269262030720711e+01,7.477729950286448002e+02,1.641406226903200150e+00
1.630000000000000000e+03,4.250000000000000000e+02,5.630000000000000000e+02,4.800000000000000000e+01,1.360000000000000000e+02,4.301619433198380360e-01,8.985200845665961555e-01,1.945636623748211724e-01,3.418061137199401855e-02,5.159752536565065384e-01,0.000000000000000000e+00,2.016036430560052395e+01,4.776234850287437439e-01,5.933368897065520287e+01,7.534159948285669088e+02,1.633041439577937126e+00
1.640000000000000000e+03,3.780000000000000000e+02,5.560000000000000000e+02,6.100000000000000000e+01,1.520000000000000000e+02,4.047109207708779466e-01,8.610478359908884105e-01,2.146892655367231562e-01,3.002550266683101654e-02,5.189198777079582214e-01,0.000000000000000000e+00,1.439456288702785969e+01,3.644213117659091949e-01,5.290972500108182430e+01,7.416968296244740486e+02,1.629035158082842827e+00
1.650000000000000000e+03,3.680000000000000000e+02,5.680000000000000000e+02,9.600000000000000000e+01,1.370000000000000000e+02,3.931623931623931534e-01,7.931034482758620996e-01,1.943262411347517760e-01,2.856437116861343384e-02,5.224229730665683746e-01,0.000000000000000000e+00,1.191294396668672562e+01,3.797943759709596634e-01,5.060130761750042439e+01,7.476098866127431393e+02,1.624077029526233673e+00
1.660000000000000000e+03,3.940000000000000000e+02,5.860000000000000000e+02,5.800000000000000000e+01,1.260000000000000000e+02,4.020408163265306034e-01,8.716814159292035624e-01,1.769662921348314488e-01,2.875713445246219635e-02,5.123992133885622025e-01,0.000000000000000000e+00,1.218790686689317226e+01,3.709676396101713181e-01,5.087201145105063915e+01,7.501780551951378584e+02,1.633111350238323212e+00
1.670000000000000000e+03,4.000000000000000000e+02,5.550000000000000000e+02,6.200000000000000000e+01,1.370000000000000000e+02,4.188481675392670134e-01,8.658008658008657932e-01,1.979768786127167612e-01,3.044737316668033600e-02,4.965982120484113693e-01,0.000000000000000000e+00,1.167987244762480259e+01,3.597097694873809814e-01,5.044483043998479843e+01,7.516721141636371613e+02,1.625432867556810379e+00
1.680000000000000000e+03,3.950000000000000000e+02,5.690000000000000000e+02,4.800000000000000000e+01,1.410000000000000000e+02,4.097510373443983278e-01,8.916478555304739873e-01,1.985915492957746609e-01,3.018239140510559082e-02,4.974642209708690643e-01,0.000000000000000000e+00,1.642715194821357727e+01,3.529834747314453125e-01,5.486113419011235237e+01,7.485446071662008762e+02,1.634329244494438171e+00
1.690000000000000000e+03,3.920000000000000000e+02,5.620000000000000000e+02,6.500000000000000000e+01,1.370000000000000000e+02,4.109014675052410914e-01,8.577680525164114167e-01,1.959942775393419268e-01,2.937016822397708893e-02,5.128424540162086487e-01,0.000000000000000000e+00,1.700891006365418434e+01,3.665222320705652237e-01,5.583389054983854294e+01,7.516054689846932888e+02,1.639116814360022545e+00
1.700000000000000000e+03,3.770000000000000000e+02,6.080000000000000000e+02,6.500000000000000000e+01,1.020000000000000000e+02,3.827411167512690393e-01,8.529411764705882026e-01,1.436619718309859184e-01,2.916720137000083923e-02,4.741638060659170151e-01,0.000000000000000000e+00,2.752677394449710846e+01,3.470726013183593750e-01,6.617318990454077721e+01,7.531088435593992472e+02,1.635764837265014648e+00
1.710000000000000000e+03,3.850000000000000000e+02,5.740000000000000000e+02,5.800000000000000000e+01,1.420000000000000000e+02,4.014598540145985495e-01,8.690744920993227485e-01,1.983240223463687280e-01,2.940260618925094604e-02,5.137311592698097229e-01,0.000000000000000000e+00,1.295446225255727768e+01,3.541772160679101944e-01,5.156206195987761021e+01,7.478293608929961920e+02,1.625508109107613564e+00
1.720000000000000000e+03,3.850000000000000000e+02,5.260000000000000000e+02,7.800000000000000000e+01,1.720000000000000000e+02,4.226125137211855232e-01,8.315334773218142628e-01,2.464183381088825286e-01,2.950377576053142548e-02,5.050775166600942612e-01,0.000000000000000000e+00,1.050982446223497391e+01,3.687321301549673080e-01,4.948040776327252388e+01,7.530089160259813070e+02,1.630963152274489403e+00
1.730000000000000000e+03,3.800000000000000000e+02,5.690000000000000000e+02,8.300000000000000000e+01,1.460000000000000000e+02,4.004214963119072657e-01,8.207343412526998394e-01,2.041958041958041870e-01,2.912911213934421539e-02,5.036886092275381088e-01,0.000000000000000000e+00,1.541801200434565544e+01,3.707804065197706223e-01,5.383868513070046902e+01,7.398208666257560253e+02,1.612158227711915970e+00
1.740000000000000000e+03,3.970000000000000000e+02,5.620000000000000000e+02,6.300000000000000000e+01,1.550000000000000000e+02,4.139728884254431640e-01,8.630434782608695787e-01,2.161785216178521707e-01,3.032186627388000488e-02,5.182007085531949997e-01,0.000000000000000000e+00,1.297706191800534725e+01,3.541744593530893326e-01,5.186370795406401157e+01,7.507348501160740852e+02,1.647807335481047630e+00
1.750000000000000000e+03,3.930000000000000000e+02,5.690000000000000000e+02,7.200000000000000000e+01,1.300000000000000000e+02,4.085239085239085188e-01,8.451612903225806939e-01,1.859799713876967020e-01,3.260242007672786713e-02,5.182666014879941940e-01,0.000000000000000000e+00,1.460820161178708076e+01,3.659181650727987289e-01,5.295136666111648083e+01,7.406407254654914141e+02,1.610928671434521675e+00
1.760000000000000000e+03,3.620000000000000000e+02,5.780000000000000000e+02,7.600000000000000000e+01,1.420000000000000000e+02,3.851063829787234050e-01,8.264840182648401923e-01,1.972222222222222154e-01,2.952232770621776581e-02,5.133791808038949966e-01,0.000000000000000000e+00,1.378608062304556370e+01,3.686635941267013550e-01,5.240769752487540245e+01,7.467901289816945791e+02,1.630655949935317039e+00
1.770000000000000000e+03,3.790000000000000000e+02,5.520000000000000000e+02,6.400000000000000000e+01,1.560000000000000000e+02,4.070891514500536990e-01,8.555304740406320940e-01,2.203389830508474534e-01,2.993917278945446014e-02,5.258880704641342163e-01,0.000000000000000000e+00,1.411152108758687973e+01,3.542964514344930649e-01,5.274322238005697727e+01,7.487007961664348841e+02,1.619412681087851524e+00
1.780000000000000000e+03,3.860000000000000000e+02,5.470000000000000000e+02,6.500000000000000000e+01,1.480000000000000000e+02,4.137191854233654986e-01,8.558758314855875460e-01,2.129496402877697758e-01,2.938931621611118317e-02,5.115612335503101349e-01,0.000000000000000000e+00,1.341385210305452347e+01,3.587303571403026581e-01,5.205391953885555267e+01,7.492252529915422201e+02,1.634331092238426208e+00
1.790000000000000000e+03,3.680000000000000000e+02,5.490000000000000000e+02,7.900000000000000000e+01,1.440000000000000000e+02,4.013086150490730586e-01,8.232662192393735978e-01,2.077922077922078059e-01,2.997361682355403900e-02,5.155021511018276215e-01,0.000000000000000000e+00,1.021852058731019497e+01,3.614201974123716354e-01,4.876433247700333595e+01,7.494872240331023932e+02,1.637220863252878189e+00
1.800000000000000000e+03,3.890000000000000000e+02,5.750000000000000000e+02,5.000000000000000000e+01,1.480000000000000000e+02,4.035269709543568561e-01,8.861047835990888411e-01,2.047026279391424564e-01,3.008078783750534058e-02,5.411754343658685684e-01,0.000000000000000000e+00,1.576001241616904736e+01,3.721631783992052078e-01,5.439016153104603291e+01,7.481335085127502680e+02,1.614876078441739082e+00
1.810000000000000000e+03,3.780000000000000000e+02,5.530000000000000000e+02,7.100000000000000000e+01,1.520000000000000000e+02,4.060150375939849399e-01,8.418708240534521492e-01,2.156028368794326300e-01,2.899702638387680054e-02,5.178585387766361237e-01,0.000000000000000000e+00,1.016269279830157757e+01,3.574941586703062057e-01,4.867670758441090584e+01,7.513856630027294159e+02,1.624552588909864426e+00
1.820000000000000000e+03,4.090000000000000000e+02,5.790000000000000000e+02,5.600000000000000000e+01,1.210000000000000000e+02,4.139676113360323817e-01,8.795698924731182311e-01,1.728571428571428481e-01,2.828096970915794373e-02,5.101638473570346832e-01,0.000000000000000000e+00,1.364825854450464249e+01,3.530646823346614838e-01,5.227718702703714371e+01,7.482493536379188299e+02,1.624444276094436646e+00
1.830000000000000000e+03,3.920000000000000000e+02,5.860000000000000000e+02,6.600000000000000000e+01,1.200000000000000000e+02,4.008179959100204304e-01,8.558951965065502154e-01,1.699716713881019858e-01,3.088262490928173065e-02,5.241183638572692871e-01,0.000000000000000000e+00,1.482624463550746441e+01,3.775335084646940231e-01,5.336344896070659161e+01,7.503515858072787523e+02,1.620469793677330017e+00
1.840000000000000000e+03,3.430000000000000000e+02,5.780000000000000000e+02,1.020000000000000000e+02,1.360000000000000000e+02,3.724212812160694885e-01,7.707865168539326239e-01,1.904761904761904656e-01,3.073863126337528229e-02,5.162440948188304901e-01,0.000000000000000000e+00,1.208107415400445461e+01,3.604704812169075012e-01,5.076432200521230698e+01,7.490969973113387823e+02,1.631232786923646927e+00
1.850000000000000000e+03,3.840000000000000000e+02,6.100000000000000000e+02,5.800000000000000000e+01,1.090000000000000000e+02,3.863179074446679850e-01,8.687782805429864474e-01,1.515994436717663374e-01,2.845956757664680481e-02,4.988694731146097183e-01,0.000000000000000000e+00,1.387078519910573959e+01,3.690089490264654160e-01,5.277389505691826344e+01,7.502004470713436604e+02,1.638942681252956390e+00
1.860000000000000000e+03,3.780000000000000000e+02,5.870000000000000000e+02,7.800000000000000000e+01,1.110000000000000000e+02,3.917098445595855183e-01,8.289473684210526550e-01,1.590257879656160334e-01,2.753136307001113892e-02,4.997148420661687851e-01,0.000000000000000000e+00,1.421432953514158726e+01,3.541791662573814392e-01,5.252212231233716011e+01,7.380556766018271446e+02,1.617451040074229240e+00
1.870000000000000000e+03,3.760000000000000000e+02,5.840000000000000000e+02,7.200000000000000000e+01,1.210000000000000000e+02,3.916666666666666630e-01,8.392857142857143016e-01,1.716312056737588632e-01,2.974824048578739166e-02,5.053785070776939392e-01,0.000000000000000000e+00,1.710169754177331924e+01,3.594110030680894852e-01,5.579630202241241932e+01,7.488748996667563915e+02,1.635121397674083710e+00
1.880000000000000000e+03,3.850000000000000000e+02,5.600000000000000000e+02,6.000000000000000000e+01,1.380000000000000000e+02,4.074074074074073848e-01,8.651685393258427004e-01,1.977077363896848072e-01,2.923321910202503204e-02,4.970167614519596100e-01,0.000000000000000000e+00,1.305798942781984806e+01,3.491420038044452667e-01,5.162780229933559895e+01,7.487175168488174677e+02,1.622772829607129097e+00
1.890000000000000000e+03,3.900000000000000000e+02,5.620000000000000000e+02,6.500000000000000000e+01,1.480000000000000000e+02,4.096638655462184753e-01,8.571428571428570953e-01,2.084507042253521125e-01,2.933784388005733490e-02,4.890412073582410812e-01,0.000000000000000000e+00,1.179612600989639759e+01,3.595525529235601425e-01,5.048084869235754013e+01,7.492214629016816616e+02,1.630001040175557137e+00
1.900000000000000000e+03,4.040000000000000000e+02,5.930000000000000000e+02,5.500000000000000000e+01,1.190000000000000000e+02,4.052156469408224604e-01,8.801742919389977660e-01,1.671348314606741492e-01,2.945460565388202667e-02,4.857558216899633408e-01,0.000000000000000000e+00,1.609068878926336765e+01,3.642568830400705338e-01,5.446414548903703690e+01,7.457293705046176910e+02,1.617032511159777641e+00
1.910000000000000000e+03,4.040000000000000000e+02,5.730000000000000000e+02,4.900000000000000000e+01,1.260000000000000000e+02,4.135107471852609851e-01,8.918322295805739541e-01,1.802575107296137402e-01,3.047570027410984039e-02,4.867074768990278244e-01,0.000000000000000000e+00,1.396390406414866447e+01,3.686046935617923737e-01,5.273317611776292324e+01,7.515275764036923647e+02,1.628667077049612999e+00
1.920000000000000000e+03,4.030000000000000000e+02,5.720000000000000000e+02,4.900000000000000000e+01,1.340000000000000000e+02,4.133333333333333304e-01,8.915929203539822989e-01,1.898016997167138731e-01,2.922667562961578369e-02,4.859162326902151108e-01,0.000000000000000000e+00,1.287094734981656075e+01,3.698357846587896347e-01,5.183403159864246845e+01,7.543800978157669306e+02,1.636880308389663696e+00
1.930000000000000000e+03,3.900000000000000000e+02,5.710000000000000000e+02,6.400000000000000000e+01,1.360000000000000000e+02,4.058272632674297387e-01,8.590308370044053010e-01,1.923620933521923704e-01,2.912639454007148743e-02,4.843570794910192490e-01,0.000000000000000000e+00,1.397927471622824669e+01,3.672442082315683365e-01,5.255066894553601742e+01,7.460181255713105202e+02,1.632514718919992447e+00
1.940000000000000000e+03,4.070000000000000000e+02,5.800000000000000000e+02,5.500000000000000000e+01,1.200000000000000000e+02,4.123606889564336297e-01,8.809523809523809312e-01,1.714285714285714302e-01,2.903588861227035522e-02,4.962776396423578262e-01,0.000000000000000000e+00,1.810961413197219372e+01,3.634795788675546646e-01,5.699606249108910561e+01,7.511042487919330597e+02,1.633169740438461304e+00
1.950000000000000000e+03,3.910000000000000000e+02,5.880000000000000000e+02,6.000000000000000000e+01,1.270000000000000000e+02,3.993871297242083673e-01,8.669623059866962134e-01,1.776223776223776196e-01,2.858742326498031616e-02,4.847377631813287735e-01,0.000000000000000000e+00,1.482424777373671532e+01,3.767398409545421600e-01,5.321432555466890335e+01,7.406055099833756685e+02,1.608397684991359711e+00
1.960000000000000000e+03,4.010000000000000000e+02,5.690000000000000000e+02,5.800000000000000000e+01,1.280000000000000000e+02,4.134020618556700777e-01,8.736383442265794885e-01,1.836441893830703109e-01,3.272858820855617523e-02,5.127432551234960556e-01,0.000000000000000000e+00,1.236955130845308304e+01,3.620748911052942276e-01,5.092701500654220581e+01,7.477241472918540239e+02,1.640726538375020027e+00
1.970000000000000000e+03,4.060000000000000000e+02,5.830000000000000000e+02,5.700000000000000000e+01,1.170000000000000000e+02,4.105156723963599430e-01,8.768898488120950852e-01,1.671428571428571486e-01,2.797299996018409729e-02,5.136172324419021606e-01,0.000000000000000000e+00,1.187500425614416599e+01,3.621565718203783035e-01,5.058155395649373531e+01,7.521078585051000118e+02,1.632894482463598251e+00
1.980000000000000000e+03,3.960000000000000000e+02,5.390000000000000000e+02,6.200000000000000000e+01,1.530000000000000000e+02,4.235294117647058765e-01,8.646288209606987074e-01,2.210982658959537439e-01,3.250031732022762299e-02,5.145200639963150024e-01,0.000000000000000000e+00,1.252908523567020893e+01,3.669658843427896500e-01,5.137893029488623142e+01,7.526536038685590029e+02,1.645932551473379135e+00
1.990000000000000000e+03,4.160000000000000000e+02,5.340000000000000000e+02,6.100000000000000000e+01,1.520000000000000000e+02,4.378947368421052810e-01,8.721174004192872031e-01,2.215743440233236272e-01,2.794484607875347137e-02,5.109639279544353485e-01,0.000000000000000000e+00,1.148758623749017715e+01,3.499021120369434357e-01,4.998946225829422474e+01,7.498976666517555714e+02,1.623287094756960869e+00
2.000000000000000000e+03,4.030000000000000000e+02,5.780000000000000000e+02,4.700000000000000000e+01,1.370000000000000000e+02,4.108053007135575863e-01,8.955555555555555491e-01,1.916083916083916039e-01,2.892351523041725159e-02,5.081880390644073486e-01,0.000000000000000000e+00,1.934266831539571285e+01,3.831571079790592194e-01,5.820747013948857784e+01,7.525734816584736109e+02,1.627686364576220512e+00
