1.000000000000000021e-03,1.190000000000000000e+02,3.200000000000000000e+01,1.000000000000000000e+01,6.000000000000000000e+00,7.880794701986755246e-01,9.224806201550387330e-01,1.578947368421052544e-01,3.390616551041603088e-02,6.467553377151489258e-01,0.000000000000000000e+00,1.454319804906845093e-03,4.741896484047174454e-01,3.890966342575848103e+01,7.506604624316096306e+02,3.040435202419757843e+00
2.000000000000000042e-03,1.250000000000000000e+02,3.500000000000000000e+01,5.000000000000000000e+00,4.000000000000000000e+00,7.812500000000000000e-01,9.615384615384615641e-01,1.025641025641025605e-01,2.999981492757797241e-02,5.559015646576881409e-01,0.000000000000000000e+00,1.469936221837997437e-03,3.153518438339233398e-01,3.879635102674365044e+01,7.540998630151152611e+02,3.029423989355564117e+00
3.000000000000000062e-03,1.290000000000000000e+02,3.600000000000000000e+01,5.000000000000000000e+00,1.000000000000000000e+00,7.818181818181818565e-01,9.626865671641791078e-01,2.702702702702702853e-02,2.906685322523117065e-02,5.590565148741006851e-01,0.000000000000000000e+00,1.428408548235893250e-03,3.203836008906364441e-01,3.858600232750177383e+01,7.492694457080215216e+02,3.006361940875649452e+00
4.000000000000000083e-03,1.210000000000000000e+02,3.300000000000000000e+01,1.300000000000000000e+01,4.000000000000000000e+00,7.857142857142856984e-01,9.029850746268657247e-01,1.081081081081081141e-01,3.053848259150981903e-02,5.872022081166505814e-01,0.000000000000000000e+00,1.448556780815124512e-03,3.232825286686420441e-01,3.863710970245301723e+01,7.490920651685446501e+02,2.994931183755397797e+00
5.000000000000000104e-03,1.220000000000000000e+02,3.500000000000000000e+01,6.000000000000000000e+00,5.000000000000000000e+00,7.770700636942675654e-01,9.531250000000000000e-01,1.250000000000000000e-01,2.879245020449161530e-02,5.716939419507980347e-01,0.000000000000000000e+00,1.437664031982421875e-03,3.313304390758275986e-01,3.855364289879798889e+01,7.479072830304503441e+02,3.019448874518275261e+00
6.000000000000000125e-03,1.150000000000000000e+02,3.700000000000000000e+01,1.400000000000000000e+01,4.000000000000000000e+00,7.565789473684210176e-01,8.914728682170542928e-01,9.756097560975610095e-02,2.899117954075336456e-02,5.776296518743038177e-01,0.000000000000000000e+00,1.482373103499412537e-03,3.310840167105197906e-01,3.859150077588856220e+01,7.484129595067352057e+02,3.001885708421468735e+00
7.000000000000000146e-03,9.100000000000000000e+01,2.800000000000000000e+01,3.400000000000000000e+01,1.200000000000000000e+01,7.647058823529411242e-01,7.279999999999999805e-01,2.999999999999999889e-01,2.903014048933982849e-02,5.832771472632884979e-01,0.000000000000000000e+00,1.598479226231575012e-03,3.267022985965013504e-01,3.845475684665143490e+01,7.447053545247763395e+02,2.990993684157729149e+00
8.000000000000000167e-03,1.130000000000000000e+02,3.100000000000000000e+01,1.700000000000000000e+01,8.000000000000000000e+00,7.847222222222222099e-01,8.692307692307692513e-01,2.051282051282051211e-01,3.240130841732025146e-02,6.104572303593158722e-01,0.000000000000000000e+00,1.391239464282989502e-03,3.553575556725263596e-01,3.860341179743409157e+01,7.473256398271769285e+02,3.014853475615382195e+00
9.000000000000001055e-03,9.900000000000000000e+01,2.700000000000000000e+01,2.900000000000000000e+01,1.200000000000000000e+01,7.857142857142856984e-01,7.734375000000000000e-01,3.076923076923077094e-01,3.117855079472064972e-02,5.786730684340000153e-01,0.000000000000000000e+00,1.410946249961853027e-03,3.372164163738489151e-01,3.852088380604982376e+01,7.468510584849864244e+02,3.019867697730660439e+00
1.000000000000000194e-02,1.180000000000000000e+02,3.200000000000000000e+01,1.300000000000000000e+01,6.000000000000000000e+00,7.866666666666666252e-01,9.007633587786259000e-01,1.578947368421052544e-01,2.778048068284988403e-02,5.541228726506233215e-01,0.000000000000000000e+00,1.426793634891510010e-03,3.296837303787469864e-01,3.847749465331435204e+01,7.465837423000484705e+02,3.010236904025077820e+00
1.099999999999999936e-02,1.080000000000000000e+02,3.000000000000000000e+01,2.100000000000000000e+01,1.100000000000000000e+01,7.826086956521739468e-01,8.372093023255814392e-01,2.682926829268292845e-01,3.244629129767417908e-02,5.477977991104125977e-01,0.000000000000000000e+00,1.418169587850570679e-03,3.136463034898042679e-01,3.849036807194352150e+01,7.476108641400933266e+02,3.006065353751182556e+00
1.200000000000000025e-02,9.100000000000000000e+01,2.300000000000000000e+01,3.800000000000000000e+01,1.600000000000000000e+01,7.982456140350877583e-01,7.054263565891473187e-01,4.102564102564102422e-01,2.929981984198093414e-02,5.769163332879543304e-01,0.000000000000000000e+00,1.391302794218063354e-03,3.180259019136428833e-01,3.853197165578603745e+01,7.477318599391728640e+02,3.024808444082736969e+00
1.300000000000000114e-02,1.120000000000000000e+02,3.100000000000000000e+01,2.000000000000000000e+01,6.000000000000000000e+00,7.832167832167832300e-01,8.484848484848485084e-01,1.621621621621621712e-01,2.957553602755069733e-02,5.803486667573451996e-01,0.000000000000000000e+00,1.436265185475349426e-03,3.264657221734523773e-01,3.851049706153571606e+01,7.468423394970595837e+02,3.018132580444216728e+00
1.400000000000000203e-02,1.120000000000000000e+02,2.900000000000000000e+01,2.100000000000000000e+01,1.000000000000000000e+01,7.943262411347518093e-01,8.421052631578946901e-01,2.564102564102563875e-01,3.171866759657859802e-02,5.874479357153177261e-01,0.000000000000000000e+00,1.404479146003723145e-03,3.356671333312988281e-01,3.860460984893143177e+01,7.481617317218333483e+02,3.027183881029486656e+00
1.499999999999999944e-02,1.050000000000000000e+02,2.800000000000000000e+01,2.200000000000000000e+01,1.000000000000000000e+01,7.894736842105263275e-01,8.267716535433070613e-01,2.631578947368420907e-01,3.055606037378311157e-02,5.516436304897069931e-01,0.000000000000000000e+00,1.411955803632736206e-03,3.545237574726343155e-01,3.856221755594015121e+01,7.477162321023643017e+02,3.022802036255598068e+00
1.600000000000000033e-02,1.100000000000000000e+02,2.800000000000000000e+01,2.200000000000000000e+01,9.000000000000000000e+00,7.971014492753623060e-01,8.333333333333333703e-01,2.432432432432432567e-01,3.186506964266300201e-02,5.649379901587963104e-01,0.000000000000000000e+00,1.380899921059608459e-03,3.365479204803705215e-01,3.859333891235291958e+01,7.483037036657333374e+02,3.014435645192861557e+00
1.700000000000000122e-02,1.080000000000000000e+02,2.700000000000000000e+01,2.300000000000000000e+01,8.000000000000000000e+00,8.000000000000000444e-01,8.244274809160305750e-01,2.285714285714285643e-01,3.037761151790618896e-02,5.750025026500225067e-01,0.000000000000000000e+00,1.399284228682518005e-03,3.449609149247407913e-01,3.867144686356186867e+01,7.497315249219536781e+02,3.000768948346376419e+00
1.800000000000000211e-02,1.140000000000000000e+02,2.600000000000000000e+01,1.200000000000000000e+01,1.100000000000000000e+01,8.142857142857142794e-01,9.047619047619047672e-01,2.972972972972973138e-01,2.922181971371173859e-02,5.895965863019227982e-01,0.000000000000000000e+00,1.386761665344238281e-03,3.401564285159111023e-01,3.874028525128960609e+01,7.513401542250066996e+02,3.032186407595872879e+00
1.900000000000000300e-02,1.090000000000000000e+02,2.400000000000000000e+01,2.800000000000000000e+01,1.200000000000000000e+01,8.195488721804511378e-01,7.956204379562044071e-01,3.333333333333333148e-01,3.108964487910270691e-02,5.550530701875686646e-01,0.000000000000000000e+00,1.449998468160629272e-03,3.387472629547119141e-01,3.862347593531012535e+01,7.494277385137975216e+02,3.021886849775910378e+00
2.000000000000000042e-02,1.070000000000000000e+02,2.800000000000000000e+01,2.800000000000000000e+01,9.000000000000000000e+00,7.925925925925926263e-01,7.925925925925926263e-01,2.432432432432432567e-01,3.038147091865539551e-02,5.792928617447614670e-01,0.000000000000000000e+00,1.386877149343490601e-03,3.288682643324136734e-01,3.864103244617581367e+01,7.493905162755399942e+02,3.041886486113071442e+00
2.100000000000000130e-02,1.070000000000000000e+02,3.200000000000000000e+01,2.600000000000000000e+01,7.000000000000000000e+00,7.697841726618704916e-01,8.045112781954887327e-01,1.794871794871794879e-01,3.353405557572841644e-02,5.959833655506372452e-01,0.000000000000000000e+00,1.387178897857666016e-03,3.298798091709613800e-01,3.854711424931883812e+01,7.470790549460798502e+02,3.011724209412932396e+00
2.200000000000000219e-02,9.800000000000000000e+01,2.500000000000000000e+01,3.400000000000000000e+01,1.300000000000000000e+01,7.967479674796748013e-01,7.424242424242424310e-01,3.421052631578947456e-01,2.888113632798194885e-02,5.794791225343942642e-01,0.000000000000000000e+00,1.406610012054443359e-03,3.128271419554948807e-01,3.855283120460808277e+01,7.479143157247453928e+02,3.021489121019840240e+00
2.299999999999999961e-02,1.080000000000000000e+02,2.600000000000000000e+01,2.300000000000000000e+01,1.000000000000000000e+01,8.059701492537313383e-01,8.244274809160305750e-01,2.777777777777777901e-01,3.151418268680572510e-02,5.813736300915479660e-01,0.000000000000000000e+00,1.380834728479385376e-03,3.429382108151912689e-01,3.862040662392973900e+01,7.486230420600622892e+02,3.019721198827028275e+00
2.400000000000000050e-02,1.070000000000000000e+02,2.900000000000000000e+01,2.200000000000000000e+01,1.000000000000000000e+01,7.867647058823529216e-01,8.294573643410853014e-01,2.564102564102563875e-01,2.986758761107921600e-02,5.892655011266469955e-01,0.000000000000000000e+00,1.393530517816543579e-03,3.241630569100379944e-01,3.866957988217473030e+01,7.495093231517821550e+02,3.002780707553029060e+00
2.500000000000000139e-02,1.070000000000000000e+02,2.500000000000000000e+01,1.800000000000000000e+01,1.400000000000000000e+01,8.106060606060605522e-01,8.559999999999999831e-01,3.589743589743589758e-01,2.942728251218795776e-02,5.663993172347545624e-01,0.000000000000000000e+00,1.438977196812629700e-03,3.461724314838647842e-01,3.863301959820091724e+01,7.489344796054065228e+02,2.999158067628741264e+00
2.600000000000000228e-02,9.500000000000000000e+01,2.100000000000000000e+01,3.700000000000000000e+01,1.500000000000000000e+01,8.189655172413793371e-01,7.196969696969697239e-01,4.166666666666666852e-01,3.020362183451652527e-02,5.780963879078626633e-01,0.000000000000000000e+00,1.412073150277137756e-03,3.522350937128067017e-01,3.869809141755104065e+01,7.503376577123999596e+02,3.026590179651975632e+00
2.700000000000000316e-02,9.100000000000000000e+01,2.300000000000000000e+01,3.900000000000000000e+01,1.200000000000000000e+01,7.982456140350877583e-01,6.999999999999999556e-01,3.428571428571428603e-01,2.758006006479263306e-02,5.637834426015615463e-01,0.000000000000000000e+00,1.372240483760833740e-03,3.136461731046438217e-01,3.871547247655689716e+01,7.511976241786032915e+02,2.996497184038162231e+00
2.800000000000000058e-02,9.800000000000000000e+01,2.300000000000000000e+01,3.300000000000000000e+01,1.100000000000000000e+01,8.099173553719007934e-01,7.480916030534351391e-01,3.235294117647058987e-01,3.110816702246665955e-02,5.543114934116601944e-01,0.000000000000000000e+00,1.405196264386177063e-03,3.349229693412780762e-01,3.854610063880681992e+01,7.509459755066782236e+02,3.000390665605664253e+00
2.900000000000000147e-02,8.500000000000000000e+01,2.200000000000000000e+01,4.800000000000000000e+01,1.500000000000000000e+01,7.943925233644859585e-01,6.390977443609022757e-01,4.054054054054054279e-01,3.072697855532169342e-02,5.829347968101501465e-01,0.000000000000000000e+00,1.365460455417633057e-03,3.374167252331972122e-01,3.802649960108101368e+01,7.370550140365958214e+02,2.975353641435503960e+00
3.000000000000000236e-02,1.090000000000000000e+02,2.300000000000000000e+01,1.800000000000000000e+01,1.500000000000000000e+01,8.257575757575758013e-01,8.582677165354331006e-01,3.947368421052631637e-01,3.058794699609279633e-02,5.655637942254543304e-01,0.000000000000000000e+00,1.385640352964401245e-03,3.184310272336006165e-01,3.792517087422311306e+01,7.357062421087175608e+02,2.957754174247384071e+00
3.099999999999999978e-02,9.600000000000000000e+01,2.500000000000000000e+01,3.400000000000000000e+01,1.200000000000000000e+01,7.933884297520661377e-01,7.384615384615385025e-01,3.243243243243243423e-01,2.876251004636287689e-02,5.869731996208429337e-01,0.000000000000000000e+00,1.374859362840652466e-03,3.412954770028591156e-01,3.813849380798637867e+01,7.384534972850233316e+02,2.995372809469699860e+00
3.200000000000000067e-02,8.300000000000000000e+01,2.100000000000000000e+01,4.400000000000000000e+01,1.900000000000000000e+01,7.980769230769231282e-01,6.535433070866141225e-01,4.749999999999999778e-01,3.130998834967613220e-02,5.770659074187278748e-01,0.000000000000000000e+00,1.391539350152015686e-03,3.220777213573455811e-01,3.818610761314630508e+01,7.407619443032890558e+02,2.987783819437026978e+00
3.300000000000000155e-02,1.080000000000000000e+02,2.400000000000000000e+01,2.400000000000000000e+01,1.400000000000000000e+01,8.181818181818182323e-01,8.181818181818182323e-01,3.684210526315789269e-01,3.735766559839248657e-02,5.777159892022609711e-01,0.000000000000000000e+00,1.434274017810821533e-03,3.243840597569942474e-01,3.804780565388500690e+01,7.373718927782028913e+02,2.982785072177648544e+00
3.400000000000000244e-02,8.500000000000000000e+01,1.900000000000000000e+01,4.300000000000000000e+01,1.800000000000000000e+01,8.173076923076922906e-01,6.640625000000000000e-01,4.864864864864865135e-01,2.844054996967315674e-02,5.693113151937723160e-01,0.000000000000000000e+00,1.366710290312767029e-03,3.310849610716104507e-01,3.805125941149890423e+01,7.387140192706137896e+02,2.962654665112495422e+00
3.500000000000000333e-02,8.200000000000000000e+01,2.100000000000000000e+01,5.100000000000000000e+01,1.800000000000000000e+01,7.961165048543689116e-01,6.165413533834586124e-01,4.615384615384615641e-01,2.821781486272811890e-02,5.926031023263931274e-01,0.000000000000000000e+00,1.381358131766319275e-03,3.178354967385530472e-01,3.803904988430440426e+01,7.374202400110661983e+02,2.968153946101665497e+00
3.600000000000000422e-02,8.500000000000000000e+01,2.500000000000000000e+01,4.600000000000000000e+01,1.400000000000000000e+01,7.727272727272727071e-01,6.488549618320610390e-01,3.589743589743589758e-01,3.002791851758956909e-02,5.954619757831096649e-01,0.000000000000000000e+00,1.386459916830062866e-03,3.334580566734075546e-01,3.810102346166968346e+01,7.380631563141942024e+02,2.960576185956597328e+00
3.700000000000000511e-02,8.100000000000000000e+01,2.000000000000000000e+01,4.600000000000000000e+01,1.800000000000000000e+01,8.019801980198020264e-01,6.377952755905511584e-01,4.736842105263157632e-01,2.899368107318878174e-02,5.881815887987613678e-01,0.000000000000000000e+00,1.374028623104095459e-03,3.388476204127073288e-01,3.810922175645828247e+01,7.385449878647923470e+02,2.975787308067083359e+00
3.799999999999999906e-02,8.600000000000000000e+01,2.100000000000000000e+01,4.600000000000000000e+01,1.600000000000000000e+01,8.037383177570093240e-01,6.515151515151514916e-01,4.324324324324324564e-01,2.942381985485553741e-02,5.845019984990358353e-01,0.000000000000000000e+00,1.419881358742713928e-03,3.167134914547204971e-01,3.813241788372397423e+01,7.392923683375120163e+02,2.976956870406866074e+00
3.899999999999999994e-02,9.400000000000000000e+01,2.400000000000000000e+01,3.500000000000000000e+01,1.600000000000000000e+01,7.966101694915254106e-01,7.286821705426356210e-01,4.000000000000000222e-01,2.900008670985698700e-02,5.778954308480024338e-01,0.000000000000000000e+00,1.396715641021728516e-03,3.343981802463531494e-01,3.812546935491263866e+01,7.394529013317078352e+02,2.957300698384642601e+00
4.000000000000000083e-02,8.900000000000000000e+01,2.300000000000000000e+01,4.200000000000000000e+01,1.500000000000000000e+01,7.946428571428570953e-01,6.793893129770992578e-01,3.947368421052631637e-01,3.213551640510559082e-02,5.780208371579647064e-01,0.000000000000000000e+00,1.404061913490295410e-03,3.379800077527761459e-01,3.834296533651649952e+01,7.423924528881907463e+02,2.980164112523198128e+00
4.100000000000000172e-02,9.200000000000000000e+01,1.700000000000000000e+01,3.500000000000000000e+01,2.000000000000000000e+01,8.440366972477064689e-01,7.244094488188976833e-01,5.405405405405405705e-01,2.905047126114368439e-02,5.770660694688558578e-01,0.000000000000000000e+00,1.396182924509048462e-03,3.333518281579017639e-01,3.839813688769936562e+01,7.452538205757737160e+02,2.975399473682045937e+00
4.200000000000000261e-02,9.100000000000000000e+01,2.100000000000000000e+01,3.900000000000000000e+01,1.700000000000000000e+01,8.125000000000000000e-01,6.999999999999999556e-01,4.473684210526315819e-01,3.016864880919456482e-02,5.793542657047510147e-01,0.000000000000000000e+00,1.376856118440628052e-03,3.431575316935777664e-01,3.831110016256570816e+01,7.434731430578976870e+02,2.983644690364599228e+00
4.300000000000000350e-02,9.900000000000000000e+01,2.900000000000000000e+01,2.800000000000000000e+01,1.500000000000000000e+01,7.734375000000000000e-01,7.795275590551180578e-01,3.409090909090908839e-01,3.323726728558540344e-02,6.159734185785055161e-01,0.000000000000000000e+00,1.414641737937927246e-03,3.646798767149448395e-01,3.836227527819573879e+01,7.420758072249591351e+02,3.004259185865521431e+00
4.400000000000000439e-02,1.040000000000000000e+02,2.700000000000000000e+01,2.700000000000000000e+01,1.400000000000000000e+01,7.938931297709923562e-01,7.938931297709923562e-01,3.414634146341463672e-01,3.028348647058010101e-02,6.021408811211585999e-01,0.000000000000000000e+00,1.587878912687301636e-03,3.160927295684814453e-01,3.818895735777914524e+01,7.412035414930433035e+02,2.990838810801506042e+00
4.499999999999999833e-02,8.100000000000000000e+01,1.900000000000000000e+01,4.500000000000000000e+01,1.900000000000000000e+01,8.100000000000000533e-01,6.428571428571429047e-01,5.000000000000000000e-01,2.953732199966907501e-02,6.006600558757781982e-01,0.000000000000000000e+00,1.416461542248725891e-03,3.127823136746883392e-01,3.808286767266690731e+01,7.382416328601539135e+02,2.969454338774085045e+00
4.599999999999999922e-02,9.600000000000000000e+01,1.900000000000000000e+01,3.500000000000000000e+01,2.200000000000000000e+01,8.347826086956521285e-01,7.328244274809160297e-01,5.365853658536585691e-01,3.066036477684974670e-02,5.922876261174678802e-01,0.000000000000000000e+00,1.387828961014747620e-03,3.332434017211198807e-01,3.805084400437772274e+01,7.373301221895962954e+02,2.970338273793458939e+00
4.700000000000000011e-02,7.400000000000000000e+01,2.100000000000000000e+01,4.900000000000000000e+01,1.800000000000000000e+01,7.789473684210526105e-01,6.016260162601626549e-01,4.615384615384615641e-01,3.014776110649108887e-02,5.998674295842647552e-01,0.000000000000000000e+00,1.383183524012565613e-03,3.108458891510963440e-01,3.799178498610854149e+01,7.362279288657009602e+02,2.962311066687107086e+00
4.800000000000000100e-02,8.100000000000000000e+01,1.600000000000000000e+01,5.000000000000000000e+01,1.800000000000000000e+01,8.350515463917526082e-01,6.183206106870229313e-01,5.294117647058823595e-01,3.156618960201740265e-02,5.896861590445041656e-01,0.000000000000000000e+00,1.385202631354331970e-03,3.309974893927574158e-01,3.795443565584719181e+01,7.355447776690125465e+02,2.973311463370919228e+00
4.900000000000000189e-02,9.500000000000000000e+01,2.000000000000000000e+01,3.700000000000000000e+01,1.900000000000000000e+01,8.260869565217391353e-01,7.196969696969697239e-01,4.871794871794871695e-01,3.042879141867160797e-02,5.766680072993040085e-01,0.000000000000000000e+00,1.351468265056610107e-03,3.333011511713266373e-01,3.793990161456167698e+01,7.352065327018499374e+02,2.964998906478285789e+00
5.000000000000000278e-02,8.000000000000000000e+01,1.700000000000000000e+01,5.300000000000000000e+01,1.800000000000000000e+01,8.247422680412370699e-01,6.015037593984962072e-01,5.142857142857142350e-01,2.952095307409763336e-02,5.794862750917673111e-01,0.000000000000000000e+00,1.407373696565628052e-03,3.306566793471574783e-01,3.795772685296833515e+01,7.354607759714126587e+02,2.971381898969411850e+00
5.100000000000000366e-02,8.300000000000000000e+01,2.100000000000000000e+01,4.600000000000000000e+01,1.600000000000000000e+01,7.980769230769231282e-01,6.434108527131783273e-01,4.324324324324324564e-01,3.282177820801734924e-02,5.794029217213392258e-01,0.000000000000000000e+00,1.372303813695907593e-03,3.286719322204589844e-01,3.791568702831864357e+01,7.347789903897792101e+02,2.969472540542483330e+00
5.200000000000000455e-02,9.600000000000000000e+01,2.100000000000000000e+01,3.200000000000000000e+01,1.700000000000000000e+01,8.205128205128204844e-01,7.500000000000000000e-01,4.473684210526315819e-01,2.909066528081893921e-02,5.570221543312072754e-01,0.000000000000000000e+00,1.355519518256187439e-03,3.276809491217136383e-01,3.811685331724584103e+01,7.379469724968075752e+02,2.987633833661675453e+00
5.300000000000000544e-02,8.700000000000000000e+01,2.200000000000000000e+01,3.900000000000000000e+01,1.600000000000000000e+01,7.981651376146788879e-01,6.904761904761904656e-01,4.210526315789473450e-01,2.795215882360935211e-02,5.572720188647508621e-01,0.000000000000000000e+00,1.403558999300003052e-03,3.191783353686332703e-01,3.828843608684837818e+01,7.433403968028724194e+02,2.990418188273906708e+00
5.399999999999999939e-02,9.900000000000000000e+01,2.100000000000000000e+01,3.100000000000000000e+01,1.300000000000000000e+01,8.249999999999999556e-01,7.615384615384614975e-01,3.823529411764705621e-01,3.087729960680007935e-02,5.725407674908638000e-01,0.000000000000000000e+00,1.395769417285919189e-03,3.318225108087062836e-01,3.827456449531018734e+01,7.422541999984532595e+02,2.990745130926370621e+00
5.500000000000000028e-02,9.900000000000000000e+01,1.800000000000000000e+01,3.200000000000000000e+01,1.600000000000000000e+01,8.461538461538461453e-01,7.557251908396946938e-01,4.705882352941176405e-01,2.993837557733058929e-02,5.793685149401426315e-01,0.000000000000000000e+00,1.390393823385238647e-03,3.188238609582185745e-01,3.818815943971276283e+01,7.408545662891119719e+02,2.980750430375337601e+00
5.600000000000000117e-02,8.400000000000000000e+01,1.600000000000000000e+01,4.600000000000000000e+01,2.100000000000000000e+01,8.399999999999999689e-01,6.461538461538461897e-01,5.675675675675675436e-01,2.847254835069179535e-02,5.733419060707092285e-01,0.000000000000000000e+00,1.383865252137184143e-03,3.334683012217283249e-01,3.817095577716827393e+01,7.403675819132477045e+02,2.995246380567550659e+00
5.700000000000000205e-02,8.800000000000000000e+01,2.000000000000000000e+01,4.200000000000000000e+01,1.800000000000000000e+01,8.148148148148147696e-01,6.769230769230769607e-01,4.736842105263157632e-01,2.880973927676677704e-02,5.867661144584417343e-01,0.000000000000000000e+00,1.393133774399757385e-03,3.272804506123065948e-01,3.813264229893684387e+01,7.395714291017502546e+02,2.980509664863348007e+00
5.800000000000000294e-02,9.000000000000000000e+01,2.000000000000000000e+01,4.200000000000000000e+01,1.500000000000000000e+01,8.181818181818182323e-01,6.818181818181817677e-01,4.285714285714285476e-01,2.989504486322402954e-02,5.710106398910284042e-01,0.000000000000000000e+00,1.428272575139999390e-03,3.338614962995052338e-01,3.838358166441321373e+01,7.444351953212171793e+02,2.978633206337690353e+00
5.900000000000000383e-02,7.900000000000000000e+01,1.600000000000000000e+01,4.900000000000000000e+01,2.200000000000000000e+01,8.315789473684210842e-01,6.171875000000000000e-01,5.789473684210526550e-01,2.839039452373981476e-02,5.694597214460372925e-01,0.000000000000000000e+00,1.470593735575675964e-03,3.270829357206821442e-01,3.832296772487461567e+01,7.432110164482146502e+02,2.993183396756649017e+00
6.000000000000000472e-02,7.800000000000000000e+01,2.300000000000000000e+01,5.300000000000000000e+01,1.500000000000000000e+01,7.722772277227722970e-01,5.954198473282442672e-01,3.947368421052631637e-01,3.155492059886455536e-02,5.640421137213706970e-01,0.000000000000000000e+00,1.423887908458709717e-03,3.307092152535915375e-01,3.832501907832920551e+01,7.441037455704063177e+02,2.993641193956136703e+00
6.099999999999999867e-02,8.000000000000000000e+01,2.000000000000000000e+01,5.000000000000000000e+01,1.800000000000000000e+01,8.000000000000000444e-01,6.153846153846154188e-01,4.736842105263157632e-01,3.064480051398277283e-02,6.108512673527002335e-01,0.000000000000000000e+00,1.385858282446861267e-03,4.118582531809806824e-01,3.839114701002836227e+01,7.422604999542236328e+02,2.964158644899725914e+00
6.199999999999999956e-02,8.100000000000000000e+01,1.600000000000000000e+01,4.700000000000000000e+01,2.000000000000000000e+01,8.350515463917526082e-01,6.328125000000000000e-01,5.555555555555555802e-01,2.953599393367767334e-02,5.700050517916679382e-01,0.000000000000000000e+00,1.419285312294960022e-03,3.543384689837694168e-01,3.831320051103830338e+01,7.425234952121973038e+02,3.011462420225143433e+00
6.300000000000000044e-02,8.000000000000000000e+01,2.300000000000000000e+01,4.500000000000000000e+01,1.800000000000000000e+01,7.766990291262135804e-01,6.400000000000000133e-01,4.390243902439024404e-01,2.863323129713535309e-02,5.692836511880159378e-01,0.000000000000000000e+00,1.423707231879234314e-03,3.374573383480310440e-01,3.823138783685863018e+01,7.413876977115869522e+02,2.994178418070077896e+00
6.400000000000000133e-02,9.300000000000000000e+01,2.200000000000000000e+01,3.700000000000000000e+01,1.500000000000000000e+01,8.086956521739130377e-01,7.153846153846153966e-01,4.054054054054054279e-01,2.934040874242782593e-02,5.791404582560062408e-01,0.000000000000000000e+00,1.405036076903343201e-03,3.473568968474864960e-01,3.816647740826010704e+01,7.395813345219939947e+02,2.982651155441999435e+00
6.500000000000000222e-02,8.200000000000000000e+01,1.900000000000000000e+01,5.300000000000000000e+01,1.600000000000000000e+01,8.118811881188119361e-01,6.074074074074073959e-01,4.571428571428571286e-01,3.290562331676483154e-02,5.700089950114488602e-01,0.000000000000000000e+00,1.418313011527061462e-03,3.350068237632513046e-01,3.819955438934266567e+01,7.407577398028224707e+02,2.990391686558723450e+00
6.600000000000000311e-02,8.300000000000000000e+01,2.100000000000000000e+01,5.100000000000000000e+01,1.400000000000000000e+01,7.980769230769231282e-01,6.194029850746268773e-01,4.000000000000000222e-01,3.200506418943405151e-02,6.000336483120918274e-01,0.000000000000000000e+00,1.423165202140808105e-03,3.292910605669021606e-01,3.817683036811649799e+01,7.397794802244752645e+02,2.993959438055753708e+00
6.700000000000000400e-02,8.700000000000000000e+01,1.900000000000000000e+01,4.100000000000000000e+01,2.000000000000000000e+01,8.207547169811321153e-01,6.796875000000000000e-01,5.128205128205127750e-01,2.920293062925338745e-02,5.912353880703449249e-01,0.000000000000000000e+00,1.435946673154830933e-03,3.398518338799476624e-01,3.816554753296077251e+01,7.393836252596229315e+02,2.956176159903407097e+00
6.800000000000000488e-02,8.500000000000000000e+01,1.800000000000000000e+01,4.800000000000000000e+01,1.900000000000000000e+01,8.252427184466019083e-01,6.390977443609022757e-01,5.135135135135134865e-01,2.998701669275760651e-02,6.004068013280630112e-01,0.000000000000000000e+00,1.400813460350036621e-03,3.265116270631551743e-01,3.820885361544787884e+01,7.399454794842749834e+02,2.983752809464931488e+00
6.900000000000000577e-02,8.600000000000000000e+01,2.700000000000000000e+01,4.000000000000000000e+01,1.800000000000000000e+01,7.610619469026548289e-01,6.825396825396825573e-01,4.000000000000000222e-01,2.996493875980377197e-02,5.819809697568416595e-01,0.000000000000000000e+00,1.423500478267669678e-03,3.358046319335699081e-01,3.815439401008188725e+01,7.401557784453034401e+02,2.985225494951009750e+00
7.000000000000000666e-02,8.200000000000000000e+01,2.200000000000000000e+01,4.900000000000000000e+01,1.800000000000000000e+01,7.884615384615384359e-01,6.259541984732824860e-01,4.500000000000000111e-01,2.954194135963916779e-02,5.883143320679664612e-01,0.000000000000000000e+00,1.398751512169837952e-03,3.182953819632530212e-01,3.814524156413972378e+01,7.388663841411471367e+02,2.985947456210851669e+00
7.100000000000000755e-02,8.700000000000000000e+01,1.500000000000000000e+01,4.300000000000000000e+01,1.900000000000000000e+01,8.529411764705882026e-01,6.692307692307691847e-01,5.588235294117647189e-01,2.984291315078735352e-02,5.728333592414855957e-01,0.000000000000000000e+00,1.390697434544563293e-03,3.410057481378316879e-01,3.822997477091848850e+01,7.413708105552941561e+02,2.978869576007127762e+00
7.200000000000000844e-02,8.100000000000000000e+01,2.000000000000000000e+01,4.400000000000000000e+01,2.000000000000000000e+01,8.019801980198020264e-01,6.480000000000000204e-01,5.000000000000000000e-01,2.945219725370407104e-02,5.578791480511426926e-01,0.000000000000000000e+00,1.403681933879852295e-03,3.278149217367172241e-01,3.819053005985915661e+01,7.406467393711209297e+02,2.970558073371648788e+00
7.300000000000000933e-02,8.400000000000000000e+01,1.700000000000000000e+01,4.500000000000000000e+01,2.000000000000000000e+01,8.316831683168316447e-01,6.511627906976744651e-01,5.405405405405405705e-01,2.862000092864036560e-02,5.416669528931379318e-01,0.000000000000000000e+00,1.394065096974372864e-03,3.419518601149320602e-01,3.821378342062234879e+01,7.414967250134795904e+02,2.998218117281794548e+00
7.399999999999999634e-02,8.100000000000000000e+01,2.200000000000000000e+01,4.500000000000000000e+01,1.700000000000000000e+01,7.864077669902912460e-01,6.428571428571429047e-01,4.358974358974359031e-01,3.071740269660949707e-02,5.900711584836244583e-01,0.000000000000000000e+00,1.546420156955718994e-03,3.686236627399921417e-01,3.819645523838698864e+01,7.395423309765756130e+02,2.982791390269994736e+00
7.499999999999999722e-02,7.400000000000000000e+01,1.600000000000000000e+01,5.500000000000000000e+01,1.800000000000000000e+01,8.222222222222221877e-01,5.736434108527131981e-01,5.294117647058823595e-01,2.883579954504966736e-02,5.814716015011072159e-01,0.000000000000000000e+00,1.388747245073318481e-03,3.359376750886440277e-01,3.818313520774245262e+01,7.399703097585588694e+02,2.987532805651426315e+00
7.599999999999999811e-02,8.200000000000000000e+01,2.000000000000000000e+01,4.900000000000000000e+01,2.000000000000000000e+01,8.039215686274510109e-01,6.259541984732824860e-01,5.000000000000000000e-01,2.996466495096683502e-02,5.778332632035017014e-01,0.000000000000000000e+00,1.400124281644821167e-03,3.710460327565670013e-01,3.814092730917036533e+01,7.387422722037881613e+02,2.979255454614758492e+00
7.699999999999999900e-02,8.300000000000000000e+01,2.000000000000000000e+01,4.400000000000000000e+01,1.800000000000000000e+01,8.058252427184465772e-01,6.535433070866141225e-01,4.736842105263157632e-01,2.796127833425998688e-02,5.775189064443111420e-01,0.000000000000000000e+00,1.368435099720954895e-03,3.229656014591455460e-01,3.815722221881151199e+01,7.400894377287477255e+02,2.978753991425037384e+00
7.799999999999999989e-02,8.200000000000000000e+01,1.700000000000000000e+01,4.500000000000000000e+01,2.300000000000000000e+01,8.282828282828282873e-01,6.456692913385826404e-01,5.749999999999999556e-01,2.968018501996994019e-02,5.595968849956989288e-01,0.000000000000000000e+00,1.406500115990638733e-03,3.236059118062257767e-01,3.821601940132677555e+01,7.407983672171831131e+02,3.004494505003094673e+00
7.900000000000000078e-02,7.100000000000000000e+01,2.200000000000000000e+01,5.500000000000000000e+01,2.000000000000000000e+01,7.634408602150537515e-01,5.634920634920634885e-01,4.761904761904761640e-01,3.055462427437305450e-02,5.845942497253417969e-01,0.000000000000000000e+00,1.406824216246604919e-03,3.312313426285982132e-01,3.830333287455141544e+01,7.428471145257353783e+02,2.980866616591811180e+00
8.000000000000000167e-02,9.000000000000000000e+01,2.000000000000000000e+01,3.800000000000000000e+01,1.900000000000000000e+01,8.181818181818182323e-01,7.031250000000000000e-01,4.871794871794871695e-01,2.993358112871646881e-02,5.881249513477087021e-01,0.000000000000000000e+00,1.389762386679649353e-03,3.297316003590822220e-01,3.817527844756841660e+01,7.408081095553934574e+02,2.985484132543206215e+00
8.100000000000000255e-02,8.600000000000000000e+01,1.400000000000000000e+01,4.800000000000000000e+01,2.200000000000000000e+01,8.599999999999999867e-01,6.417910447761193682e-01,6.111111111111111605e-01,3.043954819440841675e-02,5.963981859385967255e-01,0.000000000000000000e+00,1.376902684569358826e-03,3.283145800232887268e-01,3.796078730747103691e+01,7.357957467809319496e+02,2.952746439725160599e+00
8.200000000000000344e-02,8.200000000000000000e+01,1.600000000000000000e+01,4.900000000000000000e+01,1.700000000000000000e+01,8.367346938775510612e-01,6.259541984732824860e-01,5.151515151515151381e-01,2.842534333467483521e-02,5.867747757583856583e-01,0.000000000000000000e+00,1.384600996971130371e-03,3.308780640363693237e-01,3.797955448180437088e+01,7.362817979361861944e+02,2.969673437997698784e+00
8.300000000000000433e-02,8.600000000000000000e+01,2.100000000000000000e+01,4.600000000000000000e+01,1.700000000000000000e+01,8.037383177570093240e-01,6.515151515151514916e-01,4.473684210526315819e-01,3.213416785001754761e-02,6.079248245805501938e-01,0.000000000000000000e+00,1.412769779562950134e-03,3.296109065413475037e-01,3.797471818514168262e+01,7.355626041311770678e+02,2.979057312011718750e+00
8.400000000000000522e-02,8.600000000000000000e+01,1.900000000000000000e+01,4.500000000000000000e+01,1.800000000000000000e+01,8.190476190476190244e-01,6.564885496183205937e-01,4.864864864864865135e-01,2.783131226897239685e-02,6.003891564905643463e-01,0.000000000000000000e+00,1.330802217125892639e-03,3.234030064195394516e-01,3.689876961521804333e+01,7.286403823029249907e+02,2.935773747041821480e+00
8.500000000000000611e-02,9.600000000000000000e+01,2.100000000000000000e+01,3.300000000000000000e+01,2.200000000000000000e+01,8.205128205128204844e-01,7.441860465116278966e-01,5.116279069767442067e-01,2.874048426747322083e-02,5.437748432159423828e-01,0.000000000000000000e+00,1.228187233209609985e-03,3.006282262504100800e-01,3.457721842639148235e+01,6.700642631351947784e+02,2.698488354682922363e+00
8.600000000000000699e-02,9.200000000000000000e+01,1.400000000000000000e+01,3.800000000000000000e+01,2.300000000000000000e+01,8.679245283018868218e-01,7.076923076923077316e-01,6.216216216216216006e-01,2.751929871737957001e-02,5.371707882732152939e-01,0.000000000000000000e+00,1.214331015944480896e-03,3.205906134098768234e-01,3.461114941909909248e+01,6.706085976008325815e+02,2.686933737248182297e+00
8.700000000000000788e-02,8.400000000000000000e+01,1.600000000000000000e+01,4.900000000000000000e+01,2.400000000000000000e+01,8.399999999999999689e-01,6.315789473684210176e-01,5.999999999999999778e-01,2.713956870138645172e-02,5.320587325841188431e-01,0.000000000000000000e+00,1.233180984854698181e-03,2.975293118506669998e-01,3.453864107653498650e+01,6.695276529211550951e+02,2.693322034552693367e+00
8.800000000000000877e-02,8.600000000000000000e+01,1.800000000000000000e+01,4.400000000000000000e+01,1.700000000000000000e+01,8.269230769230768718e-01,6.615384615384615197e-01,4.857142857142857095e-01,2.589448355138301849e-02,5.391293559223413467e-01,0.000000000000000000e+00,1.227216795086860657e-03,3.024349138140678406e-01,3.457702829502522945e+01,6.699023724067956209e+02,2.686754243448376656e+00
8.899999999999999578e-02,7.600000000000000000e+01,1.200000000000000000e+01,6.000000000000000000e+01,2.100000000000000000e+01,8.636363636363636465e-01,5.588235294117647189e-01,6.363636363636363535e-01,2.606064639985561371e-02,5.469218306243419647e-01,0.000000000000000000e+00,1.240050420165061951e-03,3.005959168076515198e-01,3.458907221257686615e+01,6.704585615936666727e+02,2.697079196572303772e+00
8.999999999999999667e-02,8.500000000000000000e+01,1.800000000000000000e+01,4.200000000000000000e+01,2.400000000000000000e+01,8.252427184466019083e-01,6.692913385826771977e-01,5.714285714285713969e-01,2.832670137286186218e-02,5.360850077122449875e-01,0.000000000000000000e+00,1.369796693325042725e-03,2.960714343935251236e-01,3.452865588851273060e+01,6.696017768979072571e+02,2.686279918998479843e+00
9.099999999999999756e-02,7.400000000000000000e+01,1.400000000000000000e+01,5.300000000000000000e+01,2.300000000000000000e+01,8.409090909090909394e-01,5.826771653543306728e-01,6.216216216216216006e-01,2.559808641672134399e-02,5.334812495857477188e-01,0.000000000000000000e+00,1.223945990204811096e-03,2.924278415739536285e-01,3.453339546173810959e+01,6.693836589455604553e+02,2.689236763864755630e+00
9.199999999999999845e-02,9.000000000000000000e+01,1.600000000000000000e+01,4.300000000000000000e+01,2.000000000000000000e+01,8.490566037735849392e-01,6.766917293233082331e-01,5.555555555555555802e-01,2.854210510849952698e-02,5.395519193261861801e-01,0.000000000000000000e+00,1.229019835591316223e-03,2.983068507164716721e-01,3.457951289601624012e+01,6.701443524900823832e+02,2.706068955361843109e+00
9.299999999999999933e-02,7.200000000000000000e+01,1.300000000000000000e+01,5.400000000000000000e+01,2.400000000000000000e+01,8.470588235294117530e-01,5.714285714285713969e-01,6.486486486486486847e-01,2.599753811955451965e-02,5.144552141427993774e-01,0.000000000000000000e+00,1.413529738783836365e-03,3.124882578849792480e-01,3.457936627604067326e+01,6.704940937738865614e+02,2.695805042982101440e+00
9.400000000000000022e-02,7.400000000000000000e+01,1.200000000000000000e+01,6.000000000000000000e+01,1.800000000000000000e+01,8.604651162790697416e-01,5.522388059701492935e-01,5.999999999999999778e-01,2.838990464806556702e-02,5.377409439533948898e-01,0.000000000000000000e+00,1.235885545611381531e-03,3.104291390627622604e-01,3.453315033577382565e+01,6.692983212489634752e+02,2.687616435810923576e+00
9.500000000000000111e-02,8.000000000000000000e+01,1.600000000000000000e+01,4.900000000000000000e+01,1.800000000000000000e+01,8.333333333333333703e-01,6.201550387596899139e-01,5.294117647058823595e-01,2.649402990937232971e-02,5.264004375785589218e-01,0.000000000000000000e+00,1.229967921972274780e-03,3.045728541910648346e-01,3.448568204417824745e+01,6.684884400144219398e+02,2.690209863707423210e+00
9.600000000000000200e-02,8.600000000000000000e+01,1.700000000000000000e+01,4.700000000000000000e+01,1.700000000000000000e+01,8.349514563106795739e-01,6.466165413533834228e-01,5.000000000000000000e-01,2.710576169192790985e-02,5.428334381431341171e-01,0.000000000000000000e+00,1.225415617227554321e-03,2.977609094232320786e-01,3.450103371962904930e+01,6.688278030846267939e+02,2.683852048590779305e+00
9.700000000000000289e-02,7.200000000000000000e+01,1.800000000000000000e+01,5.700000000000000000e+01,2.100000000000000000e+01,8.000000000000000444e-01,5.581395348837209225e-01,5.384615384615384359e-01,2.884849160909652710e-02,5.313206873834133148e-01,0.000000000000000000e+00,1.238442957401275635e-03,3.116414900869131088e-01,3.449000532738864422e+01,6.681011627446860075e+02,2.679912229999899864e+00
9.800000000000000377e-02,7.700000000000000000e+01,1.700000000000000000e+01,4.900000000000000000e+01,2.300000000000000000e+01,8.191489361702127825e-01,6.111111111111111605e-01,5.749999999999999556e-01,2.900750003755092621e-02,5.296940952539443970e-01,0.000000000000000000e+00,1.230828464031219482e-03,3.329397048801183701e-01,3.446515977755188942e+01,6.675885491166263819e+02,2.685758464038372040e+00
9.900000000000000466e-02,8.300000000000000000e+01,1.800000000000000000e+01,5.100000000000000000e+01,1.900000000000000000e+01,8.217821782178217349e-01,6.194029850746268773e-01,5.135135135135134865e-01,2.838596701622009277e-02,5.280185230076313019e-01,0.000000000000000000e+00,1.206658780574798584e-03,3.175111040472984314e-01,3.450571854971349239e+01,6.686657320447266102e+02,2.679687833413481712e+00
1.000000000000000056e-01,7.900000000000000000e+01,1.600000000000000000e+01,5.000000000000000000e+01,2.400000000000000000e+01,8.315789473684210842e-01,6.124031007751937761e-01,5.999999999999999778e-01,2.739416621625423431e-02,5.514149274677038193e-01,0.000000000000000000e+00,1.208635047078132629e-03,3.148863874375820160e-01,3.455239151977002621e+01,6.691067194398492575e+02,2.693640423938632011e+00
1.010000000000000064e-01,7.300000000000000000e+01,1.500000000000000000e+01,5.600000000000000000e+01,2.000000000000000000e+01,8.295454545454545858e-01,5.658914728682170603e-01,5.714285714285713969e-01,2.580490894615650177e-02,5.433470588177442551e-01,0.000000000000000000e+00,1.199461519718170166e-03,3.102181348949670792e-01,3.457390196807682514e+01,6.696882781628519297e+02,2.687258200719952583e+00
1.020000000000000073e-01,8.000000000000000000e+01,1.500000000000000000e+01,5.000000000000000000e+01,2.200000000000000000e+01,8.421052631578946901e-01,6.153846153846154188e-01,5.945945945945946276e-01,2.800126932561397552e-02,5.393064953386783600e-01,0.000000000000000000e+00,1.221636310219764709e-03,3.098781406879425049e-01,3.454354755580425262e+01,6.693495419546961784e+02,2.690623724833130836e+00
1.030000000000000082e-01,8.500000000000000000e+01,1.400000000000000000e+01,4.700000000000000000e+01,2.500000000000000000e+01,8.585858585858585634e-01,6.439393939393939226e-01,6.410256410256410797e-01,2.727207541465759277e-02,5.250077396631240845e-01,0.000000000000000000e+00,1.247078180313110352e-03,3.136476706713438034e-01,3.453801065683364868e+01,6.693607323747128248e+02,2.681476905941963196e+00
1.040000000000000091e-01,8.200000000000000000e+01,1.800000000000000000e+01,5.000000000000000000e+01,2.100000000000000000e+01,8.199999999999999512e-01,6.212121212121212155e-01,5.384615384615384359e-01,2.633183449506759644e-02,5.307581312954425812e-01,0.000000000000000000e+00,1.201799139380455017e-03,3.111248556524515152e-01,3.453601443022489548e+01,6.691010685339570045e+02,2.682687498629093170e+00
1.050000000000000100e-01,8.300000000000000000e+01,1.400000000000000000e+01,4.800000000000000000e+01,2.100000000000000000e+01,8.556701030927834628e-01,6.335877862595419296e-01,5.999999999999999778e-01,2.991984598338603973e-02,5.693039000034332275e-01,0.000000000000000000e+00,1.364767551422119141e-03,3.287377171218395233e-01,3.775483750738203526e+01,7.167544330731034279e+02,2.884525340050458908e+00
1.059999999999999970e-01,7.900000000000000000e+01,1.700000000000000000e+01,5.000000000000000000e+01,2.000000000000000000e+01,8.229166666666666297e-01,6.124031007751937761e-01,5.405405405405405705e-01,2.983852103352546692e-02,5.768628437072038651e-01,0.000000000000000000e+00,1.422179862856864929e-03,3.254109621047973633e-01,3.844338197633624077e+01,7.515544619616121054e+02,3.020702557638287544e+00
1.069999999999999979e-01,8.300000000000000000e+01,2.000000000000000000e+01,4.500000000000000000e+01,1.900000000000000000e+01,8.058252427184465772e-01,6.484375000000000000e-01,4.871794871794871695e-01,3.048138506710529327e-02,5.725440718233585358e-01,0.000000000000000000e+00,1.401988789439201355e-03,3.308302871882915497e-01,3.917580701410770416e+01,7.622120193652808666e+02,3.075917851179838181e+00
1.079999999999999988e-01,8.400000000000000000e+01,1.500000000000000000e+01,4.200000000000000000e+01,2.400000000000000000e+01,8.484848484848485084e-01,6.666666666666666297e-01,6.153846153846154188e-01,3.014719113707542419e-02,5.762783475220203400e-01,0.000000000000000000e+00,1.402638852596282959e-03,3.311878573149442673e-01,3.869573211669921875e+01,7.463508496508002281e+02,3.020227804780006409e+00
1.089999999999999997e-01,8.200000000000000000e+01,1.500000000000000000e+01,4.900000000000000000e+01,2.300000000000000000e+01,8.453608247422680355e-01,6.259541984732824860e-01,6.052631578947368363e-01,2.913498692214488983e-02,5.575070213526487350e-01,0.000000000000000000e+00,1.424232497811317444e-03,3.335568942129611969e-01,3.860200286842882633e+01,7.565749935079365969e+02,3.028574764728546143e+00
1.100000000000000006e-01,7.400000000000000000e+01,1.700000000000000000e+01,5.200000000000000000e+01,2.100000000000000000e+01,8.131868131868131844e-01,5.873015873015873245e-01,5.526315789473684736e-01,2.921218611299991608e-02,5.658643301576375961e-01,0.000000000000000000e+00,1.420099288225173950e-03,3.358362540602684021e-01,3.937898192740976810e+01,7.654031658787280321e+02,3.066099587827920914e+00
1.110000000000000014e-01,7.800000000000000000e+01,1.100000000000000000e+01,5.600000000000000000e+01,2.500000000000000000e+01,8.764044943820225031e-01,5.820895522388059851e-01,6.944444444444444198e-01,2.944787219166755676e-02,5.549495685845613480e-01,0.000000000000000000e+00,1.402912661433219910e-03,3.443439789116382599e-01,3.866751526668667793e+01,7.415572063922882080e+02,2.994735222309827805e+00
1.120000000000000023e-01,6.700000000000000000e+01,1.900000000000000000e+01,6.300000000000000000e+01,2.100000000000000000e+01,7.790697674418605168e-01,5.153846153846153300e-01,5.250000000000000222e-01,3.017891943454742432e-02,5.835336931049823761e-01,0.000000000000000000e+00,1.386003568768501282e-03,3.210518769919872284e-01,3.858733408339321613e+01,7.473918149620294571e+02,2.999678328633308411e+00
1.130000000000000032e-01,8.500000000000000000e+01,1.500000000000000000e+01,4.900000000000000000e+01,2.000000000000000000e+01,8.499999999999999778e-01,6.343283582089552786e-01,5.714285714285713969e-01,2.903745137155056000e-02,5.595344472676515579e-01,0.000000000000000000e+00,1.405015587806701660e-03,3.317953143268823624e-01,3.861924241296947002e+01,7.575293516945093870e+02,3.043203320354223251e+00
1.140000000000000041e-01,7.600000000000000000e+01,1.300000000000000000e+01,5.200000000000000000e+01,2.500000000000000000e+01,8.539325842696628976e-01,5.937500000000000000e-01,6.578947368421053099e-01,2.910188771784305573e-02,5.646605063229799271e-01,0.000000000000000000e+00,1.385083422064781189e-03,3.262512162327766418e-01,3.906830843351781368e+01,7.604858677387237549e+02,3.062820000573992729e+00
1.150000000000000050e-01,8.400000000000000000e+01,1.700000000000000000e+01,4.900000000000000000e+01,1.800000000000000000e+01,8.316831683168316447e-01,6.315789473684210176e-01,5.142857142857142350e-01,2.898883074522018433e-02,5.810658559203147888e-01,0.000000000000000000e+00,1.446267589926719666e-03,3.357716277241706848e-01,3.872335468977689743e+01,7.453160850293934345e+02,2.981537844985723495e+00
1.160000000000000059e-01,7.600000000000000000e+01,1.700000000000000000e+01,5.000000000000000000e+01,2.100000000000000000e+01,8.172043010752688685e-01,6.031746031746031411e-01,5.526315789473684736e-01,3.074742853641510010e-02,5.771376434713602066e-01,0.000000000000000000e+00,1.387448981404304504e-03,3.363387361168861389e-01,3.860355598852038383e+01,7.500217069946229458e+02,3.033835899084806442e+00
1.170000000000000068e-01,7.900000000000000000e+01,1.500000000000000000e+01,5.300000000000000000e+01,2.400000000000000000e+01,8.404255319148936643e-01,5.984848484848485084e-01,6.153846153846154188e-01,3.150926344096660614e-02,5.594946611672639847e-01,0.000000000000000000e+00,1.428829506039619446e-03,3.489356450736522675e-01,3.879801914654672146e+01,7.592111964505165815e+02,3.054448390379548073e+00
1.180000000000000077e-01,8.100000000000000000e+01,1.700000000000000000e+01,5.400000000000000000e+01,2.200000000000000000e+01,8.265306122448979886e-01,5.999999999999999778e-01,5.641025641025640969e-01,2.993557415902614594e-02,5.848673004657030106e-01,0.000000000000000000e+00,1.464450731873512268e-03,3.197188060730695724e-01,3.918106847070157528e+01,7.573435358442366123e+02,3.054417731240391731e+00
1.190000000000000085e-01,7.900000000000000000e+01,1.900000000000000000e+01,5.100000000000000000e+01,1.900000000000000000e+01,8.061224489795918435e-01,6.076923076923076428e-01,5.000000000000000000e-01,2.986072748899459839e-02,5.756649319082498550e-01,0.000000000000000000e+00,1.409202814102172852e-03,3.334278482943773270e-01,3.852623255178332329e+01,7.428783098794519901e+02,2.962473725900053978e+00
1.200000000000000094e-01,7.900000000000000000e+01,1.500000000000000000e+01,5.200000000000000000e+01,2.100000000000000000e+01,8.404255319148936643e-01,6.030534351145038219e-01,5.833333333333333703e-01,2.975733391940593719e-02,5.636703036725521088e-01,0.000000000000000000e+00,1.438301056623458862e-03,3.161620367318391800e-01,3.852454643510282040e+01,7.565458667352795601e+02,3.029939286410808563e+00
1.209999999999999964e-01,8.200000000000000000e+01,1.200000000000000000e+01,4.900000000000000000e+01,2.500000000000000000e+01,8.723404255319149314e-01,6.259541984732824860e-01,6.756756756756756577e-01,3.179050981998443604e-02,5.846135988831520081e-01,0.000000000000000000e+00,1.402018591761589050e-03,3.236211910843849182e-01,3.905954333394765854e+01,7.587032591775059700e+02,3.052984217181801796e+00
1.219999999999999973e-01,8.200000000000000000e+01,1.400000000000000000e+01,5.300000000000000000e+01,2.000000000000000000e+01,8.541666666666666297e-01,6.074074074074073959e-01,5.882352941176470784e-01,2.934453263878822327e-02,5.619925260543823242e-01,0.000000000000000000e+00,1.388583332300186157e-03,3.220155350863933563e-01,3.867005019448697567e+01,7.469887231849133968e+02,2.988585354760289192e+00
1.229999999999999982e-01,8.300000000000000000e+01,1.200000000000000000e+01,4.900000000000000000e+01,2.500000000000000000e+01,8.736842105263158409e-01,6.287878787878787845e-01,6.756756756756756577e-01,2.878091484308242798e-02,5.729465130716562271e-01,0.000000000000000000e+00,1.544384285807609558e-03,3.360880203545093536e-01,3.853648625127971172e+01,7.519678970985114574e+02,2.998676404356956482e+00
1.239999999999999991e-01,7.700000000000000000e+01,1.000000000000000000e+01,4.900000000000000000e+01,2.500000000000000000e+01,8.850574712643678454e-01,6.111111111111111605e-01,7.142857142857143016e-01,3.448016941547393799e-02,5.813543386757373810e-01,0.000000000000000000e+00,1.398934051394462585e-03,3.405958339571952820e-01,4.330667565204203129e+01,8.446610555648803711e+02,3.034182565286755562e+00
1.250000000000000000e-01,7.400000000000000000e+01,1.200000000000000000e+01,5.600000000000000000e+01,2.700000000000000000e+01,8.604651162790697416e-01,5.692307692307692069e-01,6.923076923076922906e-01,2.850798144936561584e-02,5.681164804846048355e-01,0.000000000000000000e+00,1.385303214192390442e-03,3.361941147595643997e-01,3.884144192188978195e+01,7.464574999734759331e+02,3.017301574349403381e+00
1.260000000000000009e-01,7.700000000000000000e+01,1.400000000000000000e+01,5.500000000000000000e+01,2.700000000000000000e+01,8.461538461538461453e-01,5.833333333333333703e-01,6.585365853658536883e-01,2.958647161722183228e-02,5.732760224491357803e-01,0.000000000000000000e+00,1.383833587169647217e-03,3.198786526918411255e-01,3.834897762723267078e+01,7.412398956175893545e+02,2.962255813181400299e+00
1.270000000000000018e-01,7.400000000000000000e+01,1.400000000000000000e+01,5.800000000000000000e+01,2.500000000000000000e+01,8.409090909090909394e-01,5.606060606060605522e-01,6.410256410256410797e-01,2.837736159563064575e-02,5.622003376483917236e-01,0.000000000000000000e+00,1.373890787363052368e-03,3.204727694392204285e-01,3.857814820669591427e+01,7.570251195505261421e+02,3.075186204165220261e+00
1.280000000000000027e-01,6.500000000000000000e+01,1.300000000000000000e+01,6.700000000000000000e+01,2.500000000000000000e+01,8.333333333333333703e-01,4.924242424242424310e-01,6.578947368421053099e-01,3.067989461123943329e-02,5.851460415869951248e-01,0.000000000000000000e+00,1.415107399225234985e-03,3.500567488372325897e-01,3.904045023396611214e+01,7.593218883331865072e+02,3.057845355942845345e+00
1.290000000000000036e-01,7.600000000000000000e+01,1.500000000000000000e+01,5.100000000000000000e+01,2.300000000000000000e+01,8.351648351648351953e-01,5.984251968503937480e-01,6.052631578947368363e-01,2.965873666107654572e-02,5.886837933212518692e-01,0.000000000000000000e+00,1.389455050230026245e-03,3.230963107198476791e-01,3.877503458596765995e+01,7.470173071809113026e+02,2.979022890329360962e+00
1.300000000000000044e-01,8.100000000000000000e+01,1.300000000000000000e+01,5.100000000000000000e+01,2.300000000000000000e+01,8.617021276595744350e-01,6.136363636363636465e-01,6.388888888888888395e-01,3.057042881846427917e-02,5.746552385389804840e-01,0.000000000000000000e+00,1.388499513268470764e-03,3.472044542431831360e-01,3.862186064943671227e+01,7.536443787440657616e+02,3.051550511270761490e+00
1.310000000000000053e-01,6.900000000000000000e+01,1.700000000000000000e+01,6.200000000000000000e+01,2.500000000000000000e+01,8.023255813953488191e-01,5.267175572519083859e-01,5.952380952380952328e-01,2.946403250098228455e-02,5.665268916636705399e-01,0.000000000000000000e+00,1.420572400093078613e-03,3.307959586381912231e-01,3.929647821933031082e+01,7.631644540596753359e+02,3.066115250810980797e+00
1.320000000000000062e-01,7.600000000000000000e+01,1.800000000000000000e+01,6.200000000000000000e+01,1.900000000000000000e+01,8.085106382978722861e-01,5.507246376811594235e-01,5.135135135135134865e-01,3.229677863419055939e-02,5.603708717972040176e-01,0.000000000000000000e+00,1.404674723744392395e-03,3.181907702237367630e-01,3.886164035834372044e+01,7.459314948115497828e+02,3.009958539158105850e+00
1.330000000000000071e-01,6.900000000000000000e+01,1.300000000000000000e+01,6.200000000000000000e+01,2.300000000000000000e+01,8.414634146341463117e-01,5.267175572519083859e-01,6.388888888888888395e-01,2.953524142503738403e-02,5.701035261154174805e-01,0.000000000000000000e+00,1.523440703749656677e-03,3.331700153648853302e-01,3.851575491391122341e+01,7.425768380723893642e+02,3.003670318052172661e+00
1.340000000000000080e-01,7.300000000000000000e+01,1.400000000000000000e+01,5.800000000000000000e+01,2.400000000000000000e+01,8.390804597701149170e-01,5.572519083969466047e-01,6.315789473684210176e-01,2.844705618917942047e-02,5.583149641752243042e-01,0.000000000000000000e+00,1.405490562319755554e-03,3.183421287685632706e-01,3.854625225253403187e+01,7.525653483476489782e+02,3.041143445298075676e+00
1.350000000000000089e-01,7.300000000000000000e+01,1.400000000000000000e+01,6.100000000000000000e+01,2.500000000000000000e+01,8.390804597701149170e-01,5.447761194029850929e-01,6.410256410256410797e-01,2.842515334486961365e-02,5.611290149390697479e-01,0.000000000000000000e+00,1.399312168359756470e-03,3.420705609023571014e-01,3.877782628126442432e+01,7.603975338879972696e+02,3.037764707580208778e+00
1.360000000000000098e-01,6.700000000000000000e+01,1.900000000000000000e+01,5.900000000000000000e+01,2.300000000000000000e+01,7.790697674418605168e-01,5.317460317460317443e-01,5.476190476190476719e-01,3.185812011361122131e-02,5.596680212765932083e-01,0.000000000000000000e+00,1.392574980854988098e-03,3.282107245177030563e-01,3.923306418582797050e+01,7.609146107714623213e+02,3.067829487845301628e+00
1.370000000000000107e-01,7.600000000000000000e+01,1.200000000000000000e+01,5.400000000000000000e+01,2.200000000000000000e+01,8.636363636363636465e-01,5.846153846153846478e-01,6.470588235294117974e-01,3.079961240291595459e-02,5.817062743008136749e-01,0.000000000000000000e+00,1.415342092514038086e-03,3.332029990851879120e-01,3.880218610540032387e+01,7.418218062855303288e+02,2.967689244076609612e+00
1.380000000000000115e-01,7.800000000000000000e+01,1.000000000000000000e+01,5.200000000000000000e+01,2.900000000000000000e+01,8.863636363636363535e-01,5.999999999999999778e-01,7.435897435897436125e-01,3.058803267776966095e-02,5.877606440335512161e-01,0.000000000000000000e+00,1.404618844389915466e-03,3.353527393192052841e-01,3.874670203216373920e+01,7.457328214403241873e+02,3.015302946791052818e+00
1.390000000000000124e-01,7.700000000000000000e+01,1.400000000000000000e+01,5.400000000000000000e+01,2.100000000000000000e+01,8.461538461538461453e-01,5.877862595419847125e-01,5.999999999999999778e-01,2.914092130959033966e-02,5.720882844179868698e-01,0.000000000000000000e+00,1.393366605043411255e-03,3.352648727595806122e-01,3.870378567464649677e+01,7.525147323440760374e+02,3.036034412682056427e+00
1.400000000000000133e-01,7.500000000000000000e+01,1.300000000000000000e+01,5.300000000000000000e+01,2.500000000000000000e+01,8.522727272727272929e-01,5.859375000000000000e-01,6.578947368421053099e-01,3.093237616121768951e-02,5.641340557485818863e-01,0.000000000000000000e+00,1.432798802852630615e-03,3.311688564717769623e-01,3.885654654353857040e+01,7.625705917831510305e+02,3.060633713379502296e+00
1.410000000000000142e-01,6.200000000000000000e+01,1.700000000000000000e+01,6.900000000000000000e+01,2.200000000000000000e+01,7.848101265822784445e-01,4.732824427480916141e-01,5.641025641025640969e-01,3.103285841643810272e-02,5.654056109488010406e-01,0.000000000000000000e+00,1.413736492395401001e-03,3.345256131142377853e-01,3.927376735210418701e+01,7.626155064292252064e+02,3.100614463910460472e+00
1.420000000000000151e-01,6.500000000000000000e+01,1.300000000000000000e+01,6.200000000000000000e+01,2.900000000000000000e+01,8.333333333333333703e-01,5.118110236220472231e-01,6.904761904761904656e-01,2.858721837401390076e-02,5.770618934184312820e-01,0.000000000000000000e+00,1.398712396621704102e-03,3.164539113640785217e-01,3.889989903941750526e+01,7.479814910478889942e+02,3.013433191925287247e+00
1.430000000000000160e-01,6.800000000000000000e+01,1.300000000000000000e+01,5.900000000000000000e+01,2.600000000000000000e+01,8.395061728395061262e-01,5.354330708661417804e-01,6.666666666666666297e-01,2.851736173033714294e-02,5.650101434439420700e-01,0.000000000000000000e+00,1.378873363137245178e-03,3.260239921510219574e-01,3.871855510585010052e+01,7.489450803883373737e+02,2.992922561243176460e+00
1.440000000000000169e-01,7.900000000000000000e+01,1.200000000000000000e+01,5.500000000000000000e+01,2.300000000000000000e+01,8.681318681318681563e-01,5.895522388059701857e-01,6.571428571428571397e-01,3.295229934155941010e-02,5.745529886335134506e-01,0.000000000000000000e+00,1.416016370058059692e-03,3.428491633385419846e-01,3.878869397751986980e+01,7.588976307101547718e+02,3.087189082056283951e+00
1.450000000000000178e-01,7.600000000000000000e+01,1.700000000000000000e+01,5.500000000000000000e+01,2.300000000000000000e+01,8.172043010752688685e-01,5.801526717557251578e-01,5.749999999999999556e-01,3.160087019205093384e-02,5.734669864177703857e-01,0.000000000000000000e+00,1.439560204744338989e-03,3.324497286230325699e-01,3.908029247075319290e+01,7.640680895801633596e+02,3.093912737444043159e+00
1.459999999999999909e-01,6.100000000000000000e+01,1.100000000000000000e+01,6.500000000000000000e+01,2.700000000000000000e+01,8.472222222222222099e-01,4.841269841269841279e-01,7.105263157894736725e-01,2.967647090554237366e-02,5.934839788824319839e-01,0.000000000000000000e+00,1.414336264133453369e-03,3.215457089245319366e-01,3.906317593529820442e+01,7.564388017840683460e+02,3.043836982920765877e+00
1.469999999999999918e-01,6.800000000000000000e+01,9.000000000000000000e+00,6.200000000000000000e+01,2.700000000000000000e+01,8.831168831168830780e-01,5.230769230769231060e-01,7.500000000000000000e-01,3.018705919384956360e-02,5.617742780596017838e-01,0.000000000000000000e+00,1.431521028280258179e-03,3.333342224359512329e-01,3.878845881298184395e+01,7.477553174085915089e+02,3.025132218375802040e+00
1.479999999999999927e-01,7.400000000000000000e+01,1.600000000000000000e+01,6.100000000000000000e+01,1.800000000000000000e+01,8.222222222222221877e-01,5.481481481481481621e-01,5.294117647058823595e-01,3.031397610902786255e-02,5.923101268708705902e-01,0.000000000000000000e+00,1.398602500557899475e-03,3.350714370608329773e-01,3.872564679384231567e+01,7.496341335605829954e+02,3.018377816304564476e+00
1.489999999999999936e-01,7.000000000000000000e+01,1.600000000000000000e+01,6.000000000000000000e+01,2.600000000000000000e+01,8.139534883720930258e-01,5.384615384615384359e-01,6.190476190476190688e-01,3.030374832451343536e-02,5.744823403656482697e-01,0.000000000000000000e+00,1.405024901032447815e-03,3.147987797856330872e-01,3.857504477165639400e+01,7.551364358477294445e+02,3.064825307577848434e+00
1.499999999999999944e-01,7.000000000000000000e+01,1.000000000000000000e+01,6.300000000000000000e+01,2.800000000000000000e+01,8.750000000000000000e-01,5.263157894736841813e-01,7.368421052631578538e-01,2.862157672643661499e-02,5.749054066836833954e-01,0.000000000000000000e+00,1.437289640307426453e-03,3.291885461658239365e-01,3.903081166744232178e+01,7.628474228437989950e+02,3.080720353871583939e+00
1.509999999999999953e-01,6.000000000000000000e+01,1.300000000000000000e+01,6.700000000000000000e+01,2.800000000000000000e+01,8.219178082191780366e-01,4.724409448818897572e-01,6.829268292682927344e-01,2.865997515618801117e-02,5.654095150530338287e-01,0.000000000000000000e+00,1.417169347405433655e-03,3.259555567055940628e-01,3.918089112825691700e+01,7.552978198677301407e+02,3.036622870713472366e+00
1.519999999999999962e-01,6.400000000000000000e+01,7.000000000000000000e+00,6.500000000000000000e+01,2.800000000000000000e+01,9.014084507042253724e-01,4.961240310077519311e-01,8.000000000000000444e-01,2.923930808901786804e-02,5.747186727821826935e-01,0.000000000000000000e+00,1.365676522254943848e-03,3.256296347826719284e-01,3.887529151141643524e+01,7.499712112490087748e+02,2.994461890310049057e+00
1.529999999999999971e-01,7.500000000000000000e+01,1.200000000000000000e+01,5.800000000000000000e+01,2.200000000000000000e+01,8.620689655172413257e-01,5.639097744360902498e-01,6.470588235294117974e-01,3.030022606253623962e-02,5.670162513852119446e-01,0.000000000000000000e+00,1.393705606460571289e-03,3.372166790068149567e-01,3.876050694473087788e+01,7.519960634261369705e+02,3.039675991982221603e+00
1.539999999999999980e-01,8.100000000000000000e+01,9.000000000000000000e+00,5.400000000000000000e+01,2.600000000000000000e+01,9.000000000000000222e-01,5.999999999999999778e-01,7.428571428571428825e-01,3.086416795849800110e-02,5.742028076201677322e-01,0.000000000000000000e+00,1.444829627871513367e-03,3.229749333113431931e-01,3.864829000085592270e+01,7.568546688258647919e+02,3.062679536640644073e+00
1.549999999999999989e-01,6.800000000000000000e+01,1.000000000000000000e+01,6.300000000000000000e+01,2.900000000000000000e+01,8.717948717948718063e-01,5.190839694656488312e-01,7.435897435897436125e-01,2.776732854545116425e-02,5.567802935838699341e-01,0.000000000000000000e+00,1.399414613842964172e-03,3.114714287221431732e-01,3.896532207913696766e+01,7.621758295278996229e+02,3.052259914577007294e+00
1.559999999999999998e-01,7.100000000000000000e+01,1.100000000000000000e+01,6.000000000000000000e+01,2.700000000000000000e+01,8.658536585365853577e-01,5.419847328244274953e-01,7.105263157894736725e-01,2.871552109718322754e-02,5.512605030089616776e-01,0.000000000000000000e+00,1.411784440279006958e-03,3.167871534824371338e-01,3.891862826980650425e+01,7.538131543193012476e+02,3.067472828552126884e+00
1.570000000000000007e-01,7.900000000000000000e+01,1.200000000000000000e+01,5.800000000000000000e+01,2.200000000000000000e+01,8.681318681318681563e-01,5.766423357664233196e-01,6.470588235294117974e-01,3.349155001342296600e-02,5.574990045279264450e-01,0.000000000000000000e+00,1.398859545588493347e-03,3.277619797736406326e-01,3.881615605391561985e+01,7.481870439033955336e+02,2.996056511998176575e+00
1.580000000000000016e-01,6.800000000000000000e+01,1.100000000000000000e+01,6.300000000000000000e+01,2.300000000000000000e+01,8.607594936708861111e-01,5.190839694656488312e-01,6.764705882352941568e-01,3.411320783197879791e-02,5.786884091794490814e-01,0.000000000000000000e+00,1.380141824483871460e-03,3.313687853515148163e-01,3.866024702228605747e+01,7.489868467207998037e+02,3.040586490184068680e+00
1.590000000000000024e-01,6.800000000000000000e+01,8.000000000000000000e+00,6.300000000000000000e+01,2.800000000000000000e+01,8.947368421052631637e-01,5.190839694656488312e-01,7.777777777777777901e-01,2.862315066158771515e-02,5.499008186161518097e-01,0.000000000000000000e+00,1.382378861308097839e-03,3.264294993132352829e-01,3.869800374098122120e+01,7.542239985615015030e+02,3.050063854083418846e+00
1.600000000000000033e-01,7.800000000000000000e+01,1.400000000000000000e+01,5.300000000000000000e+01,2.300000000000000000e+01,8.478260869565217295e-01,5.954198473282442672e-01,6.216216216216216006e-01,2.991400659084320068e-02,5.569542739540338516e-01,0.000000000000000000e+00,1.381032168865203857e-03,3.273987863212823868e-01,3.878904756344854832e+01,7.607209084257483482e+02,3.048988098278641701e+00
1.610000000000000042e-01,7.100000000000000000e+01,1.000000000000000000e+01,6.100000000000000000e+01,2.600000000000000000e+01,8.765432098765432167e-01,5.378787878787878451e-01,7.222222222222222099e-01,2.784580364823341370e-02,5.577651858329772949e-01,0.000000000000000000e+00,1.391759142279624939e-03,3.146150708198547363e-01,3.898473960533738136e+01,7.620567167829722166e+02,3.071232853457331657e+00
1.620000000000000051e-01,7.100000000000000000e+01,1.200000000000000000e+01,5.800000000000000000e+01,2.300000000000000000e+01,8.554216867469879304e-01,5.503875968992247847e-01,6.571428571428571397e-01,2.797473408281803131e-02,5.584634579718112946e-01,0.000000000000000000e+00,1.417797058820724487e-03,3.268393836915493011e-01,3.901524288393557072e+01,7.538874480202794075e+02,3.057964092120528221e+00
1.630000000000000060e-01,7.300000000000000000e+01,9.000000000000000000e+00,5.600000000000000000e+01,2.700000000000000000e+01,8.902439024390244038e-01,5.658914728682170603e-01,7.500000000000000000e-01,2.836377173662185669e-02,5.696702115237712860e-01,0.000000000000000000e+00,1.370809972286224365e-03,3.261311389505863190e-01,3.886874333955347538e+01,7.462669700272381306e+02,3.005732288584113121e+00
1.640000000000000069e-01,7.700000000000000000e+01,1.100000000000000000e+01,5.600000000000000000e+01,2.500000000000000000e+01,8.750000000000000000e-01,5.789473684210526550e-01,6.944444444444444198e-01,2.892843075096607208e-02,5.691937077790498734e-01,0.000000000000000000e+00,1.385519281029701233e-03,3.533800374716520309e-01,3.865804792568087578e+01,7.442469260990619659e+02,2.998954975977540016e+00
1.650000000000000078e-01,7.400000000000000000e+01,1.400000000000000000e+01,5.200000000000000000e+01,2.400000000000000000e+01,8.409090909090909394e-01,5.873015873015873245e-01,6.315789473684210176e-01,2.881803549826145172e-02,5.543873738497495651e-01,0.000000000000000000e+00,1.387683674693107605e-03,3.224065527319908142e-01,3.869075986184179783e+01,7.509362703822553158e+02,3.051985884085297585e+00
1.660000000000000087e-01,7.000000000000000000e+01,1.300000000000000000e+01,5.800000000000000000e+01,2.300000000000000000e+01,8.433734939759036653e-01,5.468750000000000000e-01,6.388888888888888395e-01,3.197041898965835571e-02,5.715989265590906143e-01,0.000000000000000000e+00,1.422405242919921875e-03,3.202587626874446869e-01,3.858460639417171478e+01,7.552922031916677952e+02,3.061566721647977829e+00
1.670000000000000095e-01,6.300000000000000000e+01,1.300000000000000000e+01,6.800000000000000000e+01,2.900000000000000000e+01,8.289473684210526550e-01,4.809160305343511688e-01,6.904761904761904656e-01,2.897604741156101227e-02,5.511450767517089844e-01,0.000000000000000000e+00,1.397268846631050110e-03,3.548896983265876770e-01,3.895300402492284775e+01,7.624021045193076134e+02,3.069871062412858009e+00
1.680000000000000104e-01,7.100000000000000000e+01,1.300000000000000000e+01,5.600000000000000000e+01,2.600000000000000000e+01,8.452380952380952328e-01,5.590551181102362266e-01,6.666666666666666297e-01,2.880767360329627991e-02,5.852353330701589584e-01,0.000000000000000000e+00,1.418111845850944519e-03,3.445730544626712799e-01,3.921719325520098209e+01,7.586810834035277367e+02,3.057894196361303329e+00
1.690000000000000113e-01,6.900000000000000000e+01,1.700000000000000000e+01,6.000000000000000000e+01,2.400000000000000000e+01,8.023255813953488191e-01,5.348837209302325091e-01,5.853658536585365502e-01,2.895495295524597168e-02,5.735147055238485336e-01,0.000000000000000000e+00,1.414291560649871826e-03,3.292819987982511520e-01,3.855295594222843647e+01,7.404669318031519651e+02,3.011990802362561226e+00
1.700000000000000122e-01,6.500000000000000000e+01,1.100000000000000000e+01,6.000000000000000000e+01,2.800000000000000000e+01,8.552631578947368363e-01,5.200000000000000178e-01,7.179487179487179516e-01,2.966940030455589294e-02,5.805901046842336655e-01,0.000000000000000000e+00,1.396035775542259216e-03,3.437540307641029358e-01,3.870991415157914162e+01,7.474736616741865873e+02,3.017513506114482880e+00
1.710000000000000131e-01,7.100000000000000000e+01,1.200000000000000000e+01,5.900000000000000000e+01,3.000000000000000000e+01,8.554216867469879304e-01,5.461538461538461009e-01,7.142857142857143016e-01,2.894961088895797729e-02,5.705167651176452637e-01,0.000000000000000000e+00,1.384137198328971863e-03,3.415115587413311005e-01,3.885419734381139278e+01,7.501291165072470903e+02,2.993748525157570839e+00
1.720000000000000140e-01,6.900000000000000000e+01,1.200000000000000000e+01,6.200000000000000000e+01,2.700000000000000000e+01,8.518518518518518601e-01,5.267175572519083859e-01,6.923076923076922906e-01,2.993864566087722778e-02,5.792194195091724396e-01,0.000000000000000000e+00,1.451434567570686340e-03,3.300211559981107712e-01,3.869321599043905735e+01,7.474049300793558359e+02,3.002657581120729446e+00
1.730000000000000149e-01,6.900000000000000000e+01,1.300000000000000000e+01,5.700000000000000000e+01,2.700000000000000000e+01,8.414634146341463117e-01,5.476190476190476719e-01,6.750000000000000444e-01,2.953622303903102875e-02,5.761022772639989853e-01,0.000000000000000000e+00,1.392612233757972717e-03,3.140592090785503387e-01,3.840524251200258732e+01,7.498344253394752741e+02,3.022008847445249557e+00
1.740000000000000158e-01,7.100000000000000000e+01,1.500000000000000000e+01,5.800000000000000000e+01,2.600000000000000000e+01,8.255813953488372325e-01,5.503875968992247847e-01,6.341463414634146423e-01,2.876665815711021423e-02,5.761609300971031189e-01,0.000000000000000000e+00,1.387717202305793762e-03,3.146734982728958130e-01,3.763572886027395725e+01,7.274769224766641855e+02,2.919589243829250336e+00
1.750000000000000167e-01,6.200000000000000000e+01,1.200000000000000000e+01,6.200000000000000000e+01,2.800000000000000000e+01,8.378378378378378288e-01,5.000000000000000000e-01,6.999999999999999556e-01,2.898937463760375977e-02,5.807950887829065323e-01,0.000000000000000000e+00,1.444699242711067200e-03,3.266983013600111008e-01,3.903904188796877861e+01,7.587696720268577337e+02,3.075728056952357292e+00
1.760000000000000175e-01,6.700000000000000000e+01,1.000000000000000000e+01,6.300000000000000000e+01,2.700000000000000000e+01,8.701298701298700866e-01,5.153846153846153300e-01,7.297297297297297147e-01,3.110648319125175476e-02,6.359039321541786194e-01,0.000000000000000000e+00,1.571992412209510803e-03,3.276140205562114716e-01,3.836905700154602528e+01,7.396400030311197042e+02,2.979591069743037224e+00
1.769999999999999907e-01,6.700000000000000000e+01,9.000000000000000000e+00,6.100000000000000000e+01,2.800000000000000000e+01,8.815789473684210176e-01,5.234375000000000000e-01,7.567567567567567988e-01,3.139514289796352386e-02,6.336860004812479019e-01,0.000000000000000000e+00,1.555500552058219910e-03,3.363999836146831512e-01,3.829663860239088535e+01,7.424802417531609535e+02,2.978266594931483269e+00
1.779999999999999916e-01,6.300000000000000000e+01,1.200000000000000000e+01,6.400000000000000000e+01,2.700000000000000000e+01,8.399999999999999689e-01,4.960629921259842590e-01,6.923076923076922906e-01,2.918916009366512299e-02,5.995350554585456848e-01,0.000000000000000000e+00,1.486113294959068298e-03,3.446200676262378693e-01,3.840494253858923912e+01,7.440882698986679316e+02,3.002193106338381767e+00
1.789999999999999925e-01,6.700000000000000000e+01,1.400000000000000000e+01,5.800000000000000000e+01,2.500000000000000000e+01,8.271604938271605034e-01,5.360000000000000320e-01,6.410256410256410797e-01,2.952984347939491272e-02,5.825355052947998047e-01,0.000000000000000000e+00,1.428168267011642456e-03,3.308952432125806808e-01,3.952511770091950893e+01,7.696442987471818924e+02,3.101312160491943359e+00
1.799999999999999933e-01,6.800000000000000000e+01,8.000000000000000000e+00,6.400000000000000000e+01,2.500000000000000000e+01,8.947368421052631637e-01,5.151515151515151381e-01,7.575757575757575690e-01,3.050154075026512146e-02,6.063603851944208145e-01,0.000000000000000000e+00,1.449555158615112305e-03,3.432987071573734283e-01,3.821680071391165257e+01,7.387479763217270374e+02,2.983997927978634834e+00
1.809999999999999942e-01,6.400000000000000000e+01,1.100000000000000000e+01,6.300000000000000000e+01,3.000000000000000000e+01,8.533333333333333881e-01,5.039370078740157410e-01,7.317073170731707155e-01,3.137351758778095245e-02,6.045223008841276169e-01,0.000000000000000000e+00,1.487290486693382263e-03,3.374541364610195160e-01,3.827428799681365490e+01,7.404380145613104105e+02,2.993462387472391129e+00
1.819999999999999951e-01,7.100000000000000000e+01,1.100000000000000000e+01,5.800000000000000000e+01,2.500000000000000000e+01,8.658536585365853577e-01,5.503875968992247847e-01,6.944444444444444198e-01,3.045431151986122131e-02,5.815803557634353638e-01,0.000000000000000000e+00,1.478243619203567505e-03,3.281809687614440918e-01,3.825820903293788433e+01,7.403189462181180716e+02,3.008767876774072647e+00
1.829999999999999960e-01,5.700000000000000000e+01,1.200000000000000000e+01,6.900000000000000000e+01,2.800000000000000000e+01,8.260869565217391353e-01,4.523809523809523836e-01,6.999999999999999556e-01,2.971372380852699280e-02,6.122138109058141708e-01,0.000000000000000000e+00,1.447148621082305908e-03,3.295746240764856339e-01,3.832185263745486736e+01,7.415501940082758665e+02,2.999555686488747597e+00
1.839999999999999969e-01,7.800000000000000000e+01,1.400000000000000000e+01,5.300000000000000000e+01,2.600000000000000000e+01,8.478260869565217295e-01,5.954198473282442672e-01,6.500000000000000222e-01,3.072513639926910400e-02,6.363120712339878082e-01,0.000000000000000000e+00,1.541344448924064636e-03,3.311009462922811508e-01,3.838658605329692364e+01,7.435409509148448706e+02,3.005075402557849884e+00
1.849999999999999978e-01,6.100000000000000000e+01,1.000000000000000000e+01,6.800000000000000000e+01,2.700000000000000000e+01,8.591549295774647543e-01,4.728682170542635732e-01,7.297297297297297147e-01,3.074814565479755402e-02,6.001743674278259277e-01,0.000000000000000000e+00,1.462392508983612061e-03,3.341763354837894440e-01,3.837490053661167622e+01,7.418907152488827705e+02,3.003476897254586220e+00
1.859999999999999987e-01,6.800000000000000000e+01,1.400000000000000000e+01,6.400000000000000000e+01,2.300000000000000000e+01,8.292682926829267887e-01,5.151515151515151381e-01,6.216216216216216006e-01,3.064089454710483551e-02,6.082079410552978516e-01,0.000000000000000000e+00,1.473354175686836243e-03,3.454448357224464417e-01,3.840288335643708706e+01,7.426496350876986980e+02,3.020018376410007477e+00
1.869999999999999996e-01,6.100000000000000000e+01,1.300000000000000000e+01,6.900000000000000000e+01,2.500000000000000000e+01,8.243243243243243423e-01,4.692307692307692291e-01,6.578947368421053099e-01,3.223135881125926971e-02,6.135851629078388214e-01,0.000000000000000000e+00,1.479439437389373779e-03,3.499522451311349869e-01,3.844340863078832626e+01,7.458975224643945694e+02,3.017941122874617577e+00
1.880000000000000004e-01,7.300000000000000000e+01,9.000000000000000000e+00,5.700000000000000000e+01,2.600000000000000000e+01,8.902439024390244038e-01,5.615384615384615419e-01,7.428571428571428825e-01,3.130804747343063354e-02,6.348568573594093323e-01,0.000000000000000000e+00,1.476794481277465820e-03,3.520679157227277756e-01,3.834897971525788307e+01,7.430274378824979067e+02,3.014554087072610855e+00
1.890000000000000013e-01,6.700000000000000000e+01,1.100000000000000000e+01,6.000000000000000000e+01,2.700000000000000000e+01,8.589743589743589203e-01,5.275590551181101873e-01,7.105263157894736725e-01,2.960283122956752777e-02,6.026800256222486496e-01,0.000000000000000000e+00,1.461049541831016541e-03,3.295006360858678818e-01,3.837940445169806480e+01,7.440481878668069839e+02,3.014523638412356377e+00
1.900000000000000022e-01,7.100000000000000000e+01,7.000000000000000000e+00,5.900000000000000000e+01,2.900000000000000000e+01,9.102564102564102422e-01,5.461538461538461009e-01,8.055555555555555802e-01,3.339225798845291138e-02,6.328528374433517456e-01,0.000000000000000000e+00,1.471575349569320679e-03,3.238015864044427872e-01,3.828317100927233696e+01,7.413299611564725637e+02,2.982757052406668663e+00
1.910000000000000031e-01,6.300000000000000000e+01,1.100000000000000000e+01,6.200000000000000000e+01,3.400000000000000000e+01,8.513513513513513153e-01,5.040000000000000036e-01,7.555555555555555358e-01,3.222537226974964142e-02,5.924564842134714127e-01,0.000000000000000000e+00,1.417020335793495178e-03,3.314106781035661697e-01,3.916955871321260929e+01,7.530053435619920492e+02,3.029367307201027870e+00
1.920000000000000040e-01,6.600000000000000000e+01,1.200000000000000000e+01,6.000000000000000000e+01,2.800000000000000000e+01,8.461538461538461453e-01,5.238095238095238360e-01,6.999999999999999556e-01,3.117341175675392151e-02,5.819674395024776459e-01,0.000000000000000000e+00,1.380797475576400757e-03,3.241178151220083237e-01,3.777670342288911343e+01,7.378011545054614544e+02,2.975711533799767494e+00
1.930000000000000049e-01,6.600000000000000000e+01,9.000000000000000000e+00,6.400000000000000000e+01,3.000000000000000000e+01,8.800000000000000044e-01,5.076923076923076650e-01,7.692307692307692735e-01,3.088800981640815735e-02,5.786297041922807693e-01,0.000000000000000000e+00,1.414490863680839539e-03,3.319510035216808319e-01,4.002876428887248039e+01,7.620078670028597116e+02,3.082369321957230568e+00
1.940000000000000058e-01,7.000000000000000000e+01,1.200000000000000000e+01,5.500000000000000000e+01,2.600000000000000000e+01,8.536585365853658347e-01,5.600000000000000533e-01,6.842105263157894912e-01,2.967706508934497833e-02,5.870468337088823318e-01,0.000000000000000000e+00,1.436738297343254089e-03,3.431959878653287888e-01,3.943916778080165386e+01,7.724155110251158476e+02,3.110865803435444832e+00
1.950000000000000067e-01,6.500000000000000000e+01,9.000000000000000000e+00,6.600000000000000000e+01,2.600000000000000000e+01,8.783783783783783994e-01,4.961832061068702227e-01,7.428571428571428825e-01,2.948121540248394012e-02,5.435708053410053253e-01,0.000000000000000000e+00,1.232581213116645813e-03,2.964556030929088593e-01,3.464338066801428795e+01,6.730685695651918650e+02,2.717378558591008186e+00
1.960000000000000075e-01,6.600000000000000000e+01,1.400000000000000000e+01,6.500000000000000000e+01,2.500000000000000000e+01,8.249999999999999556e-01,5.038167938931297218e-01,6.410256410256410797e-01,2.700213715434074402e-02,5.493490789085626602e-01,0.000000000000000000e+00,1.213880255818367004e-03,3.117367345839738846e-01,3.455014359951019287e+01,6.689644365478307009e+02,2.692251272499561310e+00
1.970000000000000084e-01,6.000000000000000000e+01,1.000000000000000000e+01,6.900000000000000000e+01,2.800000000000000000e+01,8.571428571428570953e-01,4.651162790697674354e-01,7.368421052631578538e-01,2.706317417323589325e-02,5.552619937807321548e-01,0.000000000000000000e+00,1.213891431689262390e-03,2.979589495807886124e-01,3.453444226272404194e+01,6.688781503867357969e+02,2.696365065872669220e+00
1.980000000000000093e-01,6.500000000000000000e+01,1.300000000000000000e+01,6.700000000000000000e+01,2.700000000000000000e+01,8.333333333333333703e-01,4.924242424242424310e-01,6.750000000000000444e-01,2.621404081583023071e-02,5.314372442662715912e-01,0.000000000000000000e+00,1.207219436764717102e-03,2.946811448782682419e-01,3.456645678542554379e+01,6.701193446628749371e+02,2.696129141375422478e+00
1.990000000000000102e-01,6.800000000000000000e+01,1.000000000000000000e+01,6.300000000000000000e+01,2.500000000000000000e+01,8.717948717948718063e-01,5.190839694656488312e-01,7.142857142857143016e-01,2.798578701913356781e-02,5.372997131198644638e-01,0.000000000000000000e+00,1.237701624631881714e-03,2.849099077284336090e-01,3.468650942295789719e+01,6.727429707646369934e+02,2.718572912737727165e+00
2.000000000000000111e-01,6.700000000000000000e+01,1.100000000000000000e+01,6.600000000000000000e+01,2.700000000000000000e+01,8.589743589743589203e-01,5.037593984962406291e-01,7.105263157894736725e-01,2.689246647059917450e-02,5.333220604807138443e-01,0.000000000000000000e+00,1.239093020558357239e-03,3.118756990879774094e-01,3.466804770007729530e+01,6.719317021686583757e+02,2.721804833039641380e+00
