0.000000000000000000e+00,3.810000000000000000e+02,1.130000000000000000e+02,3.400000000000000000e+02,1.610000000000000000e+02,7.712550607287449456e-01,5.284327323162274492e-01,5.875912408759124128e-01,1.985660100399400108e-02,3.902327869909640867e-01,0.000000000000000000e+00,2.300929001648910344e-03,1.123711980071675498e-01,5.392760520080628339e-01
1.000000000000000056e-01,4.190000000000000000e+02,1.250000000000000000e+02,3.020000000000000000e+02,1.490000000000000000e+02,7.702205882352941568e-01,5.811373092926490624e-01,5.437956204379561509e-01,1.828675798606127501e-02,4.074181970026984345e-01,0.000000000000000000e+00,2.389658995525678620e-03,1.132998510111065116e-01,5.553347579916589893e-01
2.000000000000000111e-01,4.210000000000000000e+02,1.240000000000000000e+02,3.000000000000000000e+02,1.500000000000000000e+02,7.724770642201834736e-01,5.839112343966712526e-01,5.474452554744525523e-01,1.829541701954440214e-02,3.786676080053439364e-01,0.000000000000000000e+00,2.306614995177369565e-03,1.074844019967713393e-01,5.197182619922386948e-01
3.000000000000000444e-01,4.620000000000000000e+02,1.300000000000000000e+02,2.590000000000000000e+02,1.440000000000000000e+02,7.804054054054053724e-01,6.407766990291262621e-01,5.255474452554744769e-01,1.767892600037157536e-02,3.823170389878214337e-01,0.000000000000000000e+00,2.304782985447673127e-03,1.061949699942488223e-01,5.221129769997787662e-01
4.000000000000000222e-01,4.750000000000000000e+02,1.390000000000000000e+02,2.460000000000000000e+02,1.350000000000000000e+02,7.736156351791531049e-01,6.588072122052704982e-01,4.927007299270073082e-01,1.805472698470111936e-02,3.893364599935011938e-01,0.000000000000000000e+00,2.277209005114855245e-03,1.078981969913002104e-01,5.319879450071312021e-01
5.000000000000000000e-01,4.500000000000000000e+02,1.280000000000000000e+02,2.710000000000000000e+02,1.460000000000000000e+02,7.785467128027682149e-01,6.241331484049930101e-01,5.328467153284671687e-01,2.293432999431388453e-02,3.866949990115244873e-01,0.000000000000000000e+00,2.342270014196401462e-03,1.099829489976400509e-01,5.353365259979909752e-01
6.000000000000000888e-01,4.220000000000000000e+02,1.200000000000000000e+02,2.990000000000000000e+02,1.540000000000000000e+02,7.785977859778597798e-01,5.852981969486823477e-01,5.620437956204379359e-01,1.862443499703658745e-02,3.946930140009499155e-01,0.000000000000000000e+00,2.408093008853029460e-03,1.104297560086706653e-01,5.408653499944193754e-01
7.000000000000000666e-01,4.630000000000000000e+02,1.330000000000000000e+02,2.580000000000000000e+02,1.410000000000000000e+02,7.768456375838925787e-01,6.421636615811373572e-01,5.145985401459853836e-01,1.871546901020337828e-02,3.897207690060895402e-01,0.000000000000000000e+00,2.279037005791906267e-03,1.091752299871586729e-01,5.341456640053365845e-01
8.000000000000000444e-01,4.760000000000000000e+02,1.400000000000000000e+02,2.450000000000000000e+02,1.340000000000000000e+02,7.727272727272727071e-01,6.601941747572815933e-01,4.890510948905109623e-01,1.784340599988354370e-02,3.770253600087016821e-01,0.000000000000000000e+00,2.210867001849692315e-03,1.066807630013499875e-01,5.172098200055188499e-01
9.000000000000000222e-01,4.650000000000000000e+02,1.500000000000000000e+02,2.560000000000000000e+02,1.240000000000000000e+02,7.560975609756097615e-01,6.449375866851595474e-01,4.525547445255474477e-01,1.790586399874882773e-02,3.819446989982679952e-01,0.000000000000000000e+00,2.332820979063399136e-03,1.063996519951615483e-01,5.227564779997919686e-01
1.000000000000000000e+00,4.820000000000000000e+02,1.510000000000000000e+02,2.390000000000000000e+02,1.230000000000000000e+02,7.614533965244866254e-01,6.685159500693481638e-01,4.489051094890511018e-01,1.831843699983437546e-02,3.787762719839520287e-01,0.000000000000000000e+00,2.221852988441241905e-03,1.056807690001733135e-01,5.186837120127165690e-01
1.100000000000000089e+00,4.940000000000000000e+02,1.580000000000000000e+02,2.270000000000000000e+02,1.160000000000000000e+02,7.576687116564416735e-01,6.851595006934813048e-01,4.233576642335766249e-01,1.810974600084591657e-02,3.786387559957802296e-01,0.000000000000000000e+00,2.201095998316304758e-03,1.050568930040753912e-01,5.183871359986369498e-01
1.200000000000000178e+00,4.710000000000000000e+02,1.450000000000000000e+02,2.500000000000000000e+02,1.290000000000000000e+02,7.646103896103896291e-01,6.532593619972261179e-01,4.708029197080291772e-01,1.881493800101452507e-02,3.798591839913569856e-01,0.000000000000000000e+00,2.260055003716843203e-03,1.057026959933864418e-01,5.205142360100580845e-01
1.300000000000000044e+00,4.270000000000000000e+02,1.480000000000000000e+02,2.940000000000000000e+02,1.260000000000000000e+02,7.426086956521739113e-01,5.922330097087378231e-01,4.598540145985401395e-01,1.793476300372276455e-02,3.801659779892361257e-01,0.000000000000000000e+00,2.277292005601339042e-03,1.065265910001471639e-01,5.205663999986427370e-01
1.400000000000000133e+00,4.860000000000000000e+02,1.580000000000000000e+02,2.350000000000000000e+02,1.160000000000000000e+02,7.546583850931677384e-01,6.740638002773925441e-01,4.233576642335766249e-01,1.730986000256962143e-02,3.774429910008620936e-01,0.000000000000000000e+00,2.232603997981641442e-03,1.051761219641775824e-01,5.161142999895673711e-01
1.500000000000000000e+00,4.790000000000000000e+02,1.680000000000000000e+02,2.420000000000000000e+02,1.060000000000000000e+02,7.403400309119010370e-01,6.643550624133148785e-01,3.868613138686131658e-01,1.798228900224785320e-02,3.783547739949426614e-01,0.000000000000000000e+00,2.196251014538574964e-03,1.059868919983273372e-01,5.186519789967860561e-01
1.600000000000000089e+00,4.770000000000000000e+02,1.500000000000000000e+02,2.440000000000000000e+02,1.240000000000000000e+02,7.607655502392344227e-01,6.615811373092926884e-01,4.525547445255474477e-01,1.765854599580052309e-02,3.787015279958723113e-01,0.000000000000000000e+00,2.289586012921063229e-03,1.053122810008062515e-01,5.180745259931427427e-01
1.700000000000000178e+00,4.980000000000000000e+02,1.630000000000000000e+02,2.230000000000000000e+02,1.110000000000000000e+02,7.534039334341906535e-01,6.907073509015256851e-01,4.051094890510948954e-01,1.807485300014377572e-02,3.790043409935606178e-01,0.000000000000000000e+00,2.200673985498724505e-03,1.053636530159565154e-01,5.189448940145666711e-01
1.800000000000000044e+00,5.100000000000000000e+02,1.740000000000000000e+02,2.110000000000000000e+02,1.000000000000000000e+02,7.456140350877192846e-01,7.073509015256588262e-01,3.649635036496350349e-01,1.785952300997450948e-02,3.805396129937435035e-01,0.000000000000000000e+00,2.268448992253979668e-03,1.046858669942594133e-01,5.195950979941699188e-01
1.900000000000000133e+00,4.710000000000000000e+02,1.620000000000000000e+02,2.500000000000000000e+02,1.120000000000000000e+02,7.440758293838862780e-01,6.532593619972261179e-01,4.087591240875912413e-01,1.842661599948769435e-02,3.786819389752054121e-01,0.000000000000000000e+00,2.246699001261731610e-03,1.051402670018433128e-01,5.187342819990590215e-01
2.000000000000000000e+00,4.980000000000000000e+02,1.750000000000000000e+02,2.230000000000000000e+02,9.900000000000000000e+01,7.399702823179792333e-01,6.907073509015256851e-01,3.613138686131386890e-01,1.705300901448936202e-02,3.778680030118266586e-01,0.000000000000000000e+00,2.260620996821671724e-03,1.056983879934705328e-01,5.169576920088729821e-01
2.100000000000000089e+00,4.950000000000000000e+02,1.800000000000000000e+02,2.260000000000000000e+02,9.400000000000000000e+01,7.333333333333332815e-01,6.865464632454923999e-01,3.430656934306569594e-01,1.760360098705859855e-02,3.797531140116916504e-01,0.000000000000000000e+00,2.226228010840713978e-03,1.051689860069018323e-01,5.186384049993648659e-01
2.200000000000000178e+00,5.220000000000000000e+02,1.950000000000000000e+02,1.990000000000000000e+02,7.900000000000000000e+01,7.280334728033472924e-01,7.239944521497919672e-01,2.883211678832116598e-01,1.797056199939106591e-02,3.794746299936377909e-01,0.000000000000000000e+00,2.260909997858107090e-03,1.045806649999576621e-01,5.186664180000661872e-01
2.300000000000000266e+00,5.190000000000000000e+02,1.830000000000000000e+02,2.020000000000000000e+02,9.100000000000000000e+01,7.393162393162393542e-01,7.198335644937586819e-01,3.321167883211678662e-01,1.782271101183141582e-02,3.782595749980828259e-01,0.000000000000000000e+00,2.181210991693660617e-03,1.051178179986891337e-01,5.176387019964749925e-01
2.400000000000000355e+00,5.030000000000000000e+02,1.780000000000000000e+02,2.180000000000000000e+02,9.600000000000000000e+01,7.386196769456681022e-01,6.976421636615811606e-01,3.503649635036496512e-01,1.771875000122236088e-02,3.785551930050132796e-01,0.000000000000000000e+00,2.216053984739119187e-03,1.049661570068565197e-01,5.174665150043438189e-01
2.500000000000000000e+00,5.250000000000000000e+02,1.770000000000000000e+02,1.960000000000000000e+02,9.700000000000000000e+01,7.478632478632478708e-01,7.281553398058252524e-01,3.540145985401459972e-01,1.727300798665964976e-02,3.810565059902728535e-01,0.000000000000000000e+00,2.197225992858875543e-03,1.047014819960168097e-01,5.195552389959630091e-01
2.600000000000000089e+00,5.250000000000000000e+02,2.010000000000000000e+02,1.960000000000000000e+02,7.300000000000000000e+01,7.231404958677686290e-01,7.281553398058252524e-01,2.664233576642335843e-01,1.762427500216290355e-02,3.772680010042677168e-01,0.000000000000000000e+00,2.235382984508760273e-03,1.036774870080989785e-01,5.152560149981582072e-01
2.700000000000000178e+00,5.250000000000000000e+02,1.890000000000000000e+02,1.960000000000000000e+02,8.500000000000000000e+01,7.352941176470588758e-01,7.281553398058252524e-01,3.102189781021897907e-01,1.793236998491920531e-02,3.770005670157843269e-01,0.000000000000000000e+00,2.149075007764622569e-03,1.046828739890770521e-01,5.159759179987304378e-01
2.800000000000000266e+00,4.930000000000000000e+02,1.900000000000000000e+02,2.280000000000000000e+02,8.400000000000000000e+01,7.218155197657394329e-01,6.837725381414702097e-01,3.065693430656934448e-01,1.784305698674870655e-02,3.798153619791264646e-01,0.000000000000000000e+00,2.181404008297249675e-03,1.053603379950800445e-01,5.197101879857655149e-01
2.900000000000000355e+00,5.330000000000000000e+02,1.970000000000000000e+02,1.880000000000000000e+02,7.700000000000000000e+01,7.301369863013699169e-01,7.392510402219140131e-01,2.810218978102189680e-01,1.758150399837177247e-02,3.790966219967231154e-01,0.000000000000000000e+00,2.244555005745496601e-03,1.047202900153934024e-01,5.180435339825635310e-01
3.000000000000000000e+00,4.720000000000000000e+02,1.830000000000000000e+02,2.490000000000000000e+02,9.100000000000000000e+01,7.206106870229007644e-01,6.546463245492372129e-01,3.321167883211678662e-01,1.733886698639253154e-02,3.766527249972568825e-01,0.000000000000000000e+00,2.161968986911233515e-03,1.052609050057071727e-01,5.155908230080967769e-01
3.100000000000000089e+00,5.330000000000000000e+02,2.040000000000000000e+02,1.880000000000000000e+02,7.000000000000000000e+01,7.232021709633650319e-01,7.392510402219140131e-01,2.554744525547445466e-01,1.736344901291886345e-02,3.808097949986404274e-01,0.000000000000000000e+00,2.218461999291321263e-03,1.040425800092634745e-01,5.190437929886684287e-01
3.200000000000000178e+00,5.220000000000000000e+02,1.900000000000000000e+02,1.990000000000000000e+02,8.400000000000000000e+01,7.331460674157302959e-01,7.239944521497919672e-01,3.065693430656934448e-01,1.744906599560636096e-02,3.767501679976703599e-01,0.000000000000000000e+00,2.199160000600386411e-03,1.050141470004746225e-01,5.159998390008695424e-01
3.300000000000000266e+00,5.280000000000000000e+02,1.970000000000000000e+02,1.930000000000000000e+02,7.700000000000000000e+01,7.282758620689655515e-01,7.323162274618585377e-01,2.810218978102189680e-01,1.793738801643485203e-02,3.794585360010387376e-01,0.000000000000000000e+00,2.181519994337577373e-03,1.046755950010265224e-01,5.187483079898811411e-01
3.400000000000000355e+00,5.030000000000000000e+02,1.930000000000000000e+02,2.180000000000000000e+02,8.100000000000000000e+01,7.227011494252874035e-01,6.976421636615811606e-01,2.956204379562044071e-01,1.765285998408216983e-02,3.757719660025031772e-01,0.000000000000000000e+00,2.192800002376316115e-03,1.049847470167151187e-01,5.146543169939832296e-01
3.500000000000000000e+00,5.700000000000000000e+02,2.130000000000000000e+02,1.510000000000000000e+02,6.100000000000000000e+01,7.279693486590038676e-01,7.905686546463245312e-01,2.226277372262773779e-01,1.746598700992763042e-02,3.768764130145427771e-01,0.000000000000000000e+00,2.181968000513734296e-03,1.036629970039939508e-01,5.145643139949243050e-01
3.600000000000000089e+00,5.500000000000000000e+02,2.030000000000000000e+02,1.710000000000000000e+02,7.100000000000000000e+01,7.304116865869854092e-01,7.628294036061026295e-01,2.591240875912408925e-01,1.763534398924093693e-02,3.779063339934509713e-01,0.000000000000000000e+00,2.208136018452933058e-03,1.039264880128030200e-01,5.159555600112071261e-01
3.700000000000000178e+00,5.330000000000000000e+02,2.050000000000000000e+02,1.880000000000000000e+02,6.900000000000000000e+01,7.222222222222222099e-01,7.392510402219140131e-01,2.518248175182482007e-01,1.769426298778853379e-02,3.758055170037550852e-01,0.000000000000000000e+00,2.136032999260351062e-03,1.045919720127130859e-01,5.146685020008590072e-01
3.800000000000000266e+00,5.440000000000000000e+02,2.160000000000000000e+02,1.770000000000000000e+02,5.800000000000000000e+01,7.157894736842105310e-01,7.545076282940360590e-01,2.116788321167883125e-01,1.762759802659275010e-02,3.776960639988828916e-01,0.000000000000000000e+00,2.218097008153563365e-03,1.028680780000286177e-01,5.149895240065234248e-01
3.900000000000000355e+00,4.940000000000000000e+02,2.020000000000000000e+02,2.270000000000000000e+02,7.200000000000000000e+01,7.097701149425287293e-01,6.851595006934813048e-01,2.627737226277372384e-01,1.739608299612882547e-02,3.772097140099504031e-01,0.000000000000000000e+00,2.098598000884521753e-03,1.042955190059728920e-01,5.150456449991906993e-01
4.000000000000000000e+00,5.410000000000000000e+02,2.110000000000000000e+02,1.800000000000000000e+02,6.300000000000000000e+01,7.194148936170212671e-01,7.503467406380027738e-01,2.299270072992700698e-01,1.789237202683580108e-02,3.760680449959181715e-01,0.000000000000000000e+00,2.207232992077479139e-03,1.041598779993364587e-01,5.148058589948050212e-01
4.100000000000000533e+00,5.280000000000000000e+02,1.960000000000000000e+02,1.930000000000000000e+02,7.800000000000000000e+01,7.292817679558011301e-01,7.323162274618585377e-01,2.846715328467153139e-01,1.790322198576177470e-02,3.783553130051586777e-01,0.000000000000000000e+00,2.197045992943458259e-03,1.048832389897143003e-01,5.176974939859064762e-01
4.200000000000000178e+00,5.560000000000000000e+02,2.170000000000000000e+02,1.650000000000000000e+02,5.700000000000000000e+01,7.192755498059508756e-01,7.711511789181692000e-01,2.080291970802919665e-01,1.780960501127992757e-02,3.774253049996332265e-01,0.000000000000000000e+00,2.131698020093608648e-03,1.035788199915259611e-01,5.157670130101905670e-01
4.299999999999999822e+00,4.940000000000000000e+02,1.920000000000000000e+02,2.270000000000000000e+02,8.200000000000000000e+01,7.201166180758017399e-01,6.851595006934813048e-01,2.992700729927007530e-01,1.784197799497633241e-02,3.791784879977058154e-01,0.000000000000000000e+00,2.176538007915951312e-03,1.048675189995265100e-01,5.184183409910474438e-01
4.400000000000000355e+00,4.890000000000000000e+02,1.930000000000000000e+02,2.320000000000000000e+02,8.100000000000000000e+01,7.170087976539589736e-01,6.782246879334258294e-01,2.956204379562044071e-01,1.775886199175147340e-02,3.789909469960548449e-01,0.000000000000000000e+00,2.237248991150408983e-03,1.053645989959477447e-01,5.185283110113232397e-01
4.500000000000000000e+00,5.290000000000000000e+02,2.090000000000000000e+02,1.920000000000000000e+02,6.500000000000000000e+01,7.168021680216801750e-01,7.337031900138696328e-01,2.372262773722627616e-01,1.732132000324781984e-02,3.747560080082621425e-01,0.000000000000000000e+00,2.175785986764822155e-03,1.038773740147007629e-01,5.124767170018458273e-01
4.600000000000000533e+00,5.170000000000000000e+02,2.090000000000000000e+02,2.040000000000000000e+02,6.500000000000000000e+01,7.121212121212121549e-01,7.170596393897364917e-01,2.372262773722627616e-01,1.778752001337124966e-02,3.774586649960838258e-01,0.000000000000000000e+00,2.199411002948181704e-03,1.041356109999469481e-01,5.158666839924990200e-01
4.700000000000000178e+00,5.420000000000000000e+02,2.130000000000000000e+02,1.790000000000000000e+02,6.100000000000000000e+01,7.178807947019867353e-01,7.517337031900138689e-01,2.226277372262773779e-01,1.797609901041141711e-02,3.783073039885493927e-01,0.000000000000000000e+00,2.154930993128800765e-03,1.040147380081180017e-01,5.167758439965837169e-01
4.800000000000000711e+00,5.480000000000000000e+02,2.030000000000000000e+02,1.730000000000000000e+02,7.100000000000000000e+01,7.296937416777630192e-01,7.600554785020804394e-01,2.591240875912408925e-01,1.882537201527156867e-02,3.778022799997415859e-01,0.000000000000000000e+00,2.198201978899305686e-03,1.044284780073212460e-01,5.177912130166077986e-01
4.900000000000000355e+00,5.200000000000000000e+02,2.180000000000000000e+02,2.010000000000000000e+02,5.600000000000000000e+01,7.046070460704606520e-01,7.212205270457697770e-01,2.043795620437956206e-01,1.791385300748515874e-02,3.801350189824006520e-01,0.000000000000000000e+00,2.166817987017566338e-03,1.040539870191423688e-01,5.186377229947538581e-01
5.000000000000000000e+00,5.170000000000000000e+02,2.060000000000000000e+02,2.040000000000000000e+02,6.800000000000000000e+01,7.150760719225449646e-01,7.170596393897364917e-01,2.481751824817518270e-01,1.809298399894032627e-02,3.781562379954266362e-01,0.000000000000000000e+00,2.117153995641274378e-03,1.046372919990972150e-01,5.174133200125652365e-01
5.100000000000000533e+00,5.290000000000000000e+02,2.170000000000000000e+02,1.920000000000000000e+02,5.700000000000000000e+01,7.091152815013405109e-01,7.337031900138696328e-01,2.080291970802919665e-01,1.733210901875281706e-02,3.752734189947659615e-01,0.000000000000000000e+00,2.107929005433106795e-03,1.040810209997289348e-01,5.130282529971736949e-01
5.200000000000000178e+00,5.450000000000000000e+02,2.130000000000000000e+02,1.760000000000000000e+02,6.100000000000000000e+01,7.189973614775725386e-01,7.558945908460471541e-01,2.226277372262773779e-01,1.818610401824116707e-02,3.779052350037090946e-01,0.000000000000000000e+00,2.169786996091715991e-03,1.036075109950616024e-01,5.166056199996091891e-01
5.300000000000000711e+00,5.290000000000000000e+02,2.120000000000000000e+02,1.920000000000000000e+02,6.200000000000000000e+01,7.139001349527664964e-01,7.337031900138696328e-01,2.262773722627737238e-01,1.767969501452171244e-02,3.790569809934822842e-01,0.000000000000000000e+00,2.160866006306605414e-03,1.040997370037075598e-01,5.172967239741410594e-01
5.400000000000000355e+00,5.830000000000000000e+02,2.320000000000000000e+02,1.380000000000000000e+02,4.200000000000000000e+01,7.153374233128834137e-01,8.085991678224687673e-01,1.532846715328467224e-01,1.724606200150446966e-02,3.767197519955516327e-01,0.000000000000000000e+00,2.209277998190373182e-03,1.029826660051185172e-01,5.139448109912336804e-01
5.500000000000000000e+00,5.490000000000000000e+02,2.130000000000000000e+02,1.720000000000000000e+02,6.100000000000000000e+01,7.204724409448819422e-01,7.614424410540915344e-01,2.226277372262773779e-01,1.768302199707250111e-02,3.766814170048746746e-01,0.000000000000000000e+00,2.191964020312298089e-03,1.039525330124888569e-01,5.147568290121853352e-01
5.600000000000000533e+00,5.280000000000000000e+02,2.230000000000000000e+02,1.930000000000000000e+02,5.100000000000000000e+01,7.030625832223701410e-01,7.323162274618585377e-01,1.861313868613138633e-01,1.778173601633170620e-02,3.772201790088729467e-01,0.000000000000000000e+00,2.139476007869234309e-03,1.050553010099974927e-01,5.165335399942705408e-01
5.700000000000000178e+00,5.460000000000000000e+02,2.240000000000000000e+02,1.750000000000000000e+02,5.000000000000000000e+01,7.090909090909091050e-01,7.572815533980582492e-01,1.824817518248175174e-01,1.777803600634797476e-02,3.779997189958521631e-01,0.000000000000000000e+00,2.165383000829024240e-03,1.034466310084098950e-01,5.159434459892509039e-01
5.800000000000000711e+00,5.050000000000000000e+02,2.110000000000000000e+02,2.160000000000000000e+02,6.300000000000000000e+01,7.053072625698324494e-01,7.004160887656033507e-01,2.299270072992700698e-01,1.755190101175685413e-02,3.795042999918223359e-01,0.000000000000000000e+00,2.196161993197165430e-03,1.038957250129897147e-01,5.173878420173423365e-01
5.900000000000000355e+00,5.370000000000000000e+02,2.150000000000000000e+02,1.840000000000000000e+02,5.900000000000000000e+01,7.140957446808510189e-01,7.447988904299583934e-01,2.153284671532846584e-01,1.751974599028471857e-02,3.787897670081292745e-01,0.000000000000000000e+00,2.160705003916518763e-03,1.037053899963211734e-01,5.163774860120611265e-01
6.000000000000000000e+00,5.160000000000000000e+02,2.200000000000000000e+02,2.050000000000000000e+02,5.400000000000000000e+01,7.010869565217391353e-01,7.156726768377253967e-01,1.970802919708029288e-01,1.750690400513121858e-02,3.756419229939638171e-01,0.000000000000000000e+00,2.159130006475606933e-03,1.040489370025170501e-01,5.138787460091407411e-01
6.100000000000000533e+00,5.120000000000000000e+02,2.120000000000000000e+02,2.090000000000000000e+02,6.200000000000000000e+01,7.071823204419889208e-01,7.101248266296810163e-01,2.262773722627737238e-01,1.761205699222045951e-02,3.787147299954085611e-01,0.000000000000000000e+00,2.209575995948398486e-03,1.046184940241801087e-01,5.175910559846670367e-01
6.200000000000000178e+00,5.330000000000000000e+02,2.040000000000000000e+02,1.880000000000000000e+02,7.000000000000000000e+01,7.232021709633650319e-01,7.392510402219140131e-01,2.554744525547445466e-01,1.799064398801419884e-02,3.764760379817744251e-01,0.000000000000000000e+00,2.141339005902409554e-03,1.036884989953250624e-01,5.146543830051086843e-01
6.300000000000000711e+00,5.370000000000000000e+02,2.160000000000000000e+02,1.840000000000000000e+02,5.800000000000000000e+01,7.131474103585657698e-01,7.447988904299583934e-01,2.116788321167883125e-01,1.836251000349875540e-02,3.790331089985556901e-01,0.000000000000000000e+00,2.150548029021592811e-03,1.037065649979922455e-01,5.176362760030315258e-01
6.400000000000000355e+00,5.400000000000000000e+02,2.220000000000000000e+02,1.810000000000000000e+02,5.200000000000000000e+01,7.086614173228346081e-01,7.489597780859916787e-01,1.897810218978102093e-01,1.878966099684475921e-02,3.776059710035042372e-01,0.000000000000000000e+00,2.138545009074732661e-03,1.039329270024609286e-01,5.170441359914548229e-01
6.500000000000000000e+00,5.220000000000000000e+02,2.170000000000000000e+02,1.990000000000000000e+02,5.700000000000000000e+01,7.063599458728010427e-01,7.239944521497919672e-01,2.080291970802919665e-01,1.761008700123056769e-02,3.801524359878385440e-01,0.000000000000000000e+00,2.137749994290061295e-03,1.040060599880234804e-01,5.184346390051359776e-01
6.600000000000000533e+00,5.550000000000000000e+02,2.190000000000000000e+02,1.660000000000000000e+02,5.500000000000000000e+01,7.170542635658915254e-01,7.697642163661581050e-01,2.007299270072992747e-01,1.773990799483726732e-02,3.789777680067345500e-01,0.000000000000000000e+00,2.235564003058243543e-03,1.036253109923563898e-01,5.175065449948306195e-01
6.700000000000000178e+00,5.340000000000000000e+02,2.180000000000000000e+02,1.870000000000000000e+02,5.600000000000000000e+01,7.101063829787234161e-01,7.406380027739251082e-01,2.043795620437956206e-01,1.752786899305647239e-02,3.773828719968150835e-01,0.000000000000000000e+00,2.116200023010605946e-03,1.038782740142778493e-01,5.152484330064908136e-01
6.800000000000000711e+00,5.000000000000000000e+02,2.150000000000000000e+02,2.210000000000000000e+02,5.900000000000000000e+01,6.993006993006992689e-01,6.934812760055478753e-01,2.153284671532846584e-01,1.757656699555809610e-02,3.773016709892544895e-01,0.000000000000000000e+00,2.195214001403655857e-03,1.046027889824472368e-01,5.161715510039357468e-01
6.900000000000000355e+00,4.800000000000000000e+02,2.050000000000000000e+02,2.410000000000000000e+02,6.900000000000000000e+01,7.007299270072993025e-01,6.657420249653259736e-01,2.518248175182482007e-01,1.799200900859432295e-02,3.780053419941395987e-01,0.000000000000000000e+00,2.216628974565537646e-03,1.049111939864815213e-01,5.173513439985981677e-01
7.000000000000000000e+00,4.950000000000000000e+02,2.190000000000000000e+02,2.260000000000000000e+02,5.500000000000000000e+01,6.932773109243697274e-01,6.865464632454923999e-01,2.007299270072992747e-01,1.753987299161963165e-02,3.763562450003519189e-01,0.000000000000000000e+00,2.254510010970989242e-03,1.051746689918218181e-01,5.154293789928487968e-01
7.100000000000000533e+00,5.140000000000000000e+02,2.230000000000000000e+02,2.070000000000000000e+02,5.100000000000000000e+01,6.974219810040706014e-01,7.128987517337032065e-01,1.861313868613138633e-01,1.746834699588362128e-02,3.797665929923823569e-01,0.000000000000000000e+00,2.165991001675138250e-03,1.045727230120974127e-01,5.181965059891808778e-01
7.200000000000000178e+00,5.060000000000000000e+02,2.020000000000000000e+02,2.150000000000000000e+02,7.200000000000000000e+01,7.146892655367231839e-01,7.018030513176144458e-01,2.627737226277372384e-01,1.764899298723321408e-02,3.772405280105886050e-01,0.000000000000000000e+00,2.155529000447131693e-03,1.038461799871583935e-01,5.151081710173457395e-01
7.300000000000000711e+00,4.770000000000000000e+02,2.030000000000000000e+02,2.440000000000000000e+02,7.100000000000000000e+01,7.014705882352940680e-01,6.615811373092926884e-01,2.591240875912408925e-01,1.781333699182141572e-02,3.783835489848570433e-01,0.000000000000000000e+00,2.245211999252205715e-03,1.045557030047348235e-01,5.169286570126132574e-01
7.400000000000000355e+00,4.990000000000000000e+02,2.240000000000000000e+02,2.220000000000000000e+02,5.000000000000000000e+01,6.901798063623789670e-01,6.920943134535367802e-01,1.824817518248175174e-01,1.755663100266247056e-02,3.769982229932793416e-01,0.000000000000000000e+00,2.181376010412350297e-03,1.035628309873573016e-01,5.148383819905575365e-01
7.500000000000000000e+00,5.070000000000000000e+02,2.180000000000000000e+02,2.140000000000000000e+02,5.600000000000000000e+01,6.993103448275862499e-01,7.031900138696255409e-01,2.043795620437956206e-01,1.785224298873799853e-02,3.769830789970001206e-01,0.000000000000000000e+00,2.218847999756690115e-03,1.040654040043591522e-01,5.154672410026250873e-01
7.600000000000000533e+00,4.900000000000000000e+02,2.060000000000000000e+02,2.310000000000000000e+02,6.800000000000000000e+01,7.040229885057470716e-01,6.796116504854369245e-01,2.481751824817518270e-01,1.775662100044428371e-02,3.797509439900750294e-01,0.000000000000000000e+00,2.185659017413854599e-03,1.048419240032671951e-01,5.187375949972192757e-01
7.700000000000000178e+00,4.950000000000000000e+02,2.140000000000000000e+02,2.260000000000000000e+02,6.000000000000000000e+01,6.981664315937941012e-01,6.865464632454923999e-01,2.189781021897810320e-01,1.836133299730136059e-02,3.793971799932478461e-01,0.000000000000000000e+00,2.162015000067185611e-03,1.043359570103348233e-01,5.185108749938081019e-01
7.800000000000000711e+00,5.120000000000000000e+02,2.170000000000000000e+02,2.090000000000000000e+02,5.700000000000000000e+01,7.023319615912207992e-01,7.101248266296810163e-01,2.080291970802919665e-01,1.781434500298928469e-02,3.796814220077067148e-01,0.000000000000000000e+00,2.192097006627591327e-03,1.045103729993570596e-01,5.184719190037867520e-01
7.900000000000000355e+00,4.740000000000000000e+02,2.180000000000000000e+02,2.470000000000000000e+02,5.600000000000000000e+01,6.849710982658959724e-01,6.574202496532594031e-01,2.043795620437956206e-01,1.754543599963653833e-02,3.770123379981669132e-01,0.000000000000000000e+00,2.171358995838090777e-03,1.042860589950578287e-01,5.151752250021672808e-01
8.000000000000000000e+00,5.200000000000000000e+02,2.200000000000000000e+02,2.010000000000000000e+02,5.400000000000000000e+01,7.027027027027027417e-01,7.212205270457697770e-01,1.970802919708029288e-01,1.797804501256905496e-02,3.787968910073686857e-01,0.000000000000000000e+00,2.206817996921017766e-03,1.038139569900522474e-01,5.170041010169370566e-01
8.099999999999999645e+00,5.230000000000000000e+02,2.260000000000000000e+02,1.980000000000000000e+02,4.800000000000000000e+01,6.982643524699599924e-01,7.253814147018030623e-01,1.751824817518248256e-01,1.753668101082439534e-02,3.787214020085230004e-01,0.000000000000000000e+00,2.214162999734980986e-03,1.041354239896463696e-01,5.172171060003165621e-01
8.200000000000001066e+00,4.980000000000000000e+02,2.160000000000000000e+02,2.230000000000000000e+02,5.800000000000000000e+01,6.974789915966386200e-01,6.907073509015256851e-01,2.116788321167883125e-01,1.775046600232599303e-02,3.798448660018038936e-01,0.000000000000000000e+00,2.227766995929414406e-03,1.039831370071624406e-01,5.183077649999177083e-01
8.300000000000000711e+00,5.120000000000000000e+02,2.160000000000000000e+02,2.090000000000000000e+02,5.800000000000000000e+01,7.032967032967033516e-01,7.101248266296810163e-01,2.116788321167883125e-01,1.752138800657121465e-02,3.777995869859296363e-01,0.000000000000000000e+00,2.196026995079591870e-03,1.043744780072302092e-01,5.165094259937177412e-01
8.400000000000000355e+00,5.210000000000000000e+02,2.080000000000000000e+02,2.000000000000000000e+02,6.600000000000000000e+01,7.146776406035665330e-01,7.226074895977808721e-01,2.408759124087591352e-01,1.726619101464166306e-02,3.764772229951631743e-01,0.000000000000000000e+00,2.181169995310483500e-03,1.049113100089016370e-01,5.151275829884980340e-01
8.500000000000000000e+00,5.300000000000000000e+02,2.210000000000000000e+02,1.910000000000000000e+02,5.300000000000000000e+01,7.057256990679094955e-01,7.350901525658807278e-01,1.934306569343065829e-01,1.799136299086967483e-02,3.785270849948574323e-01,0.000000000000000000e+00,2.160331012419192120e-03,1.036606030029361136e-01,5.168124900010298006e-01
8.599999999999999645e+00,4.740000000000000000e+02,2.010000000000000000e+02,2.470000000000000000e+02,7.300000000000000000e+01,7.022222222222221921e-01,6.574202496532594031e-01,2.664233576642335843e-01,1.783843100201920606e-02,3.795245110304676928e-01,0.000000000000000000e+00,2.163786986784543842e-03,1.057419239987211768e-01,5.192610580052132718e-01
8.700000000000001066e+00,4.910000000000000000e+02,2.060000000000000000e+02,2.300000000000000000e+02,6.800000000000000000e+01,7.044476327116212522e-01,6.809986130374480195e-01,2.481751824817518270e-01,1.780824598608887754e-02,3.799373769979865756e-01,0.000000000000000000e+00,2.231700003903824836e-03,1.042438039985427167e-01,5.186524269993242342e-01
8.800000000000000711e+00,4.860000000000000000e+02,2.180000000000000000e+02,2.350000000000000000e+02,5.600000000000000000e+01,6.903409090909090606e-01,6.740638002773925441e-01,2.043795620437956206e-01,1.766648101693135686e-02,3.798028209821495693e-01,0.000000000000000000e+00,2.179844996135216206e-03,1.046032110025407746e-01,5.186233079948578961e-01
8.900000000000000355e+00,4.650000000000000000e+02,2.070000000000000000e+02,2.560000000000000000e+02,6.700000000000000000e+01,6.919642857142856984e-01,6.449375866851595474e-01,2.445255474452554811e-01,1.759302900245529599e-02,3.790789070008031558e-01,0.000000000000000000e+00,2.193196010921383277e-03,1.055700670040096156e-01,5.184810149949043989e-01
9.000000000000000000e+00,4.920000000000000000e+02,2.080000000000000000e+02,2.290000000000000000e+02,6.600000000000000000e+01,7.028571428571428470e-01,6.823855755894591146e-01,2.408759124087591352e-01,1.776717100074165501e-02,3.809486480022314936e-01,0.000000000000000000e+00,2.220160000433679670e-03,1.049184280091139954e-01,5.201388329878682271e-01
9.099999999999999645e+00,4.820000000000000000e+02,2.130000000000000000e+02,2.390000000000000000e+02,6.100000000000000000e+01,6.935251798561150594e-01,6.685159500693481638e-01,2.226277372262773779e-01,1.753256399751990102e-02,3.806810900023265276e-01,0.000000000000000000e+00,2.130398999725002795e-03,1.050410419957188424e-01,5.195575379912042990e-01
9.200000000000001066e+00,5.140000000000000000e+02,2.150000000000000000e+02,2.070000000000000000e+02,5.900000000000000000e+01,7.050754458161865301e-01,7.128987517337032065e-01,2.153284671532846584e-01,1.754462798999156803e-02,3.831089140003314242e-01,0.000000000000000000e+00,2.189049006119603291e-03,1.048140640014025848e-01,5.220208650025597308e-01
9.300000000000000711e+00,4.500000000000000000e+02,2.090000000000000000e+02,2.710000000000000000e+02,6.500000000000000000e+01,6.828528072837632967e-01,6.241331484049930101e-01,2.372262773722627616e-01,1.726419599799555726e-02,3.811000419918855187e-01,0.000000000000000000e+00,2.202692983701126650e-03,1.055606069967325311e-01,5.200990600096702110e-01
9.400000000000000355e+00,5.050000000000000000e+02,2.160000000000000000e+02,2.160000000000000000e+02,5.800000000000000000e+01,7.004160887656033507e-01,7.004160887656033507e-01,2.116788321167883125e-01,1.762845099437981844e-02,3.818476550004561432e-01,0.000000000000000000e+00,2.278166997712105513e-03,1.046385410008952022e-01,5.207794469861255493e-01
9.500000000000000000e+00,4.460000000000000000e+02,2.050000000000000000e+02,2.750000000000000000e+02,6.900000000000000000e+01,6.850998463901689650e-01,6.185852981969486297e-01,2.518248175182482007e-01,1.786464899487327784e-02,3.797670439962530509e-01,0.000000000000000000e+00,2.181177002057665959e-03,1.053157219830609392e-01,5.190212559900828637e-01
9.600000000000001421e+00,4.870000000000000000e+02,2.210000000000000000e+02,2.340000000000000000e+02,5.300000000000000000e+01,6.878531073446327859e-01,6.754507628294036392e-01,1.934306569343065829e-01,1.805575201797182672e-02,4.031605380041582976e-01,0.000000000000000000e+00,2.206241984822554514e-03,1.129500509960053023e-01,5.506219060080184136e-01
9.700000000000001066e+00,4.770000000000000000e+02,2.150000000000000000e+02,2.440000000000000000e+02,5.900000000000000000e+01,6.893063583815028927e-01,6.615811373092926884e-01,2.153284671532846584e-01,1.792858999760937877e-02,3.815718460136849899e-01,0.000000000000000000e+00,2.201762999902712181e-03,1.046698370009835344e-01,5.205430650021298788e-01
9.800000000000000711e+00,4.980000000000000000e+02,2.300000000000000000e+02,2.230000000000000000e+02,4.400000000000000000e+01,6.840659340659340781e-01,6.907073509015256851e-01,1.605839416058394142e-01,1.767698799812933430e-02,3.823936389926529955e-01,0.000000000000000000e+00,2.191073992435121909e-03,1.046898879831132945e-01,5.211394890029623639e-01
9.900000000000000355e+00,4.790000000000000000e+02,2.060000000000000000e+02,2.420000000000000000e+02,6.800000000000000000e+01,6.992700729927007197e-01,6.643550624133148785e-01,2.481751824817518270e-01,1.765537499886704609e-02,3.808284520055167377e-01,0.000000000000000000e+00,2.192410000134259462e-03,1.055587810005818028e-01,5.204864330080454238e-01
1.000000000000000000e+01,4.620000000000000000e+02,2.010000000000000000e+02,2.590000000000000000e+02,7.300000000000000000e+01,6.968325791855203288e-01,6.407766990291262621e-01,2.664233576642335843e-01,1.757203698434750549e-02,3.804817500022181775e-01,0.000000000000000000e+00,2.140882006642641500e-03,1.056243629973323550e-01,5.198976590218080673e-01
1.010000000000000142e+01,4.600000000000000000e+02,2.050000000000000000e+02,2.610000000000000000e+02,6.900000000000000000e+01,6.917293233082706383e-01,6.380027739251040719e-01,2.518248175182482007e-01,1.750694899237714708e-02,3.819983170069463085e-01,0.000000000000000000e+00,2.167158974771155044e-03,1.054690589953679591e-01,5.212648710075882263e-01
1.020000000000000107e+01,4.940000000000000000e+02,2.240000000000000000e+02,2.270000000000000000e+02,5.000000000000000000e+01,6.880222841225627217e-01,6.851595006934813048e-01,1.824817518248175174e-01,1.780091599721345119e-02,3.894179389899363741e-01,0.000000000000000000e+00,2.273197998874820769e-03,1.081435379928734619e-01,5.320611620009003673e-01
1.030000000000000071e+01,4.910000000000000000e+02,2.100000000000000000e+02,2.300000000000000000e+02,6.400000000000000000e+01,7.004279600570613162e-01,6.809986130374480195e-01,2.335766423357664157e-01,1.748434800902032293e-02,3.804158029961399734e-01,0.000000000000000000e+00,2.212920997408218682e-03,1.043417449982371181e-01,5.187464670016197488e-01
1.040000000000000036e+01,5.120000000000000000e+02,2.240000000000000000e+02,2.090000000000000000e+02,5.000000000000000000e+01,6.956521739130434590e-01,7.101248266296810163e-01,1.824817518248175174e-01,1.780740197864361107e-02,3.808811599919863511e-01,0.000000000000000000e+00,2.227174005383858457e-03,1.043023370002629235e-01,5.197480509923479985e-01
1.050000000000000000e+01,4.370000000000000000e+02,2.030000000000000000e+02,2.840000000000000000e+02,7.100000000000000000e+01,6.828125000000000444e-01,6.061026352288487740e-01,2.591240875912408925e-01,1.727305900567444041e-02,3.793077129885205068e-01,0.000000000000000000e+00,2.178033009840874001e-03,1.054823739796120208e-01,5.180072770017432049e-01
1.060000000000000142e+01,4.540000000000000000e+02,2.000000000000000000e+02,2.670000000000000000e+02,7.400000000000000000e+01,6.941896024464832005e-01,6.296809986130375014e-01,2.700729927007299302e-01,1.765222200992866419e-02,3.796449640067294240e-01,0.000000000000000000e+00,2.140849992429139093e-03,1.054195130127482116e-01,5.188846180135442410e-01
1.070000000000000107e+01,4.950000000000000000e+02,2.310000000000000000e+02,2.260000000000000000e+02,4.300000000000000000e+01,6.818181818181817677e-01,6.865464632454923999e-01,1.569343065693430683e-01,1.763384699734160677e-02,3.795967270016262773e-01,0.000000000000000000e+00,2.154867001081584021e-03,1.048405139990791213e-01,5.187737639898841735e-01
1.080000000000000071e+01,4.230000000000000000e+02,1.980000000000000000e+02,2.980000000000000000e+02,7.600000000000000000e+01,6.811594202898550998e-01,5.866851595006934428e-01,2.773722627737226221e-01,1.714261101369629614e-02,3.812519650018657558e-01,0.000000000000000000e+00,2.131096982338931412e-03,1.056193129988969304e-01,5.197612479933013674e-01
1.090000000000000036e+01,4.720000000000000000e+02,2.130000000000000000e+02,2.490000000000000000e+02,6.100000000000000000e+01,6.890510948905109734e-01,6.546463245492372129e-01,2.226277372262773779e-01,1.798431799397803843e-02,3.817976380014442839e-01,0.000000000000000000e+00,2.196454006480053067e-03,1.045013250150077511e-01,5.206060929813247640e-01
1.100000000000000000e+01,4.620000000000000000e+02,2.080000000000000000e+02,2.590000000000000000e+02,6.600000000000000000e+01,6.895522388059701635e-01,6.407766990291262621e-01,2.408759124087591352e-01,1.737938099176972173e-02,3.827514459953818005e-01,0.000000000000000000e+00,2.209734986536204815e-03,1.053977830124495085e-01,5.219930750063213054e-01
1.110000000000000142e+01,4.870000000000000000e+02,2.230000000000000000e+02,2.340000000000000000e+02,5.100000000000000000e+01,6.859154929577464532e-01,6.754507628294036392e-01,1.861313868613138633e-01,1.762856501227361150e-02,3.803644340005121194e-01,0.000000000000000000e+00,2.290500004164641723e-03,1.051558920044044498e-01,5.196125459951872472e-01
1.120000000000000107e+01,4.820000000000000000e+02,2.220000000000000000e+02,2.390000000000000000e+02,5.200000000000000000e+01,6.846590909090909394e-01,6.685159500693481638e-01,1.897810218978102093e-01,1.789657600238570012e-02,3.823365709940844681e-01,0.000000000000000000e+00,2.171560008719097823e-03,1.049318480108922813e-01,5.216417870033183135e-01
1.130000000000000071e+01,4.860000000000000000e+02,2.150000000000000000e+02,2.350000000000000000e+02,5.900000000000000000e+01,6.932952924393723793e-01,6.740638002773925441e-01,2.153284671532846584e-01,1.762206900093588047e-02,3.811547289988084231e-01,0.000000000000000000e+00,2.196864013967569917e-03,1.046219800009566825e-01,5.198512919996574055e-01
1.140000000000000036e+01,4.680000000000000000e+02,2.100000000000000000e+02,2.530000000000000000e+02,6.400000000000000000e+01,6.902654867256636795e-01,6.490984743411928326e-01,2.335766423357664157e-01,1.873742401221534237e-02,3.820180910079216119e-01,0.000000000000000000e+00,2.120193988957908005e-03,1.050961790097062476e-01,5.221172709934762679e-01
1.150000000000000000e+01,4.770000000000000000e+02,2.190000000000000000e+02,2.440000000000000000e+02,5.500000000000000000e+01,6.853448275862068506e-01,6.615811373092926884e-01,2.007299270072992747e-01,1.732467098918277770e-02,3.802192920084053185e-01,0.000000000000000000e+00,2.162037002563010901e-03,1.052641120113548823e-01,5.188430990128836129e-01
1.160000000000000142e+01,4.440000000000000000e+02,2.040000000000000000e+02,2.770000000000000000e+02,7.000000000000000000e+01,6.851851851851852304e-01,6.158113730929264396e-01,2.554744525547445466e-01,1.782987899787258357e-02,3.817545659912866540e-01,0.000000000000000000e+00,2.283833997353212908e-03,1.052184900108841248e-01,5.211049439931230154e-01
1.170000000000000107e+01,4.910000000000000000e+02,2.250000000000000000e+02,2.300000000000000000e+02,4.900000000000000000e+01,6.857541899441340627e-01,6.809986130374480195e-01,1.788321167883211715e-01,1.713461098552215844e-02,3.806710799981374294e-01,0.000000000000000000e+00,2.170433002902427688e-03,1.044224420002137776e-01,5.189583460014546290e-01
1.180000000000000071e+01,4.960000000000000000e+02,2.240000000000000000e+02,2.250000000000000000e+02,5.000000000000000000e+01,6.888888888888888840e-01,6.879334257975034950e-01,1.824817518248175174e-01,1.780079199306783266e-02,3.799634970018814784e-01,0.000000000000000000e+00,2.204029991844436154e-03,1.049571790026675444e-01,5.193325959880894516e-01
1.190000000000000036e+01,4.190000000000000000e+02,1.890000000000000000e+02,3.020000000000000000e+02,8.500000000000000000e+01,6.891447368421053099e-01,5.811373092926490624e-01,3.102189781021897907e-01,1.747854301356710494e-02,3.820361059952119831e-01,0.000000000000000000e+00,2.234662992123048753e-03,1.059765830177639145e-01,5.215182410138368141e-01
1.200000000000000000e+01,4.280000000000000000e+02,1.980000000000000000e+02,2.930000000000000000e+02,7.600000000000000000e+01,6.837060702875399354e-01,5.936199722607489182e-01,2.773722627737226221e-01,1.783791498019127175e-02,3.806546289997640997e-01,0.000000000000000000e+00,2.175938996515469626e-03,1.061686180037213489e-01,5.206534120079595596e-01
1.210000000000000142e+01,4.450000000000000000e+02,2.180000000000000000e+02,2.760000000000000000e+02,5.600000000000000000e+01,6.711915535444946679e-01,6.171983356449375346e-01,2.043795620437956206e-01,1.746795801591360942e-02,3.815089289746538270e-01,0.000000000000000000e+00,2.198053978645475581e-03,1.051697889961360488e-01,5.204708149940415751e-01
1.220000000000000107e+01,4.500000000000000000e+02,2.000000000000000000e+02,2.710000000000000000e+02,7.400000000000000000e+01,6.923076923076922906e-01,6.241331484049930101e-01,2.700729927007299302e-01,1.744215200233156793e-02,3.817522569843276870e-01,0.000000000000000000e+00,2.156585989723680541e-03,1.054194409989577252e-01,5.207871489910758100e-01
1.230000000000000071e+01,4.020000000000000000e+02,2.090000000000000000e+02,3.190000000000000000e+02,6.500000000000000000e+01,6.579378068739770713e-01,5.575589459084604460e-01,2.372262773722627616e-01,1.784512001177063212e-02,3.807873449986800551e-01,0.000000000000000000e+00,2.221350005129352212e-03,1.062245239918411244e-01,5.208057650270347949e-01
1.240000000000000036e+01,4.870000000000000000e+02,2.260000000000000000e+02,2.340000000000000000e+02,4.800000000000000000e+01,6.830294530154277233e-01,6.754507628294036392e-01,1.751824817518248256e-01,1.786355199874378741e-02,3.814531990065006539e-01,0.000000000000000000e+00,2.231186994322342798e-03,1.047498490115685854e-01,5.204597719894081820e-01
1.250000000000000000e+01,4.370000000000000000e+02,2.150000000000000000e+02,2.840000000000000000e+02,5.900000000000000000e+01,6.702453987730061513e-01,6.061026352288487740e-01,2.153284671532846584e-01,1.735183300479548052e-02,3.808869849926850293e-01,0.000000000000000000e+00,2.175485005864175037e-03,1.051723460077482741e-01,5.195826540111738723e-01
1.260000000000000142e+01,4.810000000000000000e+02,2.180000000000000000e+02,2.400000000000000000e+02,5.600000000000000000e+01,6.881258941344777780e-01,6.671289875173370687e-01,2.043795620437956206e-01,1.767256999664823525e-02,3.812553669922635891e-01,0.000000000000000000e+00,2.244254992547212169e-03,1.044768609899620060e-01,5.197960549994604662e-01
1.270000000000000107e+01,4.120000000000000000e+02,1.850000000000000000e+02,3.090000000000000000e+02,8.900000000000000000e+01,6.901172529313233106e-01,5.714285714285713969e-01,3.248175182481751744e-01,1.756815999760874547e-02,3.811237520130816847e-01,0.000000000000000000e+00,2.133200003299862146e-03,1.063274650041421410e-01,5.208813650096999481e-01
1.280000000000000071e+01,4.620000000000000000e+02,2.040000000000000000e+02,2.590000000000000000e+02,7.000000000000000000e+01,6.936936936936937137e-01,6.407766990291262621e-01,2.554744525547445466e-01,1.811322599314735271e-02,3.801055200128757861e-01,0.000000000000000000e+00,2.151424010662594810e-03,1.053733579901745543e-01,5.197826570001780055e-01
1.290000000000000036e+01,4.210000000000000000e+02,2.130000000000000000e+02,3.000000000000000000e+02,6.100000000000000000e+01,6.640378548895898847e-01,5.839112343966712526e-01,2.226277372262773779e-01,1.770951500657247379e-02,3.804572640037804376e-01,0.000000000000000000e+00,2.177890000893967226e-03,1.055843110043497290e-01,5.198949870136857498e-01
1.300000000000000000e+01,4.180000000000000000e+02,1.990000000000000000e+02,3.030000000000000000e+02,7.500000000000000000e+01,6.774716369529983906e-01,5.797503467406379674e-01,2.737226277372262762e-01,1.755080699876998551e-02,3.789890510015538894e-01,0.000000000000000000e+00,2.155960995878558606e-03,1.055756140121957287e-01,5.181841699813958257e-01
1.310000000000000142e+01,4.720000000000000000e+02,2.230000000000000000e+02,2.490000000000000000e+02,5.100000000000000000e+01,6.791366906474820553e-01,6.546463245492372129e-01,1.861313868613138633e-01,1.724322799054789357e-02,3.799050939960579854e-01,0.000000000000000000e+00,2.164204994187457487e-03,1.042787490114278626e-01,5.177567640057532117e-01
1.320000000000000107e+01,4.030000000000000000e+02,2.040000000000000000e+02,3.180000000000000000e+02,7.000000000000000000e+01,6.639209225700164474e-01,5.589459084604715411e-01,2.554744525547445466e-01,1.782867000292753801e-02,3.812404409982264042e-01,0.000000000000000000e+00,2.149740001186728477e-03,1.065139649981574621e-01,5.214536479943490122e-01
1.330000000000000071e+01,4.660000000000000000e+02,2.200000000000000000e+02,2.550000000000000000e+02,5.400000000000000000e+01,6.793002915451894497e-01,6.463245492371706424e-01,1.970802919708029288e-01,1.766836498791235499e-02,3.788423659934778698e-01,0.000000000000000000e+00,2.210276001278543845e-03,1.045130689963116311e-01,5.175201739984913729e-01
1.340000000000000036e+01,4.950000000000000000e+02,2.210000000000000000e+02,2.260000000000000000e+02,5.300000000000000000e+01,6.913407821229050620e-01,6.865464632454923999e-01,1.934306569343065829e-01,1.799756298714783043e-02,3.816449049954826478e-01,0.000000000000000000e+00,2.238866018160479143e-03,1.052297740025096573e-01,5.213426519949280191e-01
1.350000000000000000e+01,4.300000000000000000e+02,2.000000000000000000e+02,2.910000000000000000e+02,7.400000000000000000e+01,6.825396825396825573e-01,5.963938973647711084e-01,2.700729927007299302e-01,1.761686699319398031e-02,3.804974039994704071e-01,0.000000000000000000e+00,2.194344979216111824e-03,1.056550200046331156e-01,5.199162470016744919e-01
1.360000000000000142e+01,4.170000000000000000e+02,2.050000000000000000e+02,3.040000000000000000e+02,6.900000000000000000e+01,6.704180064308681297e-01,5.783633841886268723e-01,2.518248175182482007e-01,1.758279799469164573e-02,3.807247539989475626e-01,0.000000000000000000e+00,2.228569002909353003e-03,1.051465400050801691e-01,5.194394359823490959e-01
1.370000000000000107e+01,4.520000000000000000e+02,2.130000000000000000e+02,2.690000000000000000e+02,6.100000000000000000e+01,6.796992481203008030e-01,6.269070735090153113e-01,2.226277372262773779e-01,1.754410200010170229e-02,3.813444170154980384e-01,0.000000000000000000e+00,2.136827995855128393e-03,1.053505879972362891e-01,5.203716679898207076e-01
1.380000000000000071e+01,4.570000000000000000e+02,2.020000000000000000e+02,2.640000000000000000e+02,7.200000000000000000e+01,6.934749620637329359e-01,6.338418862690707867e-01,2.627737226277372384e-01,1.799561200459720567e-02,3.798458360070071649e-01,0.000000000000000000e+00,2.166730999306309968e-03,1.051947919877420645e-01,5.192104509987984784e-01
1.390000000000000036e+01,4.600000000000000000e+02,2.230000000000000000e+02,2.610000000000000000e+02,5.100000000000000000e+01,6.734992679355783496e-01,6.380027739251040719e-01,1.861313868613138633e-01,1.759826299530686811e-02,3.801008889968215954e-01,0.000000000000000000e+00,2.155173013306921348e-03,1.053965149985742755e-01,5.193809449883701745e-01
1.400000000000000000e+01,4.460000000000000000e+02,2.090000000000000000e+02,2.750000000000000000e+02,6.500000000000000000e+01,6.809160305343511244e-01,6.185852981969486297e-01,2.372262773722627616e-01,1.871441398907336406e-02,3.772176190141180996e-01,0.000000000000000000e+00,2.245142986794235185e-03,1.053262510031345300e-01,5.174318009921989869e-01
1.410000000000000142e+01,4.210000000000000000e+02,1.970000000000000000e+02,3.000000000000000000e+02,7.700000000000000000e+01,6.812297734627831280e-01,5.839112343966712526e-01,2.810218978102189680e-01,1.760183700025663711e-02,3.814005759995779954e-01,0.000000000000000000e+00,2.212196002801647410e-03,1.057533509992936160e-01,5.208845559973269701e-01
1.420000000000000107e+01,4.520000000000000000e+02,2.180000000000000000e+02,2.690000000000000000e+02,5.600000000000000000e+01,6.746268656716417622e-01,6.269070735090153113e-01,2.043795620437956206e-01,1.791334802328492515e-02,3.816781019850168377e-01,0.000000000000000000e+00,2.133681009581778198e-03,1.065223949990468100e-01,5.223932760054594837e-01
1.430000000000000071e+01,4.750000000000000000e+02,2.360000000000000000e+02,2.460000000000000000e+02,3.800000000000000000e+01,6.680731364275668271e-01,6.588072122052704982e-01,1.386861313868613110e-01,1.773192700420622714e-02,3.827006800056551583e-01,0.000000000000000000e+00,2.148452993424143642e-03,1.044487769977422431e-01,5.214752349857008085e-01
1.440000000000000036e+01,4.480000000000000000e+02,2.080000000000000000e+02,2.730000000000000000e+02,6.600000000000000000e+01,6.829268292682927344e-01,6.213592233009708199e-01,2.408759124087591352e-01,1.854920301047968678e-02,3.766247149906121194e-01,0.000000000000000000e+00,2.243350005301181227e-03,1.045154990024457220e-01,5.158528089996252675e-01
1.450000000000000000e+01,4.670000000000000000e+02,2.240000000000000000e+02,2.540000000000000000e+02,5.000000000000000000e+01,6.758321273516642025e-01,6.477115117891817375e-01,1.824817518248175174e-01,1.768232399626867846e-02,3.774705679934413638e-01,0.000000000000000000e+00,2.143102999980328605e-03,1.053396040151710622e-01,5.166517710167681798e-01
1.460000000000000142e+01,4.470000000000000000e+02,2.110000000000000000e+02,2.740000000000000000e+02,6.300000000000000000e+01,6.793313069908815116e-01,6.199722607489597248e-01,2.299270072992700698e-01,1.916637999602244236e-02,3.844920519986771978e-01,0.000000000000000000e+00,2.234749004855984822e-03,1.073378000000957400e-01,5.274850250025338028e-01
1.470000000000000107e+01,4.130000000000000000e+02,2.080000000000000000e+02,3.080000000000000000e+02,6.600000000000000000e+01,6.650563607085345774e-01,5.728155339805824919e-01,2.408759124087591352e-01,1.765426699421368539e-02,3.799916710086108651e-01,0.000000000000000000e+00,2.212097006122348830e-03,1.060702869981469121e-01,5.197675299968977924e-01
1.480000000000000071e+01,4.090000000000000000e+02,2.180000000000000000e+02,3.120000000000000000e+02,5.600000000000000000e+01,6.523125996810207328e-01,5.672676837725381116e-01,2.043795620437956206e-01,1.760259699221933261e-02,3.788398460164899006e-01,0.000000000000000000e+00,2.121389989042654634e-03,1.058932079868100118e-01,5.183475900012126658e-01
1.490000000000000036e+01,4.650000000000000000e+02,2.230000000000000000e+02,2.560000000000000000e+02,5.100000000000000000e+01,6.758720930232557933e-01,6.449375866851595474e-01,1.861313868613138633e-01,1.795550299357273616e-02,3.772591969936911482e-01,0.000000000000000000e+00,2.231362996099051088e-03,1.048512250090425368e-01,5.165393829956883565e-01
1.500000000000000000e+01,4.070000000000000000e+02,1.990000000000000000e+02,3.140000000000000000e+02,7.500000000000000000e+01,6.716171617161715846e-01,5.644937586685159214e-01,2.737226277372262762e-01,1.782546699905651622e-02,3.778299650039116386e-01,0.000000000000000000e+00,2.217164994362974539e-03,1.063065120069950353e-01,5.178772350045619532e-01
1.510000000000000142e+01,4.060000000000000000e+02,1.940000000000000000e+02,3.150000000000000000e+02,8.000000000000000000e+01,6.766666666666666385e-01,5.631067961165048263e-01,2.919708029197080057e-01,1.792766400467371568e-02,3.795811850031896029e-01,0.000000000000000000e+00,2.269661013997392729e-03,1.062622439967526589e-01,5.198323389959114138e-01
1.520000000000000107e+01,4.570000000000000000e+02,2.090000000000000000e+02,2.640000000000000000e+02,6.500000000000000000e+01,6.861861861861862089e-01,6.338418862690707867e-01,2.372262773722627616e-01,1.742625600672909059e-02,3.791964769916376099e-01,0.000000000000000000e+00,2.132258989149704576e-03,1.048811710170411970e-01,5.176877030207833741e-01
1.530000000000000071e+01,4.850000000000000000e+02,2.150000000000000000e+02,2.360000000000000000e+02,5.900000000000000000e+01,6.928571428571428381e-01,6.726768377253814490e-01,2.153284671532846584e-01,1.726572501502232626e-02,3.789871649823908228e-01,0.000000000000000000e+00,2.132797992089763284e-03,1.042200810006761458e-01,5.168359670133213513e-01
1.540000000000000036e+01,4.200000000000000000e+02,2.210000000000000000e+02,3.010000000000000000e+02,5.300000000000000000e+01,6.552262090483619295e-01,5.825242718446601575e-01,1.934306569343065829e-01,1.722862900351174176e-02,3.772796860212110914e-01,0.000000000000000000e+00,2.149281004676595330e-03,1.054180659884877969e-01,5.157307150147971697e-01
1.550000000000000000e+01,4.430000000000000000e+02,2.160000000000000000e+02,2.780000000000000000e+02,5.800000000000000000e+01,6.722306525037936575e-01,6.144244105409153445e-01,2.116788321167883125e-01,1.792599599502864294e-02,3.796102639971650206e-01,0.000000000000000000e+00,2.206958011811366305e-03,1.057070299902989063e-01,5.198075000007520430e-01
1.560000000000000142e+01,4.500000000000000000e+02,2.210000000000000000e+02,2.710000000000000000e+02,5.300000000000000000e+01,6.706408345752608025e-01,6.241331484049930101e-01,1.934306569343065829e-01,1.740879499629954807e-02,3.798221490033029113e-01,0.000000000000000000e+00,2.224833991931518540e-03,1.050821919889131095e-01,5.186147269923822023e-01
1.570000000000000107e+01,3.960000000000000000e+02,1.920000000000000000e+02,3.250000000000000000e+02,8.200000000000000000e+01,6.734693877551020114e-01,5.492371705963938755e-01,2.992700729927007530e-01,1.788937301535042934e-02,3.794187989951751661e-01,0.000000000000000000e+00,2.149945987184764817e-03,1.068182519993570168e-01,5.205547589939669706e-01
1.580000000000000071e+01,4.660000000000000000e+02,2.260000000000000000e+02,2.550000000000000000e+02,4.800000000000000000e+01,6.734104046242774810e-01,6.463245492371706424e-01,1.751824817518248256e-01,1.810687598845106550e-02,3.781113450168049894e-01,0.000000000000000000e+00,2.182056017772993073e-03,1.045736790001683403e-01,5.172013289920869283e-01
1.590000000000000036e+01,4.190000000000000000e+02,2.090000000000000000e+02,3.020000000000000000e+02,6.500000000000000000e+01,6.671974522292993814e-01,5.811373092926490624e-01,2.372262773722627616e-01,1.885577999564702623e-02,3.926088290099869482e-01,0.000000000000000000e+00,2.183839995268499479e-03,1.116041330133157317e-01,5.393365259878919460e-01
1.600000000000000000e+01,4.560000000000000000e+02,1.950000000000000000e+02,2.650000000000000000e+02,7.900000000000000000e+01,7.004608294930875223e-01,6.324549237170596916e-01,2.883211678832116598e-01,1.779330199860851280e-02,3.805693530011922121e-01,0.000000000000000000e+00,2.173386008507804945e-03,1.052404749971174169e-01,5.200655520093278028e-01
1.610000000000000142e+01,4.720000000000000000e+02,2.080000000000000000e+02,2.490000000000000000e+02,6.600000000000000000e+01,6.941176470588235059e-01,6.546463245492372129e-01,2.408759124087591352e-01,1.748975301961763762e-02,3.799330170040775556e-01,0.000000000000000000e+00,2.150001000700285658e-03,1.056323920092836488e-01,5.193742020055651665e-01
1.619999999999999929e+01,4.090000000000000000e+02,2.120000000000000000e+02,3.120000000000000000e+02,6.200000000000000000e+01,6.586151368760064795e-01,5.672676837725381116e-01,2.262773722627737238e-01,1.778930099681019783e-02,3.789577420102432370e-01,0.000000000000000000e+00,2.224207000836031511e-03,1.054772380048234481e-01,5.185397459863452241e-01
1.630000000000000071e+01,4.790000000000000000e+02,2.260000000000000000e+02,2.420000000000000000e+02,4.800000000000000000e+01,6.794326241134751587e-01,6.643550624133148785e-01,1.751824817518248256e-01,1.752215401211287826e-02,3.828088309928716626e-01,0.000000000000000000e+00,2.237216998764779419e-03,1.066823560104239732e-01,5.234025349891453516e-01
1.640000000000000213e+01,4.750000000000000000e+02,2.190000000000000000e+02,2.460000000000000000e+02,5.500000000000000000e+01,6.844380403458213413e-01,6.588072122052704982e-01,2.007299270072992747e-01,1.798516400594962761e-02,3.826136959978612140e-01,0.000000000000000000e+00,2.186356010497547686e-03,1.056234139869047794e-01,5.226293039922893513e-01
1.650000000000000000e+01,4.260000000000000000e+02,2.070000000000000000e+02,2.950000000000000000e+02,6.700000000000000000e+01,6.729857819905212812e-01,5.908460471567267280e-01,2.445255474452554811e-01,1.846069398743566126e-02,3.787701999935961794e-01,0.000000000000000000e+00,2.201096001954283565e-03,1.061567800061311573e-01,5.198202130050049163e-01
1.660000000000000142e+01,4.110000000000000000e+02,2.060000000000000000e+02,3.100000000000000000e+02,6.800000000000000000e+01,6.661264181523500749e-01,5.700416088765603018e-01,2.481751824817518270e-01,1.774226499765063636e-02,3.797043300037330482e-01,0.000000000000000000e+00,2.183201009756885469e-03,1.061128510009439196e-01,5.196215250070963521e-01
1.669999999999999929e+01,4.200000000000000000e+02,2.020000000000000000e+02,3.010000000000000000e+02,7.200000000000000000e+01,6.752411575562701218e-01,5.825242718446601575e-01,2.627737226277372384e-01,1.835541497712256387e-02,3.798551239997323137e-01,0.000000000000000000e+00,2.171439005905995145e-03,1.063166710046061780e-01,5.208268609858350828e-01
1.680000000000000071e+01,4.280000000000000000e+02,2.140000000000000000e+02,2.930000000000000000e+02,6.000000000000000000e+01,6.666666666666666297e-01,5.936199722607489182e-01,2.189781021897810320e-01,1.738384499185485765e-02,3.768938440080091823e-01,0.000000000000000000e+00,2.131091005139751360e-03,1.056382750066404697e-01,5.158295039836957585e-01
1.690000000000000213e+01,4.700000000000000000e+02,2.190000000000000000e+02,2.510000000000000000e+02,5.500000000000000000e+01,6.821480406386066786e-01,6.518723994452150228e-01,2.007299270072992747e-01,1.772829501351225190e-02,3.785575809961301275e-01,0.000000000000000000e+00,2.154011010134126991e-03,1.049080039956606925e-01,5.174620499965385534e-01
1.700000000000000000e+01,4.210000000000000000e+02,2.070000000000000000e+02,3.000000000000000000e+02,6.700000000000000000e+01,6.703821656050955591e-01,5.839112343966712526e-01,2.445255474452554811e-01,1.794911099568707868e-02,3.782372879977629054e-01,0.000000000000000000e+00,2.243360991997178644e-03,1.058140950044617057e-01,5.182468139901175164e-01
1.710000000000000142e+01,4.500000000000000000e+02,2.160000000000000000e+02,2.710000000000000000e+02,5.800000000000000000e+01,6.756756756756756577e-01,6.241331484049930101e-01,2.116788321167883125e-01,1.847142199403606355e-02,3.795587039858219214e-01,0.000000000000000000e+00,2.190176004660315812e-03,1.056278259784448892e-01,5.201244910022069234e-01
1.719999999999999929e+01,4.430000000000000000e+02,2.060000000000000000e+02,2.780000000000000000e+02,6.800000000000000000e+01,6.825885978428350986e-01,6.144244105409153445e-01,2.481751824817518270e-01,1.770802800820092671e-02,3.776054120025946759e-01,0.000000000000000000e+00,2.143693003745283931e-03,1.050862759948358871e-01,5.167239449947373942e-01
1.730000000000000071e+01,4.530000000000000000e+02,2.120000000000000000e+02,2.680000000000000000e+02,6.200000000000000000e+01,6.812030075187970324e-01,6.282940360610264063e-01,2.262773722627737238e-01,1.820557099927100353e-02,3.770306560036260635e-01,0.000000000000000000e+00,2.164019002520944923e-03,1.056958500012115110e-01,5.171411590126808733e-01
1.740000000000000213e+01,3.790000000000000000e+02,1.920000000000000000e+02,3.420000000000000000e+02,8.200000000000000000e+01,6.637478108581436054e-01,5.256588072122052591e-01,2.992700729927007530e-01,1.740641901051276363e-02,3.780531589836755302e-01,0.000000000000000000e+00,2.178553997509879991e-03,1.062929290128522553e-01,5.178533999933279119e-01
1.750000000000000000e+01,4.290000000000000000e+02,2.120000000000000000e+02,2.920000000000000000e+02,6.200000000000000000e+01,6.692667706708268494e-01,5.950069348127600133e-01,2.262773722627737238e-01,1.787247697939164937e-02,3.797308909997809678e-01,0.000000000000000000e+00,2.166354996006703004e-03,1.050468130051740445e-01,5.185837799908767920e-01
1.760000000000000142e+01,4.720000000000000000e+02,2.270000000000000000e+02,2.490000000000000000e+02,4.700000000000000000e+01,6.752503576537911556e-01,6.546463245492372129e-01,1.715328467153284797e-01,1.734723399567883462e-02,3.794794950081268325e-01,0.000000000000000000e+00,2.177483984269201756e-03,1.055696319926937576e-01,5.190716589968360495e-01
1.769999999999999929e+01,4.540000000000000000e+02,2.180000000000000000e+02,2.670000000000000000e+02,5.600000000000000000e+01,6.755952380952381375e-01,6.296809986130375014e-01,2.043795620437956206e-01,1.816931699795532040e-02,3.842718329979106784e-01,0.000000000000000000e+00,2.208803005487425253e-03,1.078866939897125121e-01,5.266317790010361932e-01
1.780000000000000071e+01,4.320000000000000000e+02,2.080000000000000000e+02,2.890000000000000000e+02,6.600000000000000000e+01,6.750000000000000444e-01,5.991678224687932985e-01,2.408759124087591352e-01,1.756256099906750023e-02,3.793263959996693302e-01,0.000000000000000000e+00,2.168376991903642192e-03,1.055659740050032269e-01,5.186903829962830059e-01
1.790000000000000213e+01,4.220000000000000000e+02,2.150000000000000000e+02,2.990000000000000000e+02,5.900000000000000000e+01,6.624803767660910614e-01,5.852981969486823477e-01,2.153284671532846584e-01,1.753835599811282009e-02,3.775927560091076884e-01,0.000000000000000000e+00,2.163923007174162194e-03,1.056191370007582009e-01,5.168543109866732266e-01
1.800000000000000000e+01,4.670000000000000000e+02,2.240000000000000000e+02,2.540000000000000000e+02,5.000000000000000000e+01,6.758321273516642025e-01,6.477115117891817375e-01,1.824817518248175174e-01,1.772122900729300454e-02,3.772625829915341455e-01,0.000000000000000000e+00,2.179768001951742917e-03,1.053974689966707956e-01,5.170219660067232326e-01
1.810000000000000142e+01,4.580000000000000000e+02,2.030000000000000000e+02,2.630000000000000000e+02,7.100000000000000000e+01,6.928895612708018126e-01,6.352288488210818818e-01,2.591240875912408925e-01,1.743519700903561898e-02,3.778911200024595018e-01,0.000000000000000000e+00,2.128521009581163526e-03,1.053987710001820233e-01,5.168685609896783717e-01
1.819999999999999929e+01,4.740000000000000000e+02,2.200000000000000000e+02,2.470000000000000000e+02,5.400000000000000000e+01,6.829971181556195869e-01,6.574202496532594031e-01,1.970802919708029288e-01,1.734723100162227638e-02,3.764508359890896827e-01,0.000000000000000000e+00,2.176991998567245901e-03,1.048221669989288785e-01,5.149383220050367527e-01
1.830000000000000071e+01,4.520000000000000000e+02,2.240000000000000000e+02,2.690000000000000000e+02,5.000000000000000000e+01,6.686390532544378429e-01,6.269070735090153113e-01,1.824817518248175174e-01,1.766414300072938204e-02,3.780967960046837106e-01,0.000000000000000000e+00,2.175138011807575822e-03,1.047874149990093429e-01,5.167523659874859732e-01
1.840000000000000213e+01,4.290000000000000000e+02,2.070000000000000000e+02,2.920000000000000000e+02,6.700000000000000000e+01,6.745283018867924696e-01,5.950069348127600133e-01,2.445255474452554811e-01,1.825586397171719000e-02,3.775768960149434861e-01,0.000000000000000000e+00,2.146593997167656198e-03,1.063716149910760578e-01,5.181923269919934683e-01
1.850000000000000000e+01,4.410000000000000000e+02,2.250000000000000000e+02,2.800000000000000000e+02,4.900000000000000000e+01,6.621621621621621712e-01,6.116504854368931543e-01,1.788321167883211715e-01,1.773104399762814865e-02,3.794378540078469086e-01,0.000000000000000000e+00,2.215637992776464671e-03,1.055771869905584026e-01,5.189198470034170896e-01
1.860000000000000142e+01,4.840000000000000000e+02,2.320000000000000000e+02,2.370000000000000000e+02,4.200000000000000000e+01,6.759776536312849249e-01,6.712898751733703540e-01,1.532846715328467224e-01,1.746074898983351886e-02,3.766348479985026643e-01,0.000000000000000000e+00,2.123067999491468072e-03,1.042018729967821855e-01,5.146370640031818766e-01
1.869999999999999929e+01,4.460000000000000000e+02,2.110000000000000000e+02,2.750000000000000000e+02,6.300000000000000000e+01,6.788432267884322302e-01,6.185852981969486297e-01,2.299270072992700698e-01,1.852661900556995533e-02,3.761110319974250160e-01,0.000000000000000000e+00,2.154471003450453281e-03,1.053863580054894555e-01,5.161889490045723505e-01
1.880000000000000071e+01,4.230000000000000000e+02,2.020000000000000000e+02,2.980000000000000000e+02,7.200000000000000000e+01,6.767999999999999572e-01,5.866851595006934428e-01,2.627737226277372384e-01,1.740951302781468257e-02,3.770239550067344680e-01,0.000000000000000000e+00,2.210143007687292993e-03,1.057175680034561083e-01,5.161927010049112141e-01
1.890000000000000213e+01,3.930000000000000000e+02,2.130000000000000000e+02,3.280000000000000000e+02,6.100000000000000000e+01,6.485148514851485357e-01,5.450762829403605902e-01,2.226277372262773779e-01,1.874959700580802746e-02,3.777296839871269185e-01,0.000000000000000000e+00,2.211552007793216035e-03,1.061747969943098724e-01,5.187140659982105717e-01
1.900000000000000000e+01,4.680000000000000000e+02,2.160000000000000000e+02,2.530000000000000000e+02,5.800000000000000000e+01,6.842105263157894912e-01,6.490984743411928326e-01,2.116788321167883125e-01,1.774446398849249817e-02,3.779281639945111237e-01,0.000000000000000000e+00,2.201201990828849375e-03,1.051841619919287041e-01,5.172605509942513891e-01
1.910000000000000142e+01,4.740000000000000000e+02,2.220000000000000000e+02,2.470000000000000000e+02,5.200000000000000000e+01,6.810344827586206629e-01,6.574202496532594031e-01,1.897810218978102093e-01,1.742030199602595530e-02,3.758609619944763836e-01,0.000000000000000000e+00,2.169580006011528894e-03,1.046816130037768744e-01,5.141795720046502538e-01
1.920000000000000284e+01,4.060000000000000000e+02,2.000000000000000000e+02,3.150000000000000000e+02,7.400000000000000000e+01,6.699669966996699699e-01,5.631067961165048263e-01,2.700729927007299302e-01,1.799683900389936753e-02,3.777657870014081709e-01,0.000000000000000000e+00,2.181778989324811846e-03,1.064335860064602457e-01,5.180491580103989691e-01
1.930000000000000071e+01,4.340000000000000000e+02,2.130000000000000000e+02,2.870000000000000000e+02,6.100000000000000000e+01,6.707882534775888583e-01,6.019417475728154887e-01,2.226277372262773779e-01,1.791624199904617853e-02,3.776287210275768302e-01,0.000000000000000000e+00,2.146072005416499451e-03,1.059505929915758315e-01,5.174521900116815232e-01
1.940000000000000213e+01,3.960000000000000000e+02,2.030000000000000000e+02,3.250000000000000000e+02,7.100000000000000000e+01,6.611018363939900055e-01,5.492371705963938755e-01,2.591240875912408925e-01,1.772990899917203933e-02,3.771420379998744465e-01,0.000000000000000000e+00,2.179482999054016545e-03,1.061355650053883437e-01,5.169303720031166449e-01
1.950000000000000000e+01,4.200000000000000000e+02,2.260000000000000000e+02,3.010000000000000000e+02,4.800000000000000000e+01,6.501547987616098645e-01,5.825242718446601575e-01,1.751824817518248256e-01,1.757704200281295925e-02,3.774475269965478219e-01,0.000000000000000000e+00,2.178653008741093799e-03,1.057854629980283789e-01,5.170399909984553233e-01
1.960000000000000142e+01,4.330000000000000000e+02,2.180000000000000000e+02,2.880000000000000000e+02,5.600000000000000000e+01,6.651305683563748516e-01,6.005547850208043936e-01,2.043795620437956206e-01,1.714639699639519677e-02,3.744157999935850967e-01,0.000000000000000000e+00,2.145548998669255525e-03,1.054260820055787917e-01,5.132520869956351817e-01
1.970000000000000284e+01,3.870000000000000000e+02,2.010000000000000000e+02,3.340000000000000000e+02,7.300000000000000000e+01,6.581632653061224580e-01,5.367545076282940197e-01,2.664233576642335843e-01,1.771935400029178709e-02,3.768701950029935688e-01,0.000000000000000000e+00,2.221143990027485415e-03,1.060150939883897081e-01,5.168898139891098253e-01
1.980000000000000071e+01,4.840000000000000000e+02,2.290000000000000000e+02,2.370000000000000000e+02,4.500000000000000000e+01,6.788218793828891817e-01,6.712898751733703540e-01,1.642335766423357601e-01,1.753843100959784351e-02,3.773433589885826223e-01,0.000000000000000000e+00,2.204406988312257454e-03,1.046732709946809337e-01,5.159029330134217162e-01
1.990000000000000213e+01,4.330000000000000000e+02,2.190000000000000000e+02,2.880000000000000000e+02,5.500000000000000000e+01,6.641104294478528125e-01,6.005547850208043936e-01,2.007299270072992747e-01,1.789739000378176570e-02,3.768077540044032503e-01,0.000000000000000000e+00,2.184608998504700139e-03,1.052251710098062176e-01,5.159610490227350965e-01
