0.000000000000000000e+00,5.950000000000000000e+02,3.300000000000000000e+01,1.110000000000000000e+02,1.040000000000000000e+02,9.474522292993630135e-01,8.427762039660056104e-01,7.591240875912408370e-01,1.894131700191792333e-02,3.935344790006638505e-01,0.000000000000000000e+00,2.788891009998224035e+00,9.236268400218250463e-02,3.330609514998286613e+00
1.000000000000000056e-01,5.920000000000000000e+02,3.900000000000000000e+01,1.140000000000000000e+02,9.800000000000000000e+01,9.381933438985736728e-01,8.385269121813031523e-01,7.153284671532846861e-01,1.797553899814374745e-02,3.804196470027818577e-01,0.000000000000000000e+00,2.829510633003337716e+00,8.929696200175385457e-02,3.353675010998813377e+00
2.000000000000000111e-01,5.760000000000000000e+02,3.800000000000000000e+01,1.300000000000000000e+02,9.900000000000000000e+01,9.381107491856677250e-01,8.158640226628894876e-01,7.226277372262773779e-01,1.748115000282268738e-02,3.808680829997683759e-01,0.000000000000000000e+00,2.848953337998864299e+00,8.988168199903157074e-02,3.372808813001938688e+00
3.000000000000000444e-01,5.970000000000000000e+02,4.100000000000000000e+01,1.090000000000000000e+02,9.600000000000000000e+01,9.357366771159875141e-01,8.456090651558073601e-01,7.007299270072993025e-01,1.750525599891261663e-02,3.806064890022753389e-01,0.000000000000000000e+00,2.902172923001671734e+00,8.905266199781181058e-02,3.425867814000412181e+00
4.000000000000000222e-01,5.960000000000000000e+02,3.700000000000000000e+01,1.100000000000000000e+02,1.000000000000000000e+02,9.415481832543444174e-01,8.441926345609065407e-01,7.299270072992700698e-01,1.803283900517271832e-02,3.814103680006155628e-01,0.000000000000000000e+00,2.881804611002735328e+00,8.876795399919501506e-02,3.406790062999789370e+00
5.000000000000000000e-01,6.040000000000000000e+02,4.100000000000000000e+01,1.020000000000000000e+02,9.600000000000000000e+01,9.364341085271318255e-01,8.555240793201133176e-01,7.007299270072993025e-01,1.741034799943008693e-02,3.803273679995982093e-01,0.000000000000000000e+00,2.902706036001291068e+00,8.874901100170973223e-02,3.425921479997668939e+00
6.000000000000000888e-01,6.090000000000000000e+02,4.400000000000000000e+01,9.700000000000000000e+01,9.300000000000000000e+01,9.326186830015313900e-01,8.626062322946175254e-01,6.788321167883211160e-01,1.932038600625674007e-02,3.951246169990554336e-01,0.000000000000000000e+00,3.109105751002971374e+00,9.144862399989506230e-02,3.653931404999639199e+00
7.000000000000000666e-01,6.080000000000000000e+02,4.600000000000000000e+01,9.800000000000000000e+01,9.100000000000000000e+01,9.296636085626911461e-01,8.611898016997167060e-01,6.642335766423357324e-01,1.821939900401048362e-02,3.881380619977790047e-01,0.000000000000000000e+00,2.938133663998087286e+00,9.265150000192079460e-02,3.475075888003630098e+00
8.000000000000000444e-01,5.930000000000000000e+02,4.500000000000000000e+01,1.130000000000000000e+02,9.200000000000000000e+01,9.294670846394984531e-01,8.399433427762039717e-01,6.715328467153284242e-01,1.796392399955948349e-02,3.901168140018853592e-01,0.000000000000000000e+00,3.035212801999477961e+00,9.359101899917732226e-02,3.573438927001916454e+00
9.000000000000000222e-01,6.070000000000000000e+02,3.800000000000000000e+01,9.900000000000000000e+01,9.900000000000000000e+01,9.410852713178294859e-01,8.597733711048158867e-01,7.226277372262773779e-01,1.804882400028873235e-02,3.821210139958566288e-01,0.000000000000000000e+00,2.910355551996872236e+00,8.918300599725625943e-02,3.437033022002651705e+00
1.000000000000000000e+00,6.140000000000000000e+02,4.400000000000000000e+01,9.200000000000000000e+01,9.300000000000000000e+01,9.331306990881459429e-01,8.696883852691218442e-01,6.788321167883211160e-01,1.811760200143908150e-02,3.833295829972485080e-01,0.000000000000000000e+00,2.907503596000424295e+00,9.046425099950283766e-02,3.436986585005797679e+00
1.100000000000000089e+00,6.140000000000000000e+02,4.500000000000000000e+01,9.200000000000000000e+01,9.200000000000000000e+01,9.317147192716236370e-01,8.696883852691218442e-01,6.715328467153284242e-01,1.833338300002651522e-02,3.927090010020037880e-01,0.000000000000000000e+00,2.948956360996817239e+00,9.362012600195157574e-02,3.492305796998152800e+00
1.200000000000000178e+00,6.050000000000000000e+02,4.500000000000000000e+01,1.010000000000000000e+02,9.200000000000000000e+01,9.307692307692307931e-01,8.569405099150141369e-01,6.715328467153284242e-01,1.921170700006769039e-02,3.998277690043323673e-01,0.000000000000000000e+00,3.026085533998411847e+00,9.364203099903534167e-02,3.576555544002076203e+00
1.300000000000000044e+00,5.980000000000000000e+02,4.600000000000000000e+01,1.080000000000000000e+02,9.100000000000000000e+01,9.285714285714286031e-01,8.470254957507081794e-01,6.642335766423357324e-01,1.997102499899483519e-02,3.977371109995146981e-01,0.000000000000000000e+00,2.795043130003250553e+00,9.275296200121374568e-02,3.343663582003500778e+00
1.400000000000000133e+00,5.970000000000000000e+02,4.100000000000000000e+01,1.090000000000000000e+02,9.600000000000000000e+01,9.357366771159875141e-01,8.456090651558073601e-01,7.007299270072993025e-01,1.942898999732278753e-02,4.139347550017191679e-01,0.000000000000000000e+00,2.936010302003523975e+00,1.007344159997956012e-01,3.511410713002078410e+00
1.500000000000000000e+00,6.010000000000000000e+02,5.000000000000000000e+01,1.050000000000000000e+02,8.700000000000000000e+01,9.231950844854071025e-01,8.512747875354107485e-01,6.350364963503649651e-01,1.989761999811889837e-02,3.899329869973371387e-01,0.000000000000000000e+00,2.772847162998004933e+00,9.142572899781953311e-02,3.312273732999528875e+00
1.600000000000000089e+00,6.030000000000000000e+02,4.200000000000000000e+01,1.030000000000000000e+02,9.500000000000000000e+01,9.348837209302325313e-01,8.541076487252124982e-01,6.934306569343066107e-01,1.809874899754504440e-02,3.897887090024596546e-01,0.000000000000000000e+00,2.846656997000536649e+00,9.175043199866195209e-02,3.384148261001428182e+00
1.700000000000000178e+00,6.170000000000000000e+02,4.800000000000000000e+01,8.900000000000000000e+01,8.900000000000000000e+01,9.278195488721804329e-01,8.739376770538244132e-01,6.496350364963503488e-01,1.763027100241743028e-02,3.915210190016296110e-01,0.000000000000000000e+00,2.740795291998438188e+00,9.117921499546355335e-02,3.279333288999623619e+00
1.800000000000000044e+00,6.150000000000000000e+02,4.700000000000000000e+01,9.100000000000000000e+01,9.000000000000000000e+01,9.290030211480362343e-01,8.711048158640226635e-01,6.569343065693430406e-01,1.900946699697669828e-02,4.066218630023286096e-01,0.000000000000000000e+00,2.888079625997306721e+00,9.574768499805941246e-02,3.448013457999877573e+00
1.900000000000000133e+00,5.980000000000000000e+02,4.600000000000000000e+01,1.080000000000000000e+02,9.100000000000000000e+01,9.285714285714286031e-01,8.470254957507081794e-01,6.642335766423357324e-01,1.838470199618313927e-02,3.958377569961157860e-01,0.000000000000000000e+00,2.802765673000067181e+00,9.246342399910645327e-02,3.347060093997242802e+00
2.000000000000000000e+00,6.000000000000000000e+02,4.000000000000000000e+01,1.060000000000000000e+02,9.700000000000000000e+01,9.375000000000000000e-01,8.498583569405099292e-01,7.080291970802919943e-01,2.131571400150278350e-02,4.029658579984243261e-01,0.000000000000000000e+00,2.739587885001128598e+00,9.680177900190756191e-02,3.300349407000794599e+00
2.100000000000000089e+00,6.070000000000000000e+02,4.700000000000000000e+01,9.900000000000000000e+01,9.000000000000000000e+01,9.281345565749234972e-01,8.597733711048158867e-01,6.569343065693430406e-01,1.893257200026710052e-02,4.061131760017815395e-01,0.000000000000000000e+00,2.867650467999737884e+00,9.717031700256484328e-02,3.428715824000391876e+00
2.200000000000000178e+00,6.030000000000000000e+02,4.700000000000000000e+01,1.030000000000000000e+02,9.000000000000000000e+01,9.276923076923077049e-01,8.541076487252124982e-01,6.569343065693430406e-01,1.870874599717353703e-02,3.970940199969845708e-01,0.000000000000000000e+00,2.759184962999825075e+00,9.451529599846253404e-02,3.307672165003168629e+00
2.300000000000000266e+00,5.910000000000000000e+02,4.400000000000000000e+01,1.150000000000000000e+02,9.300000000000000000e+01,9.307086614173227801e-01,8.371104815864022219e-01,6.788321167883211160e-01,1.754215500386635540e-02,3.907291229998008930e-01,0.000000000000000000e+00,2.619701930004339374e+00,9.139924900227924809e-02,3.157590073002211284e+00
2.400000000000000355e+00,5.940000000000000000e+02,4.600000000000000000e+01,1.120000000000000000e+02,9.100000000000000000e+01,9.281249999999999778e-01,8.413597733711047910e-01,6.642335766423357324e-01,1.785948000178905204e-02,3.867035049997866736e-01,0.000000000000000000e+00,2.720837064000988903e+00,8.878945599735743599e-02,3.251082672000848106e+00
2.500000000000000000e+00,5.990000000000000000e+02,4.600000000000000000e+01,1.070000000000000000e+02,9.100000000000000000e+01,9.286821705426356877e-01,8.484419263456091098e-01,6.642335766423357324e-01,1.769389600030990550e-02,3.872455110031296499e-01,0.000000000000000000e+00,2.671260291996077285e+00,8.893354799965891289e-02,3.201720175000446034e+00
2.600000000000000089e+00,6.170000000000000000e+02,4.700000000000000000e+01,8.900000000000000000e+01,9.000000000000000000e+01,9.292168674698795261e-01,8.739376770538244132e-01,6.569343065693430406e-01,1.762234199668455403e-02,3.866840780010534218e-01,0.000000000000000000e+00,2.609844694998173509e+00,8.768972799862240208e-02,3.139733388999957242e+00
2.700000000000000178e+00,5.930000000000000000e+02,4.700000000000000000e+01,1.130000000000000000e+02,9.000000000000000000e+01,9.265624999999999556e-01,8.399433427762039717e-01,6.569343065693430406e-01,1.915875899794627912e-02,3.910139940016961191e-01,0.000000000000000000e+00,2.774539798995647288e+00,9.058551300131512107e-02,3.312867654000910989e+00
2.800000000000000266e+00,6.070000000000000000e+02,4.500000000000000000e+01,9.900000000000000000e+01,9.200000000000000000e+01,9.309815950920244942e-01,8.597733711048158867e-01,6.715328467153284242e-01,1.800791899859177647e-02,3.857737490034196526e-01,0.000000000000000000e+00,2.753869198998472712e+00,9.095048000381211750e-02,3.286363415999403514e+00
2.900000000000000355e+00,5.980000000000000000e+02,4.400000000000000000e+01,1.080000000000000000e+02,9.300000000000000000e+01,9.314641744548286528e-01,8.470254957507081794e-01,6.788321167883211160e-01,1.834301100370794302e-02,3.911649309975473443e-01,0.000000000000000000e+00,2.851513647003230290e+00,9.042985299856809434e-02,3.388920443000642990e+00
3.000000000000000000e+00,5.960000000000000000e+02,4.600000000000000000e+01,1.100000000000000000e+02,9.100000000000000000e+01,9.283489096573208643e-01,8.441926345609065407e-01,6.642335766423357324e-01,1.895577099912770791e-02,3.920962690017404384e-01,0.000000000000000000e+00,2.795791295000526588e+00,9.020778900230652653e-02,3.334268274996247783e+00
3.100000000000000089e+00,6.140000000000000000e+02,4.800000000000000000e+01,9.200000000000000000e+01,8.900000000000000000e+01,9.274924471299094142e-01,8.696883852691218442e-01,6.496350364963503488e-01,1.840727199760294752e-02,4.007267400002092472e-01,0.000000000000000000e+00,2.875024580997887824e+00,9.465177200127072865e-02,3.428394201996525226e+00
3.200000000000000178e+00,6.010000000000000000e+02,4.900000000000000000e+01,1.050000000000000000e+02,8.800000000000000000e+01,9.246153846153846168e-01,8.512747875354107485e-01,6.423357664233576569e-01,1.917522800158621976e-02,4.182563959975595935e-01,0.000000000000000000e+00,2.963951390001057007e+00,1.032697430009648087e-01,3.545590454999910435e+00
3.300000000000000266e+00,6.100000000000000000e+02,4.700000000000000000e+01,9.600000000000000000e+01,9.000000000000000000e+01,9.284627092846270413e-01,8.640226628895184557e-01,6.569343065693430406e-01,1.893567899878689786e-02,4.111194129991417867e-01,0.000000000000000000e+00,2.963136882998696819e+00,9.610940699894854333e-02,3.528950963001989294e+00
3.400000000000000355e+00,6.050000000000000000e+02,4.700000000000000000e+01,1.010000000000000000e+02,9.000000000000000000e+01,9.279141104294478248e-01,8.569405099150141369e-01,6.569343065693430406e-01,1.863502100331970723e-02,3.961318129995561321e-01,0.000000000000000000e+00,2.796230294002270966e+00,9.271794799587951275e-02,3.342539026998565532e+00
3.500000000000000000e+00,6.030000000000000000e+02,4.200000000000000000e+01,1.030000000000000000e+02,9.500000000000000000e+01,9.348837209302325313e-01,8.541076487252124982e-01,6.934306569343066107e-01,1.800112699856981635e-02,3.914148909952928079e-01,0.000000000000000000e+00,2.664730224997583719e+00,8.789381800033879699e-02,3.199345193002955057e+00
3.600000000000000089e+00,6.040000000000000000e+02,4.800000000000000000e+01,1.020000000000000000e+02,8.900000000000000000e+01,9.263803680981594901e-01,8.555240793201133176e-01,6.496350364963503488e-01,1.862723900376295205e-02,3.941464850004194886e-01,0.000000000000000000e+00,2.587384918996576744e+00,9.164861800036305794e-02,3.129474133000258007e+00
3.700000000000000178e+00,6.010000000000000000e+02,4.100000000000000000e+01,1.050000000000000000e+02,9.600000000000000000e+01,9.361370716510903911e-01,8.512747875354107485e-01,7.007299270072993025e-01,1.804086599531729007e-02,3.941231380013050511e-01,0.000000000000000000e+00,2.787140913000257569e+00,9.141112999714096077e-02,3.327996633001930604e+00
3.800000000000000266e+00,6.100000000000000000e+02,4.900000000000000000e+01,9.600000000000000000e+01,8.800000000000000000e+01,9.256449165402124146e-01,8.640226628895184557e-01,6.423357664233576569e-01,1.952913699915370671e-02,3.987661819992354140e-01,0.000000000000000000e+00,2.806696945001021959e+00,9.260389399878476979e-02,3.355079908003062883e+00
3.900000000000000355e+00,6.120000000000000000e+02,4.600000000000000000e+01,9.400000000000000000e+01,9.100000000000000000e+01,9.300911854103343090e-01,8.668555240793200944e-01,6.642335766423357324e-01,1.785042700248595793e-02,3.906177169974398566e-01,0.000000000000000000e+00,2.605600586000036856e+00,8.828373500364250503e-02,3.139776859999983571e+00
4.000000000000000000e+00,6.010000000000000000e+02,4.500000000000000000e+01,1.050000000000000000e+02,9.200000000000000000e+01,9.303405572755417685e-01,8.512747875354107485e-01,6.715328467153284242e-01,1.785177899637346854e-02,3.866471159999491647e-01,0.000000000000000000e+00,2.732862680002654088e+00,8.730092199857608648e-02,3.261581617998672300e+00
4.100000000000000533e+00,6.130000000000000000e+02,4.500000000000000000e+01,9.300000000000000000e+01,9.200000000000000000e+01,9.316109422492401260e-01,8.682719546742209138e-01,6.715328467153284242e-01,1.798042499831353780e-02,3.893092739999701735e-01,0.000000000000000000e+00,2.539554615998895315e+00,8.732031799627293367e-02,3.071515140002702537e+00
4.200000000000000178e+00,6.220000000000000000e+02,4.700000000000000000e+01,8.400000000000000000e+01,9.000000000000000000e+01,9.297458893871449748e-01,8.810198300283286210e-01,6.569343065693430406e-01,1.738472899796761340e-02,3.887989049990210333e-01,0.000000000000000000e+00,2.709651776001919643e+00,8.775459799926466076e-02,3.243141438000748167e+00
4.299999999999999822e+00,6.140000000000000000e+02,4.600000000000000000e+01,9.200000000000000000e+01,9.100000000000000000e+01,9.303030303030302983e-01,8.696883852691218442e-01,6.642335766423357324e-01,1.785705900329048745e-02,3.953626160018757218e-01,0.000000000000000000e+00,2.795083571997565741e+00,9.029884300161938882e-02,3.336452778997227142e+00
4.400000000000000355e+00,5.990000000000000000e+02,4.600000000000000000e+01,1.070000000000000000e+02,9.100000000000000000e+01,9.286821705426356877e-01,8.484419263456091098e-01,6.642335766423357324e-01,1.768968199667142471e-02,3.894735350031623966e-01,0.000000000000000000e+00,2.650431461998778104e+00,8.926107399929605890e-02,3.183964614000615256e+00
4.500000000000000000e+00,6.040000000000000000e+02,4.800000000000000000e+01,1.020000000000000000e+02,8.900000000000000000e+01,9.263803680981594901e-01,8.555240793201133176e-01,6.496350364963503488e-01,1.791702199625433423e-02,3.873434089991860674e-01,0.000000000000000000e+00,2.629981476998182188e+00,8.832496999912109459e-02,3.160674645000653982e+00
4.600000000000000533e+00,6.170000000000000000e+02,4.900000000000000000e+01,8.900000000000000000e+01,8.800000000000000000e+01,9.264264264264264748e-01,8.739376770538244132e-01,6.423357664233576569e-01,1.791219300321245100e-02,3.882884820022809436e-01,0.000000000000000000e+00,2.723470922003798478e+00,8.774631200049043400e-02,3.255363310000575439e+00
4.700000000000000178e+00,5.990000000000000000e+02,4.600000000000000000e+01,1.070000000000000000e+02,9.100000000000000000e+01,9.286821705426356877e-01,8.484419263456091098e-01,6.642335766423357324e-01,1.870014600171998609e-02,3.892268510016947403e-01,0.000000000000000000e+00,2.620620576001783775e+00,8.758757099712966010e-02,3.153424609996363870e+00
4.800000000000000711e+00,6.120000000000000000e+02,4.900000000000000000e+01,9.400000000000000000e+01,8.800000000000000000e+01,9.258698940998487670e-01,8.668555240793200944e-01,6.423357664233576569e-01,1.780614200470154174e-02,3.873543860008794582e-01,0.000000000000000000e+00,2.694117608001761255e+00,8.736390199919696897e-02,3.224343068998678064e+00
4.900000000000000355e+00,6.010000000000000000e+02,5.200000000000000000e+01,1.050000000000000000e+02,8.500000000000000000e+01,9.203675344563553296e-01,8.512747875354107485e-01,6.204379562043795815e-01,1.794650200554315234e-02,3.877000450029299827e-01,0.000000000000000000e+00,2.652362602999346564e+00,8.789100300145946676e-02,3.183737348998874950e+00
5.000000000000000000e+00,6.100000000000000000e+02,5.000000000000000000e+01,9.600000000000000000e+01,8.700000000000000000e+01,9.242424242424241987e-01,8.640226628895184557e-01,6.350364963503649651e-01,1.801059099943813635e-02,3.888324439976713620e-01,0.000000000000000000e+00,2.847953628995128383e+00,8.786231400154065341e-02,3.379890486002295802e+00
5.100000000000000533e+00,6.000000000000000000e+02,5.400000000000000000e+01,1.060000000000000000e+02,8.300000000000000000e+01,9.174311926605505096e-01,8.498583569405099292e-01,6.058394160583941979e-01,1.789232600003742846e-02,3.873324910009614541e-01,0.000000000000000000e+00,2.732313951000833185e+00,8.773795300021447474e-02,3.263067951997982163e+00
5.200000000000000178e+00,6.020000000000000000e+02,4.500000000000000000e+01,1.040000000000000000e+02,9.200000000000000000e+01,9.304482225656878214e-01,8.526912181303115679e-01,6.715328467153284242e-01,1.761632499983534217e-02,3.886675789972287021e-01,0.000000000000000000e+00,2.729475650998210767e+00,8.784558900060801534e-02,3.261057942003390053e+00
5.300000000000000711e+00,6.080000000000000000e+02,4.700000000000000000e+01,9.800000000000000000e+01,9.000000000000000000e+01,9.282442748091602747e-01,8.611898016997167060e-01,6.569343065693430406e-01,1.764732399988133693e-02,3.875561869963348727e-01,0.000000000000000000e+00,3.026654700996914471e+00,8.786616200086427853e-02,3.556756273997962126e+00
5.400000000000000355e+00,6.030000000000000000e+02,5.000000000000000000e+01,1.030000000000000000e+02,8.700000000000000000e+01,9.234303215926492614e-01,8.541076487252124982e-01,6.350364963503649651e-01,1.782875500248337630e-02,3.882401589953587973e-01,0.000000000000000000e+00,2.851325304002784833e+00,8.804085299925645813e-02,3.383074684997154691e+00
5.500000000000000000e+00,6.070000000000000000e+02,5.000000000000000000e+01,9.900000000000000000e+01,8.700000000000000000e+01,9.238964992389649966e-01,8.597733711048158867e-01,6.350364963503649651e-01,1.740358299957733834e-02,3.873572449974744814e-01,0.000000000000000000e+00,2.925092462001884996e+00,8.828780900148558430e-02,3.455763770998601103e+00
5.600000000000000533e+00,6.090000000000000000e+02,5.000000000000000000e+01,9.700000000000000000e+01,8.700000000000000000e+01,9.241274658573596090e-01,8.626062322946175254e-01,6.350364963503649651e-01,1.783498300119390478e-02,3.875886280029590125e-01,0.000000000000000000e+00,2.624569890002021566e+00,9.040161799748602789e-02,3.157941137002126197e+00
5.700000000000000178e+00,6.170000000000000000e+02,4.800000000000000000e+01,8.900000000000000000e+01,8.900000000000000000e+01,9.278195488721804329e-01,8.739376770538244132e-01,6.496350364963503488e-01,1.759963100357708754e-02,3.885794359994179104e-01,0.000000000000000000e+00,2.746293181998225919e+00,8.773852800095482962e-02,3.277669548996527737e+00
5.800000000000000711e+00,6.130000000000000000e+02,4.800000000000000000e+01,9.300000000000000000e+01,8.900000000000000000e+01,9.273827534039333909e-01,8.682719546742209138e-01,6.496350364963503488e-01,1.804312700369337108e-02,3.930679219974990701e-01,0.000000000000000000e+00,2.660500600998602749e+00,9.392175799439428374e-02,3.203257140002278902e+00
5.900000000000000355e+00,6.150000000000000000e+02,4.400000000000000000e+01,9.100000000000000000e+01,9.300000000000000000e+01,9.332321699544764426e-01,8.711048158640226635e-01,6.788321167883211160e-01,1.842625999961455818e-02,3.946141270025691483e-01,0.000000000000000000e+00,2.799885671000083676e+00,9.190500400291057304e-02,3.343060638001588813e+00
6.000000000000000000e+00,6.150000000000000000e+02,5.200000000000000000e+01,9.100000000000000000e+01,8.500000000000000000e+01,9.220389805097450875e-01,8.711048158640226635e-01,6.204379562043795815e-01,1.956608099953882629e-02,4.009126060036578565e-01,0.000000000000000000e+00,2.807763261997934023e+00,9.324321900203358382e-02,3.359647583999503695e+00
6.100000000000000533e+00,6.170000000000000000e+02,5.200000000000000000e+01,8.900000000000000000e+01,8.500000000000000000e+01,9.222720478325859839e-01,8.739376770538244132e-01,6.204379562043795815e-01,1.819492399954469875e-02,3.895675760013546096e-01,0.000000000000000000e+00,2.772274566000305640e+00,8.960869800466753077e-02,3.307646979002129228e+00
6.200000000000000178e+00,6.080000000000000000e+02,4.800000000000000000e+01,9.800000000000000000e+01,8.900000000000000000e+01,9.268292682926829729e-01,8.611898016997167060e-01,6.496350364963503488e-01,1.818779900349909440e-02,3.876146610000432702e-01,0.000000000000000000e+00,2.671248417000242625e+00,8.800157599853264401e-02,3.202685803998974734e+00
6.300000000000000711e+00,6.150000000000000000e+02,4.900000000000000000e+01,9.100000000000000000e+01,8.800000000000000000e+01,9.262048192771084043e-01,8.711048158640226635e-01,6.423357664233576569e-01,1.805720099764585029e-02,3.897334149996822816e-01,0.000000000000000000e+00,2.820774798000456940e+00,8.836093399986566510e-02,3.354656325997893873e+00
6.400000000000000355e+00,6.130000000000000000e+02,4.300000000000000000e+01,9.300000000000000000e+01,9.400000000000000000e+01,9.344512195121951192e-01,8.682719546742209138e-01,6.861313868613139189e-01,1.758293299826618750e-02,3.897487309986900073e-01,0.000000000000000000e+00,2.892973669000639347e+00,8.771727200019086013e-02,3.425370727004519722e+00
6.500000000000000000e+00,5.990000000000000000e+02,4.700000000000000000e+01,1.070000000000000000e+02,9.000000000000000000e+01,9.272445820433437014e-01,8.484419263456091098e-01,6.569343065693430406e-01,1.808472599714150419e-02,3.914649919997827965e-01,0.000000000000000000e+00,2.700992046003193536e+00,8.766187600213015685e-02,3.235285935997126217e+00
6.600000000000000533e+00,6.050000000000000000e+02,4.400000000000000000e+01,1.010000000000000000e+02,9.300000000000000000e+01,9.322033898305084332e-01,8.569405099150141369e-01,6.788321167883211160e-01,1.793473300131154247e-02,3.903407120023985044e-01,0.000000000000000000e+00,2.728349056001206918e+00,8.861444099966320209e-02,3.262938684999426187e+00
6.700000000000000178e+00,5.930000000000000000e+02,5.200000000000000000e+01,1.130000000000000000e+02,8.500000000000000000e+01,9.193798449612402557e-01,8.399433427762039717e-01,6.204379562043795815e-01,1.793675699900632026e-02,3.909841260001485352e-01,0.000000000000000000e+00,2.740440802002922283e+00,8.790782300002319971e-02,3.274228560998380999e+00
6.800000000000000711e+00,6.180000000000000000e+02,5.000000000000000000e+01,8.800000000000000000e+01,8.700000000000000000e+01,9.251497005988024158e-01,8.753541076487252326e-01,6.350364963503649651e-01,1.781257300535799004e-02,3.895613810000213562e-01,0.000000000000000000e+00,2.668850269000358821e+00,8.769462400141492253e-02,3.201560470999538666e+00
6.900000000000000355e+00,6.160000000000000000e+02,4.700000000000000000e+01,9.000000000000000000e+01,9.000000000000000000e+01,9.291101055806938458e-01,8.725212464589234829e-01,6.569343065693430406e-01,1.803114000449568266e-02,3.868331149997175089e-01,0.000000000000000000e+00,2.821865417003209586e+00,8.798222700170299504e-02,3.352178432000982866e+00
7.000000000000000000e+00,6.180000000000000000e+02,5.100000000000000000e+01,8.800000000000000000e+01,8.600000000000000000e+01,9.237668161434977598e-01,8.753541076487252326e-01,6.277372262773722733e-01,1.776535000135481823e-02,3.885309190036423388e-01,0.000000000000000000e+00,2.866448583000419603e+00,8.732056800090504112e-02,3.398109263001060754e+00
7.100000000000000533e+00,6.240000000000000000e+02,5.500000000000000000e+01,8.200000000000000000e+01,8.200000000000000000e+01,9.189985272459498811e-01,8.838526912181302597e-01,5.985401459854015060e-01,1.804020099825720536e-02,3.898213119982756325e-01,0.000000000000000000e+00,2.750934172997403948e+00,8.773830500103940722e-02,3.284993018998648040e+00
7.200000000000000178e+00,6.050000000000000000e+02,5.200000000000000000e+01,1.010000000000000000e+02,8.500000000000000000e+01,9.208523592085235965e-01,8.569405099150141369e-01,6.204379562043795815e-01,1.807167499828210566e-02,3.882723080050709541e-01,0.000000000000000000e+00,2.737868318999971962e+00,8.773079300135577796e-02,3.269448417001513008e+00
7.300000000000000711e+00,6.260000000000000000e+02,5.600000000000000000e+01,8.000000000000000000e+01,8.100000000000000000e+01,9.178885630498533343e-01,8.866855524079320094e-01,5.912408759124088142e-01,1.801028999852860579e-02,3.876069919988367474e-01,0.000000000000000000e+00,3.081290045996865956e+00,8.767175400407722918e-02,3.613269195999237127e+00
7.400000000000000355e+00,6.170000000000000000e+02,5.100000000000000000e+01,8.900000000000000000e+01,8.600000000000000000e+01,9.236526946107784797e-01,8.739376770538244132e-01,6.277372262773722733e-01,1.756722399932186818e-02,3.892877889975352446e-01,0.000000000000000000e+00,3.062079122998511593e+00,8.806492600160709117e-02,3.595244745001764386e+00
7.500000000000000000e+00,6.040000000000000000e+02,4.600000000000000000e+01,1.020000000000000000e+02,9.100000000000000000e+01,9.292307692307691935e-01,8.555240793201133176e-01,6.642335766423357324e-01,1.764852400447125547e-02,3.891683370011378429e-01,0.000000000000000000e+00,2.992921375000150874e+00,8.839544399870646885e-02,3.525033845999132609e+00
7.600000000000000533e+00,6.090000000000000000e+02,4.700000000000000000e+01,9.700000000000000000e+01,9.000000000000000000e+01,9.283536585365853577e-01,8.626062322946175254e-01,6.569343065693430406e-01,1.810242299961828394e-02,3.890928309992887080e-01,0.000000000000000000e+00,2.733514802003810473e+00,8.784218299842905253e-02,3.265832827999474830e+00
7.700000000000000178e+00,6.150000000000000000e+02,5.100000000000000000e+01,9.100000000000000000e+01,8.600000000000000000e+01,9.234234234234234284e-01,8.711048158640226635e-01,6.277372262773722733e-01,1.779417200123134535e-02,3.886039230010283063e-01,0.000000000000000000e+00,2.747400404001382412e+00,8.821824800088506890e-02,3.279928074000054039e+00
7.800000000000000711e+00,6.110000000000000000e+02,5.500000000000000000e+01,9.500000000000000000e+01,8.200000000000000000e+01,9.174174174174174468e-01,8.654390934844192751e-01,5.985401459854015060e-01,1.795940600277390331e-02,3.874579930006802897e-01,0.000000000000000000e+00,2.603256124001745775e+00,8.770476800145843299e-02,3.134132466002483852e+00
7.900000000000000355e+00,6.160000000000000000e+02,4.700000000000000000e+01,9.000000000000000000e+01,9.000000000000000000e+01,9.291101055806938458e-01,8.725212464589234829e-01,6.569343065693430406e-01,1.818455400280072354e-02,3.879930839966618805e-01,0.000000000000000000e+00,2.793167092000658158e+00,8.791281400226580445e-02,3.325418933002765698e+00
8.000000000000000000e+00,6.140000000000000000e+02,4.700000000000000000e+01,9.200000000000000000e+01,9.000000000000000000e+01,9.288956127080181258e-01,8.696883852691218442e-01,6.569343065693430406e-01,1.794078199782234151e-02,3.884129080015554791e-01,0.000000000000000000e+00,2.792249357002219767e+00,8.804237400272540981e-02,3.324405758998182137e+00
8.099999999999999645e+00,6.120000000000000000e+02,5.500000000000000000e+01,9.400000000000000000e+01,8.200000000000000000e+01,9.175412293853073553e-01,8.668555240793200944e-01,5.985401459854015060e-01,1.803440100229636300e-02,3.908723560016369447e-01,0.000000000000000000e+00,2.725297775997205463e+00,8.828048699706414482e-02,3.259972782000659208e+00
8.200000000000001066e+00,6.170000000000000000e+02,4.500000000000000000e+01,8.900000000000000000e+01,9.200000000000000000e+01,9.320241691842899856e-01,8.739376770538244132e-01,6.715328467153284242e-01,1.775630299835029291e-02,3.883607989964730223e-01,0.000000000000000000e+00,2.847300294001797738e+00,8.854373299982398748e-02,3.379647752995879273e+00
8.300000000000000711e+00,6.130000000000000000e+02,4.700000000000000000e+01,9.300000000000000000e+01,9.000000000000000000e+01,9.287878787878788289e-01,8.682719546742209138e-01,6.569343065693430406e-01,1.787445499849127373e-02,3.917183610028587282e-01,0.000000000000000000e+00,2.806305102003534557e+00,8.719699499579292024e-02,3.341056180001032772e+00
8.400000000000000355e+00,6.120000000000000000e+02,4.600000000000000000e+01,9.400000000000000000e+01,9.100000000000000000e+01,9.300911854103343090e-01,8.668555240793200944e-01,6.642335766423357324e-01,1.770951499929651618e-02,3.914721340006508399e-01,0.000000000000000000e+00,2.831158836999748019e+00,8.785209400048188400e-02,3.366057270000965218e+00
8.500000000000000000e+00,6.270000000000000000e+02,5.300000000000000000e+01,7.900000000000000000e+01,8.400000000000000000e+01,9.220588235294118196e-01,8.881019830028328288e-01,6.131386861313868897e-01,1.802822800436842954e-02,3.880713860016840044e-01,0.000000000000000000e+00,2.961354817999563238e+00,8.736328400118509308e-02,3.492932253001526988e+00
8.599999999999999645e+00,6.120000000000000000e+02,4.900000000000000000e+01,9.400000000000000000e+01,8.800000000000000000e+01,9.258698940998487670e-01,8.668555240793200944e-01,6.423357664233576569e-01,1.798453400260768831e-02,3.874962170038998011e-01,0.000000000000000000e+00,2.960516445999928692e+00,8.769474899781926069e-02,3.490924049001478124e+00
8.700000000000001066e+00,6.080000000000000000e+02,4.500000000000000000e+01,9.800000000000000000e+01,9.200000000000000000e+01,9.310872894333843686e-01,8.611898016997167060e-01,6.715328467153284242e-01,1.805831000274338294e-02,3.870245490006709588e-01,0.000000000000000000e+00,2.762700353996478952e+00,8.787724299963883823e-02,3.293053790003796166e+00
8.800000000000000711e+00,6.140000000000000000e+02,4.700000000000000000e+01,9.200000000000000000e+01,9.000000000000000000e+01,9.288956127080181258e-01,8.696883852691218442e-01,6.569343065693430406e-01,1.774361299976590089e-02,3.900754010010132333e-01,0.000000000000000000e+00,2.827486450999458611e+00,8.747540099921025103e-02,3.360682938002355513e+00
8.900000000000000355e+00,6.100000000000000000e+02,5.000000000000000000e+01,9.600000000000000000e+01,8.700000000000000000e+01,9.242424242424241987e-01,8.640226628895184557e-01,6.350364963503649651e-01,1.796150500013027340e-02,3.879333830027462682e-01,0.000000000000000000e+00,2.990964010001334827e+00,8.723969200127612567e-02,3.521773467000457458e+00
9.000000000000000000e+00,5.990000000000000000e+02,5.300000000000000000e+01,1.070000000000000000e+02,8.400000000000000000e+01,9.187116564417178166e-01,8.484419263456091098e-01,6.131386861313868897e-01,2.082421700015402166e-02,3.878873300000122981e-01,0.000000000000000000e+00,2.785985844000606448e+00,8.808792499894479988e-02,3.320216413998423377e+00
9.099999999999999645e+00,6.070000000000000000e+02,4.700000000000000000e+01,9.900000000000000000e+01,9.000000000000000000e+01,9.281345565749234972e-01,8.597733711048158867e-01,6.569343065693430406e-01,1.772935099870664999e-02,3.328316169991012430e-01,0.000000000000000000e+00,2.622937498999817763e+00,7.729086300059861969e-02,3.083534852998127462e+00
9.200000000000001066e+00,6.150000000000000000e+02,5.100000000000000000e+01,9.100000000000000000e+01,8.600000000000000000e+01,9.234234234234234284e-01,8.711048158640226635e-01,6.277372262773722733e-01,1.736225300555815920e-02,3.295502270020733704e-01,0.000000000000000000e+00,2.391080616999715858e+00,7.582093100245401729e-02,2.847530811994147371e+00
9.300000000000000711e+00,6.190000000000000000e+02,4.800000000000000000e+01,8.700000000000000000e+01,8.900000000000000000e+01,9.280359820089955081e-01,8.767705382436260519e-01,6.496350364963503488e-01,1.682253300441516330e-02,3.286522329972285661e-01,0.000000000000000000e+00,2.647797882000304526e+00,7.580470400080230320e-02,3.102536243999566068e+00
9.400000000000000355e+00,6.340000000000000000e+02,5.200000000000000000e+01,7.200000000000000000e+01,8.500000000000000000e+01,9.241982507288629689e-01,8.980169971671387863e-01,6.204379562043795815e-01,1.705510000192589359e-02,3.323239910014308407e-01,0.000000000000000000e+00,2.380136030002176994e+00,7.607306399586377665e-02,2.839342907998798182e+00
9.500000000000000000e+00,6.090000000000000000e+02,4.500000000000000000e+01,9.700000000000000000e+01,9.200000000000000000e+01,9.311926605504586840e-01,8.626062322946175254e-01,6.715328467153284242e-01,1.713032799671054818e-02,3.323768909986029030e-01,0.000000000000000000e+00,2.427243424003791006e+00,7.669813700249505928e-02,2.886939580004764139e+00
9.600000000000001421e+00,6.130000000000000000e+02,4.900000000000000000e+01,9.300000000000000000e+01,8.800000000000000000e+01,9.259818731117824830e-01,8.682719546742209138e-01,6.423357664233576569e-01,1.701411500198446447e-02,3.341695679982876754e-01,0.000000000000000000e+00,2.425512801994955225e+00,7.745959299973037560e-02,2.888200734001657111e+00
9.700000000000001066e+00,5.940000000000000000e+02,5.100000000000000000e+01,1.120000000000000000e+02,8.600000000000000000e+01,9.209302325581395499e-01,8.413597733711047910e-01,6.277372262773722733e-01,1.735719999942375580e-02,3.464268870002342737e-01,0.000000000000000000e+00,2.397212712003238266e+00,8.057574599570216378e-02,2.875768247999076266e+00
9.800000000000000711e+00,6.110000000000000000e+02,4.400000000000000000e+01,9.500000000000000000e+01,9.300000000000000000e+01,9.328244274809159853e-01,8.654390934844192751e-01,6.788321167883211160e-01,1.702022199788189027e-02,3.390721980022135540e-01,0.000000000000000000e+00,2.522842592998131295e+00,7.613563300219539087e-02,2.988225315001727722e+00
9.900000000000000355e+00,6.160000000000000000e+02,4.700000000000000000e+01,9.000000000000000000e+01,9.000000000000000000e+01,9.291101055806938458e-01,8.725212464589234829e-01,6.569343065693430406e-01,1.705749599932460114e-02,3.484860999988086405e-01,0.000000000000000000e+00,2.448116614001264679e+00,8.132988700162968598e-02,2.930238266999367625e+00
1.000000000000000000e+01,6.280000000000000000e+02,5.100000000000000000e+01,7.800000000000000000e+01,8.600000000000000000e+01,9.248895434462445220e-01,8.895184135977337592e-01,6.277372262773722733e-01,1.758001799771591322e-02,3.502931749999333988e-01,0.000000000000000000e+00,2.677308698000160803e+00,8.193318400117277633e-02,3.162900231999628886e+00
1.010000000000000142e+01,6.180000000000000000e+02,4.600000000000000000e+01,8.800000000000000000e+01,9.100000000000000000e+01,9.307228915662650870e-01,8.753541076487252326e-01,6.642335766423357324e-01,1.896797499557578703e-02,3.609679619985399768e-01,0.000000000000000000e+00,2.789769189997969079e+00,8.632818699970812304e-02,3.291882306996740226e+00
1.020000000000000107e+01,6.230000000000000000e+02,5.500000000000000000e+01,8.300000000000000000e+01,8.200000000000000000e+01,9.188790560471976621e-01,8.824362606232294404e-01,5.985401459854015060e-01,1.801848400100425351e-02,3.607262830037143431e-01,0.000000000000000000e+00,2.845726061003006180e+00,8.646007700099289650e-02,3.347055341002487694e+00
1.030000000000000071e+01,6.210000000000000000e+02,4.400000000000000000e+01,8.500000000000000000e+01,9.300000000000000000e+01,9.338345864661654616e-01,8.796033994334278017e-01,6.788321167883211160e-01,2.066923800248332554e-02,3.885051380002551014e-01,0.000000000000000000e+00,3.232636939002986765e+00,9.647459200459707063e-02,3.777305145999889646e+00
1.040000000000000036e+01,6.070000000000000000e+02,4.800000000000000000e+01,9.900000000000000000e+01,8.900000000000000000e+01,9.267175572519084081e-01,8.597733711048158867e-01,6.496350364963503488e-01,1.763212699825089658e-02,3.641858859964486328e-01,0.000000000000000000e+00,2.797713091999867174e+00,8.966651799892133567e-02,3.306033761000435334e+00
1.050000000000000000e+01,6.160000000000000000e+02,4.600000000000000000e+01,9.000000000000000000e+01,9.100000000000000000e+01,9.305135951661631655e-01,8.725212464589234829e-01,6.642335766423357324e-01,1.941560999966895906e-02,3.545835699969757115e-01,0.000000000000000000e+00,2.717085004997898068e+00,8.645761100069648819e-02,3.213107719000618090e+00
1.060000000000000142e+01,6.260000000000000000e+02,5.500000000000000000e+01,8.000000000000000000e+01,8.200000000000000000e+01,9.192364170337739004e-01,8.866855524079320094e-01,5.985401459854015060e-01,1.669501899777969811e-02,3.449004700014484115e-01,0.000000000000000000e+00,2.698230314001193619e+00,8.353795999664725969e-02,3.178287393999198684e+00
1.070000000000000107e+01,6.130000000000000000e+02,5.100000000000000000e+01,9.300000000000000000e+01,8.600000000000000000e+01,9.231927710843373935e-01,8.682719546742209138e-01,6.277372262773722733e-01,1.698239500183262862e-02,3.349636430011742050e-01,0.000000000000000000e+00,2.649368067000068550e+00,7.916063800257688854e-02,3.114212772000428231e+00
1.080000000000000071e+01,6.110000000000000000e+02,4.300000000000000000e+01,9.500000000000000000e+01,9.400000000000000000e+01,9.342507645259938709e-01,8.654390934844192751e-01,6.861313868613139189e-01,1.707948100101930322e-02,3.362228960004358669e-01,0.000000000000000000e+00,2.596949156000846415e+00,7.872165100161510054e-02,3.063400436994015763e+00
1.090000000000000036e+01,6.250000000000000000e+02,4.700000000000000000e+01,8.100000000000000000e+01,9.000000000000000000e+01,9.300595238095238360e-01,8.852691218130311901e-01,6.569343065693430406e-01,1.830192900160909630e-02,3.475668560004123719e-01,0.000000000000000000e+00,2.675370884000585647e+00,8.721956300269084750e-02,3.164484847005041956e+00
1.100000000000000000e+01,6.110000000000000000e+02,4.400000000000000000e+01,9.500000000000000000e+01,9.300000000000000000e+01,9.328244274809159853e-01,8.654390934844192751e-01,6.788321167883211160e-01,1.757804000044416171e-02,3.555154119994767825e-01,0.000000000000000000e+00,2.674473103998025181e+00,8.625736900194169721e-02,3.169061257000066689e+00
1.110000000000000142e+01,6.190000000000000000e+02,4.800000000000000000e+01,8.700000000000000000e+01,8.900000000000000000e+01,9.280359820089955081e-01,8.767705382436260519e-01,6.496350364963503488e-01,1.709540900174033595e-02,3.567434159995173104e-01,0.000000000000000000e+00,2.868412579999130685e+00,8.579252299841755303e-02,3.363901532997260801e+00
1.120000000000000107e+01,6.150000000000000000e+02,5.500000000000000000e+01,9.100000000000000000e+01,8.200000000000000000e+01,9.179104477611940149e-01,8.711048158640226635e-01,5.985401459854015060e-01,4.222825899978488451e-02,4.212087990035797702e-01,0.000000000000000000e+00,2.809738252998613461e+00,9.539695799958280986e-02,3.408082086000831623e+00
1.130000000000000071e+01,6.320000000000000000e+02,4.600000000000000000e+01,7.400000000000000000e+01,9.100000000000000000e+01,9.321533923303835234e-01,8.951841359773371476e-01,6.642335766423357324e-01,1.810872000169183593e-02,3.540848490010830574e-01,0.000000000000000000e+00,2.802420175996303442e+00,8.646915399822319159e-02,3.297217255998475594e+00
1.140000000000000036e+01,6.170000000000000000e+02,5.100000000000000000e+01,8.900000000000000000e+01,8.600000000000000000e+01,9.236526946107784797e-01,8.739376770538244132e-01,6.277372262773722733e-01,1.836505200117244385e-02,3.606970179971540347e-01,0.000000000000000000e+00,2.860154855002292607e+00,8.504371899925899925e-02,3.360313262995077821e+00
1.150000000000000000e+01,6.180000000000000000e+02,5.000000000000000000e+01,8.800000000000000000e+01,8.700000000000000000e+01,9.251497005988024158e-01,8.753541076487252326e-01,6.350364963503649651e-01,1.653781399818399223e-02,3.558715159988423693e-01,0.000000000000000000e+00,2.917900747000203410e+00,8.540011300010519335e-02,3.412064964998535288e+00
1.160000000000000142e+01,6.240000000000000000e+02,5.000000000000000000e+01,8.200000000000000000e+01,8.700000000000000000e+01,9.258160237388723957e-01,8.838526912181302597e-01,6.350364963503649651e-01,1.780924299964681268e-02,3.543228849985098350e-01,0.000000000000000000e+00,2.852425394999954733e+00,8.432782300042163115e-02,3.345214766000026430e+00
1.170000000000000107e+01,6.060000000000000000e+02,4.000000000000000000e+01,1.000000000000000000e+02,9.700000000000000000e+01,9.380804953560371029e-01,8.583569405099150673e-01,7.080291970802919943e-01,1.816210399829287780e-02,3.599382870033878135e-01,0.000000000000000000e+00,2.838233044000844529e+00,8.867519099931087112e-02,3.341158285999881628e+00
1.180000000000000071e+01,6.170000000000000000e+02,5.000000000000000000e+01,8.900000000000000000e+01,8.700000000000000000e+01,9.250374812593703533e-01,8.739376770538244132e-01,6.350364963503649651e-01,1.957912499710801058e-02,3.881663140027740155e-01,0.000000000000000000e+00,3.151893190003647760e+00,9.234152699718833901e-02,3.690263429997685307e+00
1.190000000000000036e+01,6.130000000000000000e+02,5.400000000000000000e+01,9.300000000000000000e+01,8.300000000000000000e+01,9.190404797601199327e-01,8.682719546742209138e-01,6.058394160583941979e-01,2.358606599591439590e-02,3.986341759964489029e-01,0.000000000000000000e+00,3.069921953996527009e+00,9.352566400048090145e-02,3.625515209994773613e+00
1.200000000000000000e+01,6.190000000000000000e+02,5.300000000000000000e+01,8.700000000000000000e+01,8.400000000000000000e+01,9.211309523809523281e-01,8.767705382436260519e-01,6.131386861313868897e-01,2.009296799951698631e-02,4.001319609942584066e-01,0.000000000000000000e+00,3.295758897000268917e+00,9.685143899332615547e-02,3.854121399997893604e+00
1.210000000000000142e+01,6.080000000000000000e+02,5.000000000000000000e+01,9.800000000000000000e+01,8.700000000000000000e+01,9.240121580547112634e-01,8.611898016997167060e-01,6.350364963503649651e-01,2.596492400061833905e-02,4.524852129989085370e-01,0.000000000000000000e+00,3.939719591001448862e+00,1.109681200023260317e-01,4.575409136001326260e+00
1.220000000000000107e+01,6.100000000000000000e+02,4.500000000000000000e+01,9.600000000000000000e+01,9.200000000000000000e+01,9.312977099236641187e-01,8.640226628895184557e-01,6.715328467153284242e-01,1.751312099986535031e-02,3.693110980029814527e-01,0.000000000000000000e+00,2.871650251996470615e+00,8.831630900021991692e-02,3.383276179999484157e+00
1.230000000000000071e+01,6.220000000000000000e+02,4.700000000000000000e+01,8.400000000000000000e+01,9.000000000000000000e+01,9.297458893871449748e-01,8.810198300283286210e-01,6.569343065693430406e-01,1.705791000131284818e-02,3.477042080003229785e-01,0.000000000000000000e+00,2.618534249997537700e+00,8.360760000232403399e-02,3.103174719000890036e+00
1.240000000000000036e+01,6.170000000000000000e+02,4.100000000000000000e+01,8.900000000000000000e+01,9.600000000000000000e+01,9.376899696048631716e-01,8.739376770538244132e-01,7.007299270072993025e-01,1.741661099640623434e-02,3.655457370023214025e-01,0.000000000000000000e+00,2.834362082002371608e+00,8.915657999841641868e-02,3.342377304997171450e+00
1.250000000000000000e+01,6.040000000000000000e+02,4.400000000000000000e+01,1.020000000000000000e+02,9.300000000000000000e+01,9.320987654320987970e-01,8.555240793201133176e-01,6.788321167883211160e-01,2.679580299900408136e-02,4.591236320011375938e-01,0.000000000000000000e+00,3.862316716999885102e+00,1.116046240013019997e-01,4.504391713005134079e+00
1.260000000000000142e+01,5.950000000000000000e+02,5.000000000000000000e+01,1.110000000000000000e+02,8.700000000000000000e+01,9.224806201550387330e-01,8.427762039660056104e-01,6.350364963503649651e-01,1.875175700297404546e-02,3.814429710027980036e-01,0.000000000000000000e+00,2.961985299997650145e+00,9.145825299856369384e-02,3.490387218995238072e+00
1.270000000000000107e+01,6.180000000000000000e+02,5.200000000000000000e+01,8.800000000000000000e+01,8.500000000000000000e+01,9.223880597014925131e-01,8.753541076487252326e-01,6.204379562043795815e-01,1.768544999958976405e-02,3.691097120035919943e-01,0.000000000000000000e+00,2.888503854003829474e+00,8.561765099693730008e-02,3.397232079998502741e+00
1.280000000000000071e+01,6.200000000000000000e+02,5.200000000000000000e+01,8.600000000000000000e+01,8.500000000000000000e+01,9.226190476190476719e-01,8.781869688385268713e-01,6.204379562043795815e-01,1.741523099553887732e-02,3.617936079999708454e-01,0.000000000000000000e+00,2.913321015999827068e+00,8.432231100232456811e-02,3.412029910997262050e+00
1.290000000000000036e+01,6.050000000000000000e+02,5.000000000000000000e+01,1.010000000000000000e+02,8.700000000000000000e+01,9.236641221374045641e-01,8.569405099150141369e-01,6.350364963503649651e-01,1.813806399695749860e-02,3.446043620033378829e-01,0.000000000000000000e+00,2.550957583995113964e+00,8.105493299808586016e-02,3.028436949000024470e+00
1.300000000000000000e+01,6.090000000000000000e+02,4.800000000000000000e+01,9.700000000000000000e+01,8.900000000000000000e+01,9.269406392694063967e-01,8.626062322946175254e-01,6.496350364963503488e-01,1.793404300497059012e-02,3.487097430015637656e-01,0.000000000000000000e+00,2.567105487003573216e+00,7.929274299840471940e-02,3.046685489998708363e+00
1.310000000000000142e+01,6.290000000000000000e+02,4.500000000000000000e+01,7.700000000000000000e+01,9.200000000000000000e+01,9.332344213649851339e-01,8.909348441926345785e-01,6.715328467153284242e-01,1.712482200127851684e-02,3.364623709967418108e-01,0.000000000000000000e+00,2.554631113998766523e+00,7.583157400131312897e-02,3.017283852002037747e+00
1.320000000000000107e+01,6.010000000000000000e+02,4.700000000000000000e+01,1.050000000000000000e+02,9.000000000000000000e+01,9.274691358024691468e-01,8.512747875354107485e-01,6.569343065693430406e-01,1.707764899674657499e-02,3.337077049982326571e-01,0.000000000000000000e+00,2.581753645999015134e+00,7.550306599750911118e-02,3.040667236003173457e+00
1.330000000000000071e+01,5.930000000000000000e+02,3.700000000000000000e+01,1.130000000000000000e+02,1.000000000000000000e+02,9.412698412698412564e-01,8.399433427762039717e-01,7.299270072992700698e-01,1.700588099993183278e-02,3.336255729991535190e-01,0.000000000000000000e+00,2.387173665997579519e+00,7.745597299708606442e-02,2.847149030001673964e+00
1.340000000000000036e+01,6.160000000000000000e+02,4.500000000000000000e+01,9.000000000000000000e+01,9.200000000000000000e+01,9.319213313161875956e-01,8.725212464589234829e-01,6.715328467153284242e-01,1.709423300417256542e-02,3.522739770023690653e-01,0.000000000000000000e+00,2.741527318998123519e+00,8.419419399979233276e-02,3.229348005001156707e+00
1.350000000000000000e+01,6.060000000000000000e+02,4.500000000000000000e+01,1.000000000000000000e+02,9.200000000000000000e+01,9.308755760368663257e-01,8.583569405099150673e-01,6.715328467153284242e-01,1.733072700335469563e-02,3.348626819979472202e-01,0.000000000000000000e+00,2.543675395997524902e+00,7.557611700030975044e-02,3.004449625002962421e+00
1.360000000000000142e+01,6.050000000000000000e+02,4.600000000000000000e+01,1.010000000000000000e+02,9.100000000000000000e+01,9.293394777265745477e-01,8.569405099150141369e-01,6.642335766423357324e-01,1.772875399728945922e-02,3.298164339994400507e-01,0.000000000000000000e+00,2.478819256002680049e+00,7.568845000059809536e-02,2.934812155997860827e+00
1.370000000000000107e+01,6.090000000000000000e+02,5.100000000000000000e+01,9.700000000000000000e+01,8.600000000000000000e+01,9.227272727272727293e-01,8.626062322946175254e-01,6.277372262773722733e-01,1.755358600075851427e-02,3.368748179955218802e-01,0.000000000000000000e+00,2.535050093001700589e+00,7.608296200214681448e-02,2.998734856998453324e+00
1.380000000000000071e+01,6.190000000000000000e+02,4.900000000000000000e+01,8.700000000000000000e+01,8.800000000000000000e+01,9.266467065868263520e-01,8.767705382436260519e-01,6.423357664233576569e-01,1.729655600320256781e-02,3.371216380028272397e-01,0.000000000000000000e+00,2.437008307999349199e+00,7.799890700152900536e-02,2.903076580002561968e+00
1.390000000000000036e+01,6.040000000000000000e+02,4.900000000000000000e+01,1.020000000000000000e+02,8.800000000000000000e+01,9.249617151607962828e-01,8.555240793201133176e-01,6.423357664233576569e-01,1.742234300309064565e-02,3.355423870016238652e-01,0.000000000000000000e+00,2.576367574997675547e+00,7.759565499691234436e-02,3.039682371996605070e+00
1.400000000000000000e+01,5.870000000000000000e+02,5.000000000000000000e+01,1.190000000000000000e+02,8.700000000000000000e+01,9.215070643642072623e-01,8.314447592067988335e-01,6.350364963503649651e-01,1.696607000030780910e-02,3.338405169979523635e-01,0.000000000000000000e+00,2.686229729997648974e+00,7.647072499639762100e-02,3.145660402999055805e+00
1.410000000000000142e+01,6.010000000000000000e+02,5.000000000000000000e+01,1.050000000000000000e+02,8.700000000000000000e+01,9.231950844854071025e-01,8.512747875354107485e-01,6.350364963503649651e-01,1.991972999803692801e-02,3.825825590020031086e-01,0.000000000000000000e+00,3.074113670999395254e+00,8.930658600183960516e-02,3.602600838999023836e+00
1.420000000000000107e+01,6.080000000000000000e+02,4.800000000000000000e+01,9.800000000000000000e+01,8.900000000000000000e+01,9.268292682926829729e-01,8.611898016997167060e-01,6.496350364963503488e-01,2.415461100281390827e-02,4.298361390001446125e-01,0.000000000000000000e+00,3.268660480999642459e+00,1.010197929999776534e-01,3.865071899997928995e+00
1.430000000000000071e+01,6.140000000000000000e+02,5.300000000000000000e+01,9.200000000000000000e+01,8.400000000000000000e+01,9.205397301349325101e-01,8.696883852691218442e-01,6.131386861313868897e-01,2.029016299820796121e-02,3.747521579998647212e-01,0.000000000000000000e+00,2.829027169998880709e+00,8.553971099718182813e-02,3.345203992003916937e+00
1.440000000000000036e+01,6.170000000000000000e+02,5.000000000000000000e+01,8.900000000000000000e+01,8.700000000000000000e+01,9.250374812593703533e-01,8.739376770538244132e-01,6.350364963503649651e-01,1.853203200153075159e-02,3.605625389991473639e-01,0.000000000000000000e+00,2.691224308999153436e+00,8.543208700120885624e-02,3.191448263998609036e+00
1.450000000000000000e+01,6.170000000000000000e+02,4.800000000000000000e+01,8.900000000000000000e+01,8.900000000000000000e+01,9.278195488721804329e-01,8.739376770538244132e-01,6.496350364963503488e-01,2.294281399463216076e-02,4.170516470030634082e-01,0.000000000000000000e+00,3.042389923998598533e+00,9.366944599787530024e-02,3.613618052003403136e+00
1.460000000000000142e+01,5.950000000000000000e+02,4.600000000000000000e+01,1.110000000000000000e+02,9.100000000000000000e+01,9.282371294851794463e-01,8.427762039660056104e-01,6.642335766423357324e-01,2.092800200080091599e-02,3.722549909998633666e-01,0.000000000000000000e+00,2.792294114000469563e+00,8.789353899828711292e-02,3.308162596998045046e+00
1.470000000000000107e+01,6.100000000000000000e+02,4.600000000000000000e+01,9.600000000000000000e+01,9.100000000000000000e+01,9.298780487804878536e-01,8.640226628895184557e-01,6.642335766423357324e-01,3.158912799699464813e-02,4.724077070031853509e-01,0.000000000000000000e+00,4.005817436001052556e+00,1.081259189977572532e-01,4.662036529000943119e+00
1.480000000000000071e+01,6.070000000000000000e+02,4.400000000000000000e+01,9.900000000000000000e+01,9.300000000000000000e+01,9.324116743471582147e-01,8.597733711048158867e-01,6.788321167883211160e-01,2.413050500399549492e-02,4.163980610001090099e-01,0.000000000000000000e+00,3.123391479003657878e+00,9.674333599923556903e-02,3.701343171001099108e+00
1.490000000000000036e+01,6.070000000000000000e+02,4.600000000000000000e+01,9.900000000000000000e+01,9.100000000000000000e+01,9.295558958652373471e-01,8.597733711048158867e-01,6.642335766423357324e-01,2.980471100454451516e-02,4.300209900029585697e-01,0.000000000000000000e+00,3.439194495999799983e+00,9.732841899858613033e-02,4.035945974002061121e+00
1.500000000000000000e+01,6.240000000000000000e+02,4.900000000000000000e+01,8.200000000000000000e+01,8.800000000000000000e+01,9.271916790490342120e-01,8.838526912181302597e-01,6.423357664233576569e-01,2.363924899873381946e-02,4.121718089963906095e-01,0.000000000000000000e+00,3.340003043000251637e+00,9.799409599781938596e-02,3.914196037001602235e+00
1.510000000000000142e+01,6.050000000000000000e+02,4.600000000000000000e+01,1.010000000000000000e+02,9.100000000000000000e+01,9.293394777265745477e-01,8.569405099150141369e-01,6.642335766423357324e-01,1.793378500133258058e-02,3.730134139987058006e-01,0.000000000000000000e+00,2.870960769997509487e+00,8.988616100032231770e-02,3.386937422002120002e+00
1.520000000000000107e+01,5.990000000000000000e+02,5.300000000000000000e+01,1.070000000000000000e+02,8.400000000000000000e+01,9.187116564417178166e-01,8.484419263456091098e-01,6.131386861313868897e-01,2.016699400064680958e-02,4.334182950005924795e-01,0.000000000000000000e+00,3.417364128001281642e+00,1.029528589988331078e-01,4.015738581002551655e+00
1.530000000000000071e+01,6.080000000000000000e+02,5.000000000000000000e+01,9.800000000000000000e+01,8.700000000000000000e+01,9.240121580547112634e-01,8.611898016997167060e-01,6.350364963503649651e-01,2.266715899531845935e-02,3.873806370002057520e-01,0.000000000000000000e+00,2.907961056997919513e+00,9.153274599702854175e-02,3.446599319000597461e+00
1.540000000000000036e+01,6.090000000000000000e+02,4.800000000000000000e+01,9.700000000000000000e+01,8.900000000000000000e+01,9.269406392694063967e-01,8.626062322946175254e-01,6.496350364963503488e-01,2.666409199900954263e-02,4.355634989979080274e-01,0.000000000000000000e+00,3.286113547997956630e+00,1.042761700018672855e-01,3.894230947001233289e+00
1.550000000000000000e+01,6.150000000000000000e+02,5.200000000000000000e+01,9.100000000000000000e+01,8.500000000000000000e+01,9.220389805097450875e-01,8.711048158640226635e-01,6.204379562043795815e-01,2.194619900183170103e-02,3.700560020015473128e-01,0.000000000000000000e+00,3.301222809000137204e+00,8.591836300183786079e-02,3.816908868998325488e+00
1.560000000000000142e+01,6.130000000000000000e+02,4.500000000000000000e+01,9.300000000000000000e+01,9.200000000000000000e+01,9.316109422492401260e-01,8.682719546742209138e-01,6.715328467153284242e-01,2.438453300055698492e-02,4.093389760018908419e-01,0.000000000000000000e+00,3.107321961005254707e+00,9.716064299846038921e-02,3.677297185000497848e+00
1.570000000000000107e+01,6.220000000000000000e+02,5.200000000000000000e+01,8.400000000000000000e+01,8.500000000000000000e+01,9.228486646884273004e-01,8.810198300283286210e-01,6.204379562043795815e-01,1.835043400114955148e-02,3.505658970016156673e-01,0.000000000000000000e+00,2.747418384001321101e+00,8.111883499805117026e-02,3.231266727997535781e+00
1.580000000000000071e+01,6.150000000000000000e+02,4.500000000000000000e+01,9.100000000000000000e+01,9.200000000000000000e+01,9.318181818181817677e-01,8.711048158640226635e-01,6.715328467153284242e-01,3.054343200255971169e-02,4.460901710008329246e-01,0.000000000000000000e+00,3.497080294999250327e+00,1.036598430027879658e-01,4.121642708002582367e+00
1.590000000000000036e+01,6.170000000000000000e+02,4.600000000000000000e+01,8.900000000000000000e+01,9.100000000000000000e+01,9.306184012066365252e-01,8.739376770538244132e-01,6.642335766423357324e-01,2.081725300013204105e-02,3.757539619991803193e-01,0.000000000000000000e+00,3.366268472997944627e+00,8.778631999757635640e-02,3.886633399003585509e+00
1.600000000000000000e+01,6.150000000000000000e+02,5.000000000000000000e+01,9.100000000000000000e+01,8.700000000000000000e+01,9.248120300751879741e-01,8.711048158640226635e-01,6.350364963503649651e-01,1.698498999576258939e-02,3.310996250020252774e-01,0.000000000000000000e+00,2.627670370997293503e+00,7.607714399910037173e-02,3.085012353999445622e+00
1.610000000000000142e+01,6.170000000000000000e+02,4.900000000000000000e+01,8.900000000000000000e+01,8.800000000000000000e+01,9.264264264264264748e-01,8.739376770538244132e-01,6.423357664233576569e-01,1.746383400131890085e-02,3.326233730003878009e-01,0.000000000000000000e+00,2.520756687003085972e+00,7.489329200143401977e-02,2.978815051996207330e+00
1.619999999999999929e+01,6.030000000000000000e+02,4.500000000000000000e+01,1.030000000000000000e+02,9.200000000000000000e+01,9.305555555555555802e-01,8.541076487252124982e-01,6.715328467153284242e-01,1.699800500136916526e-02,3.318396140020922758e-01,0.000000000000000000e+00,2.574664235999080120e+00,7.537756200144940522e-02,3.031068586002220400e+00
1.630000000000000071e+01,5.990000000000000000e+02,4.900000000000000000e+01,1.070000000000000000e+02,8.800000000000000000e+01,9.243827160493827133e-01,8.484419263456091098e-01,6.423357664233576569e-01,1.715959099874453386e-02,3.338410210008078138e-01,0.000000000000000000e+00,2.577885474001050170e+00,7.495684400146274129e-02,3.035943154000960931e+00
1.640000000000000213e+01,6.210000000000000000e+02,4.600000000000000000e+01,8.500000000000000000e+01,9.100000000000000000e+01,9.310344827586206629e-01,8.796033994334278017e-01,6.642335766423357324e-01,1.676164899890864035e-02,3.313124479991529370e-01,0.000000000000000000e+00,2.752091891999043582e+00,7.569045999662193935e-02,3.208803498001543630e+00
1.650000000000000000e+01,6.150000000000000000e+02,4.800000000000000000e+01,9.100000000000000000e+01,8.900000000000000000e+01,9.276018099547511664e-01,8.711048158640226635e-01,6.496350364963503488e-01,1.731876499979989603e-02,3.424610540032517747e-01,0.000000000000000000e+00,2.492183322000528278e+00,7.748313700358266942e-02,2.962701768002261815e+00
1.660000000000000142e+01,6.150000000000000000e+02,4.400000000000000000e+01,9.100000000000000000e+01,9.300000000000000000e+01,9.332321699544764426e-01,8.711048158640226635e-01,6.788321167883211160e-01,1.761163099945406429e-02,3.406009630016342271e-01,0.000000000000000000e+00,2.611861836999196385e+00,7.958840800256439252e-02,3.083098857997356390e+00
1.669999999999999929e+01,6.190000000000000000e+02,4.900000000000000000e+01,8.700000000000000000e+01,8.800000000000000000e+01,9.266467065868263520e-01,8.767705382436260519e-01,6.423357664233576569e-01,1.782389100026193773e-02,3.633776079996096087e-01,0.000000000000000000e+00,3.022297711998362502e+00,8.513594599753560033e-02,3.524036110001361521e+00
1.680000000000000071e+01,6.150000000000000000e+02,4.700000000000000000e+01,9.100000000000000000e+01,9.000000000000000000e+01,9.290030211480362343e-01,8.711048158640226635e-01,6.569343065693430406e-01,1.817464299983839737e-02,3.477405610010464443e-01,0.000000000000000000e+00,2.742020190998118778e+00,8.231261999662820017e-02,3.225408212001639185e+00
1.690000000000000213e+01,6.060000000000000000e+02,4.800000000000000000e+01,1.000000000000000000e+02,8.900000000000000000e+01,9.266055045871559592e-01,8.583569405099150673e-01,6.496350364963503488e-01,1.716788400153745897e-02,3.361215129998527118e-01,0.000000000000000000e+00,2.648655417997360928e+00,7.989703700241079787e-02,3.115276830997572688e+00
1.700000000000000000e+01,5.940000000000000000e+02,4.600000000000000000e+01,1.120000000000000000e+02,9.100000000000000000e+01,9.281249999999999778e-01,8.413597733711047910e-01,6.642335766423357324e-01,2.381386399702023482e-02,4.206912910030951025e-01,0.000000000000000000e+00,3.048753549998764356e+00,9.379728900330519537e-02,3.623425361000045086e+00
1.710000000000000142e+01,6.170000000000000000e+02,5.100000000000000000e+01,8.900000000000000000e+01,8.600000000000000000e+01,9.236526946107784797e-01,8.739376770538244132e-01,6.277372262773722733e-01,2.019869900050252909e-02,3.561300360024688416e-01,0.000000000000000000e+00,2.982434392002687673e+00,8.364841799811983947e-02,3.477585758998429810e+00
1.719999999999999929e+01,6.120000000000000000e+02,4.900000000000000000e+01,9.400000000000000000e+01,8.800000000000000000e+01,9.258698940998487670e-01,8.668555240793200944e-01,6.423357664233576569e-01,1.751582699853315717e-02,3.588882509975519497e-01,0.000000000000000000e+00,2.705465902005926182e+00,8.444020799925056053e-02,3.201643376998617896e+00
1.730000000000000071e+01,6.060000000000000000e+02,4.600000000000000000e+01,1.000000000000000000e+02,9.100000000000000000e+01,9.294478527607361595e-01,8.583569405099150673e-01,6.642335766423357324e-01,1.747741599865548778e-02,3.658031329987352365e-01,0.000000000000000000e+00,2.845111403998998867e+00,8.429370099656807724e-02,3.347746617001575942e+00
1.740000000000000213e+01,6.060000000000000000e+02,4.600000000000000000e+01,1.000000000000000000e+02,9.100000000000000000e+01,9.294478527607361595e-01,8.583569405099150673e-01,6.642335766423357324e-01,1.879746099984913599e-02,3.366194029995313031e-01,0.000000000000000000e+00,2.715535809997163597e+00,7.910883599834050983e-02,3.183814596999582136e+00
1.750000000000000000e+01,5.920000000000000000e+02,4.800000000000000000e+01,1.140000000000000000e+02,8.900000000000000000e+01,9.250000000000000444e-01,8.385269121813031523e-01,6.496350364963503488e-01,1.709306399970955681e-02,3.354491520040028263e-01,0.000000000000000000e+00,2.499510058999476314e+00,7.916533800107572461e-02,2.964358000001084292e+00
1.760000000000000142e+01,6.120000000000000000e+02,4.400000000000000000e+01,9.400000000000000000e+01,9.300000000000000000e+01,9.329268292682927344e-01,8.668555240793200944e-01,6.788321167883211160e-01,1.690294000309222611e-02,3.329489200013995287e-01,0.000000000000000000e+00,2.637084908999895561e+00,7.789750900246872334e-02,3.097986450999997032e+00
1.769999999999999929e+01,6.250000000000000000e+02,4.700000000000000000e+01,8.100000000000000000e+01,9.000000000000000000e+01,9.300595238095238360e-01,8.852691218130311901e-01,6.569343065693430406e-01,1.710218300559063209e-02,3.349509649988249294e-01,0.000000000000000000e+00,2.754765489000419620e+00,7.785131299988279352e-02,3.218545479005115340e+00
1.780000000000000071e+01,6.080000000000000000e+02,4.600000000000000000e+01,9.800000000000000000e+01,9.100000000000000000e+01,9.296636085626911461e-01,8.611898016997167060e-01,6.642335766423357324e-01,1.804822799840621883e-02,3.356752389972825767e-01,0.000000000000000000e+00,2.572122959999433078e+00,7.691853700544015737e-02,3.036050797997631889e+00
1.790000000000000213e+01,6.160000000000000000e+02,5.300000000000000000e+01,9.000000000000000000e+01,8.400000000000000000e+01,9.207772795216740969e-01,8.725212464589234829e-01,6.131386861313868897e-01,1.792646999911085004e-02,3.346219970017045853e-01,0.000000000000000000e+00,2.779057879998617864e+00,7.749256000624882290e-02,3.242945343999053875e+00
1.800000000000000000e+01,6.290000000000000000e+02,4.600000000000000000e+01,7.700000000000000000e+01,9.100000000000000000e+01,9.318518518518518201e-01,8.909348441926345785e-01,6.642335766423357324e-01,1.705710100213764235e-02,3.337616739991062786e-01,0.000000000000000000e+00,2.678304901998671994e+00,7.744267999896692345e-02,3.140307425998798863e+00
1.810000000000000142e+01,5.970000000000000000e+02,4.300000000000000000e+01,1.090000000000000000e+02,9.400000000000000000e+01,9.328125000000000444e-01,8.456090651558073601e-01,6.861313868613139189e-01,1.727900199966825312e-02,3.335638120015573804e-01,0.000000000000000000e+00,2.690862836001542746e+00,7.867252900086896261e-02,3.153553473999636481e+00
1.819999999999999929e+01,6.130000000000000000e+02,4.300000000000000000e+01,9.300000000000000000e+01,9.400000000000000000e+01,9.344512195121951192e-01,8.682719546742209138e-01,6.861313868613139189e-01,1.727753699833556311e-02,3.341813159995581373e-01,0.000000000000000000e+00,2.693698203999701946e+00,7.719856499716115650e-02,3.155510545001561695e+00
1.830000000000000071e+01,6.210000000000000000e+02,5.500000000000000000e+01,8.500000000000000000e+01,8.200000000000000000e+01,9.186390532544378429e-01,8.796033994334278017e-01,5.985401459854015060e-01,1.713070700225216569e-02,3.328128970015313826e-01,0.000000000000000000e+00,2.552029887002390751e+00,7.714184399901569122e-02,3.013061638999715797e+00
1.840000000000000213e+01,6.110000000000000000e+02,4.800000000000000000e+01,9.500000000000000000e+01,8.900000000000000000e+01,9.271623672230652202e-01,8.654390934844192751e-01,6.496350364963503488e-01,1.700126899686438264e-02,3.326901129994439543e-01,0.000000000000000000e+00,2.620133532001091226e+00,7.769107200510916300e-02,3.081231690995082317e+00
1.850000000000000000e+01,6.260000000000000000e+02,4.900000000000000000e+01,8.000000000000000000e+01,8.800000000000000000e+01,9.274074074074074581e-01,8.866855524079320094e-01,6.423357664233576569e-01,1.795685899924137630e-02,3.607440730029338738e-01,0.000000000000000000e+00,2.975894823000999168e+00,8.588767099990946008e-02,3.476106377996984520e+00
1.860000000000000142e+01,6.330000000000000000e+02,5.200000000000000000e+01,7.300000000000000000e+01,8.500000000000000000e+01,9.240875912408759163e-01,8.966005665722379669e-01,6.204379562043795815e-01,1.804458200331282569e-02,3.374145789994145161e-01,0.000000000000000000e+00,2.668661633999363403e+00,8.011672200154862367e-02,3.138692868002181058e+00
1.869999999999999929e+01,6.160000000000000000e+02,4.100000000000000000e+01,9.000000000000000000e+01,9.600000000000000000e+01,9.375951293759512417e-01,8.725212464589234829e-01,7.007299270072993025e-01,1.703809399987221695e-02,3.370453539982918301e-01,0.000000000000000000e+00,2.926764103001914918e+00,8.130408199667726876e-02,3.396191976001318835e+00
1.880000000000000071e+01,6.290000000000000000e+02,4.800000000000000000e+01,7.700000000000000000e+01,8.900000000000000000e+01,9.290989660265879246e-01,8.909348441926345785e-01,6.496350364963503488e-01,1.839571599612099817e-02,3.397582289990168647e-01,0.000000000000000000e+00,2.800901772999168315e+00,8.046308300072269049e-02,3.273610865002410719e+00
1.890000000000000213e+01,5.980000000000000000e+02,4.000000000000000000e+01,1.080000000000000000e+02,9.700000000000000000e+01,9.373040752351097238e-01,8.470254957507081794e-01,7.080291970802919943e-01,1.692928000102256192e-02,3.371731790002741036e-01,0.000000000000000000e+00,2.834706686998288205e+00,7.999577300051896600e-02,3.302806485999099095e+00
1.900000000000000000e+01,6.190000000000000000e+02,4.600000000000000000e+01,8.700000000000000000e+01,9.100000000000000000e+01,9.308270676691728918e-01,8.767705382436260519e-01,6.642335766423357324e-01,1.773091300219675759e-02,3.401325510003516683e-01,0.000000000000000000e+00,2.634693568001239328e+00,8.202122000238887267e-02,3.108800997001708311e+00
1.910000000000000142e+01,6.110000000000000000e+02,4.500000000000000000e+01,9.500000000000000000e+01,9.200000000000000000e+01,9.314024390243902385e-01,8.654390934844192751e-01,6.715328467153284242e-01,1.797023399740282912e-02,3.376079500003470457e-01,0.000000000000000000e+00,2.539520672999969975e+00,8.120791899455070961e-02,3.010396573999969405e+00
1.920000000000000284e+01,6.160000000000000000e+02,5.400000000000000000e+01,9.000000000000000000e+01,8.300000000000000000e+01,9.194029850746268107e-01,8.725212464589234829e-01,6.058394160583941979e-01,1.715094200335443020e-02,3.366714709982261411e-01,0.000000000000000000e+00,2.899814405001052364e+00,8.058554600211209618e-02,3.368427711998265295e+00
1.930000000000000071e+01,5.980000000000000000e+02,4.100000000000000000e+01,1.080000000000000000e+02,9.600000000000000000e+01,9.358372456964005881e-01,8.470254957507081794e-01,7.007299270072993025e-01,1.755895799578865990e-02,3.363967209988913964e-01,0.000000000000000000e+00,2.774885596001695376e+00,8.123886100020172307e-02,3.243236600999807706e+00
1.940000000000000213e+01,6.320000000000000000e+02,5.600000000000000000e+01,7.400000000000000000e+01,8.100000000000000000e+01,9.186046511627906641e-01,8.951841359773371476e-01,5.912408759124088142e-01,1.672529600182315335e-02,3.361226920023909770e-01,0.000000000000000000e+00,3.029735101002188458e+00,8.041457000581431203e-02,3.497892399002921593e+00
1.950000000000000000e+01,6.210000000000000000e+02,4.900000000000000000e+01,8.500000000000000000e+01,8.800000000000000000e+01,9.268656716417910113e-01,8.796033994334278017e-01,6.423357664233576569e-01,1.705628499712474877e-02,3.420065560030707275e-01,0.000000000000000000e+00,2.824798321998969186e+00,8.171752599992032629e-02,3.300201793998894573e+00
1.960000000000000142e+01,6.030000000000000000e+02,4.400000000000000000e+01,1.030000000000000000e+02,9.300000000000000000e+01,9.319938176197836155e-01,8.541076487252124982e-01,6.788321167883211160e-01,1.724602600188518409e-02,3.396633459969962132e-01,0.000000000000000000e+00,2.781069513997863396e+00,8.226731800004927209e-02,3.253792555002291920e+00
1.970000000000000284e+01,6.340000000000000000e+02,4.800000000000000000e+01,7.200000000000000000e+01,8.900000000000000000e+01,9.296187683284456993e-01,8.980169971671387863e-01,6.496350364963503488e-01,1.777623100497294217e-02,3.392018069989717333e-01,0.000000000000000000e+00,2.955515561000538582e+00,8.275764499830984278e-02,3.430321918000117876e+00
1.980000000000000071e+01,6.090000000000000000e+02,4.500000000000000000e+01,9.700000000000000000e+01,9.200000000000000000e+01,9.311926605504586840e-01,8.626062322946175254e-01,6.715328467153284242e-01,1.738804199976584641e-02,3.399863290014764061e-01,0.000000000000000000e+00,2.752643638000336068e+00,8.318515900191414403e-02,3.227367120000053546e+00
1.990000000000000213e+01,6.170000000000000000e+02,4.700000000000000000e+01,8.900000000000000000e+01,9.000000000000000000e+01,9.292168674698795261e-01,8.739376770538244132e-01,6.569343065693430406e-01,1.802341700022225268e-02,3.398862169988206006e-01,0.000000000000000000e+00,2.897847937001643004e+00,8.223744500173779670e-02,3.372557452999899397e+00
