1.000000000000000000e+01,4.310000000000000000e+02,0.000000000000000000e+00,1.190000000000000000e+02,1.000000000000000000e+00,1.000000000000000000e+00,7.836363636363636864e-01,1.000000000000000000e+00,1.801952800269646104e-02,3.403893930017147795e-01,0.000000000000000000e+00,2.458349766999162966e+00,9.324697500233014580e-02,2.930353383998408390e+00
2.000000000000000000e+01,4.390000000000000000e+02,0.000000000000000000e+00,1.110000000000000000e+02,1.000000000000000000e+00,1.000000000000000000e+00,7.981818181818182145e-01,1.000000000000000000e+00,1.800772500155289890e-02,3.332608700002310798e-01,0.000000000000000000e+00,2.557710759000656253e+00,7.529862099545425735e-02,3.005502156000147806e+00
3.000000000000000000e+01,4.480000000000000000e+02,0.000000000000000000e+00,1.020000000000000000e+02,1.000000000000000000e+00,1.000000000000000000e+00,8.145454545454545725e-01,1.000000000000000000e+00,1.824036800189787755e-02,3.435737850031728158e-01,0.000000000000000000e+00,2.451176729999133386e+00,7.650252599978557555e-02,2.910946422999586503e+00
4.000000000000000000e+01,4.510000000000000000e+02,0.000000000000000000e+00,9.900000000000000000e+01,1.000000000000000000e+00,1.000000000000000000e+00,8.199999999999999512e-01,1.000000000000000000e+00,1.761498599807964638e-02,3.304677339974659844e-01,0.000000000000000000e+00,2.396582910000688571e+00,7.467769699997006683e-02,2.840042600999368005e+00
5.000000000000000000e+01,4.580000000000000000e+02,0.000000000000000000e+00,9.200000000000000000e+01,1.000000000000000000e+00,1.000000000000000000e+00,8.327272727272727604e-01,1.000000000000000000e+00,1.897496100264106644e-02,3.300949199965543812e-01,0.000000000000000000e+00,2.360251404002156050e+00,7.399946300211013295e-02,2.804398512999796367e+00
6.000000000000000000e+01,4.660000000000000000e+02,0.000000000000000000e+00,8.400000000000000000e+01,1.000000000000000000e+00,1.000000000000000000e+00,8.472727272727272885e-01,1.000000000000000000e+00,1.717632900090393377e-02,3.397670489976007957e-01,0.000000000000000000e+00,2.424817420000181301e+00,7.624682400273741223e-02,2.879729371001303662e+00
7.000000000000000000e+01,4.720000000000000000e+02,0.000000000000000000e+00,7.800000000000000000e+01,1.000000000000000000e+00,1.000000000000000000e+00,8.581818181818181568e-01,1.000000000000000000e+00,1.683794600558030652e-02,3.342214530011915485e-01,0.000000000000000000e+00,2.322392827004478022e+00,7.672335499773907941e-02,2.772220011998797418e+00
8.000000000000000000e+01,4.770000000000000000e+02,0.000000000000000000e+00,7.300000000000000000e+01,1.000000000000000000e+00,1.000000000000000000e+00,8.672727272727273062e-01,1.000000000000000000e+00,1.823522500126273371e-02,3.368977299969628803e-01,0.000000000000000000e+00,2.655724769001608365e+00,7.657943500271358062e-02,3.108922169001743896e+00
9.000000000000000000e+01,4.820000000000000000e+02,0.000000000000000000e+00,6.800000000000000000e+01,1.000000000000000000e+00,1.000000000000000000e+00,8.763636363636363447e-01,1.000000000000000000e+00,1.909251799861522159e-02,3.434556470037932741e-01,0.000000000000000000e+00,2.337933726998926431e+00,7.850865100226656068e-02,2.801813807997859840e+00
1.000000000000000000e+02,4.770000000000000000e+02,0.000000000000000000e+00,7.300000000000000000e+01,1.000000000000000000e+00,1.000000000000000000e+00,8.672727272727273062e-01,1.000000000000000000e+00,1.683034999769006390e-02,3.265768280007250723e-01,0.000000000000000000e+00,2.196842695999293937e+00,7.424101299784524599e-02,2.637680786997407267e+00
1.100000000000000000e+02,4.830000000000000000e+02,0.000000000000000000e+00,6.700000000000000000e+01,1.000000000000000000e+00,1.000000000000000000e+00,8.781818181818181746e-01,1.000000000000000000e+00,1.726219599913747516e-02,3.301280769983350183e-01,0.000000000000000000e+00,2.146114927002599870e+00,7.427984700098022586e-02,2.590386164997653395e+00
1.200000000000000000e+02,4.820000000000000000e+02,0.000000000000000000e+00,6.800000000000000000e+01,1.000000000000000000e+00,1.000000000000000000e+00,8.763636363636363447e-01,1.000000000000000000e+00,1.708924799913802417e-02,3.328328579982553492e-01,0.000000000000000000e+00,2.119194951004828908e+00,7.114824000200314913e-02,2.561838642002840061e+00
1.300000000000000000e+02,4.830000000000000000e+02,0.000000000000000000e+00,6.700000000000000000e+01,1.000000000000000000e+00,1.000000000000000000e+00,8.781818181818181746e-01,1.000000000000000000e+00,1.743729899681056850e-02,3.318472060000203783e-01,0.000000000000000000e+00,2.102871258000050148e+00,7.348825500321254367e-02,2.547544591004225367e+00
1.400000000000000000e+02,4.850000000000000000e+02,0.000000000000000000e+00,6.500000000000000000e+01,1.000000000000000000e+00,1.000000000000000000e+00,8.818181818181818343e-01,1.000000000000000000e+00,1.897075200213294011e-02,3.400715709976793732e-01,0.000000000000000000e+00,2.217308758999024576e+00,7.784749099755572388e-02,2.677042097000594367e+00
1.500000000000000000e+02,4.910000000000000000e+02,0.000000000000000000e+00,5.900000000000000000e+01,1.000000000000000000e+00,1.000000000000000000e+00,8.927272727272727026e-01,1.000000000000000000e+00,1.866782800152577693e-02,3.420757279982353793e-01,0.000000000000000000e+00,2.201947160001509474e+00,8.052473500174528453e-02,2.666085698002461868e+00
1.600000000000000000e+02,4.840000000000000000e+02,0.000000000000000000e+00,6.600000000000000000e+01,1.000000000000000000e+00,1.000000000000000000e+00,8.800000000000000044e-01,1.000000000000000000e+00,1.687912299621530110e-02,3.316064749942597700e-01,0.000000000000000000e+00,2.093106891003117198e+00,7.461707100355852162e-02,2.538000240000656049e+00
1.700000000000000000e+02,4.880000000000000000e+02,0.000000000000000000e+00,6.200000000000000000e+01,1.000000000000000000e+00,1.000000000000000000e+00,8.872727272727273240e-01,1.000000000000000000e+00,1.755287999640131602e-02,3.376206099974297103e-01,0.000000000000000000e+00,2.130586267000580847e+00,7.660793699596979422e-02,2.584838771997965523e+00
1.800000000000000000e+02,4.890000000000000000e+02,0.000000000000000000e+00,6.100000000000000000e+01,1.000000000000000000e+00,1.000000000000000000e+00,8.890909090909090429e-01,1.000000000000000000e+00,1.818723200085514691e-02,3.437133880051987944e-01,0.000000000000000000e+00,2.059732411004006281e+00,8.010679400467779487e-02,2.525004512994200923e+00
1.900000000000000000e+02,4.970000000000000000e+02,0.000000000000000000e+00,5.300000000000000000e+01,1.000000000000000000e+00,1.000000000000000000e+00,9.036363636363636820e-01,1.000000000000000000e+00,1.654696799596422352e-02,3.407999869923514780e-01,0.000000000000000000e+00,2.248724106000736356e+00,7.888451899998472072e-02,2.708589969999593450e+00
2.000000000000000000e+02,4.960000000000000000e+02,0.000000000000000000e+00,5.400000000000000000e+01,1.000000000000000000e+00,1.000000000000000000e+00,9.018181818181818521e-01,1.000000000000000000e+00,1.678107299630937632e-02,3.302267169965489302e-01,0.000000000000000000e+00,1.921567738005251158e+00,7.382639000570634380e-02,2.364904451989787049e+00
2.100000000000000000e+02,4.940000000000000000e+02,0.000000000000000000e+00,5.600000000000000000e+01,1.000000000000000000e+00,1.000000000000000000e+00,8.981818181818181923e-01,1.000000000000000000e+00,1.687381201008975040e-02,3.394761170038691489e-01,0.000000000000000000e+00,1.935511887999382452e+00,7.387733799987472594e-02,2.388139345002855407e+00
2.200000000000000000e+02,5.000000000000000000e+02,0.000000000000000000e+00,5.000000000000000000e+01,1.000000000000000000e+00,1.000000000000000000e+00,9.090909090909090606e-01,1.000000000000000000e+00,1.950789700276800431e-02,3.391587240057560848e-01,0.000000000000000000e+00,1.900210920002791681e+00,7.659659199453017209e-02,2.359092927001256612e+00
2.300000000000000000e+02,4.960000000000000000e+02,0.000000000000000000e+00,5.400000000000000000e+01,1.000000000000000000e+00,1.000000000000000000e+00,9.018181818181818521e-01,1.000000000000000000e+00,1.971680099813966081e-02,3.929054649997851811e-01,0.000000000000000000e+00,2.232807579001018894e+00,8.967838800708705094e-02,2.760301662001438672e+00
2.400000000000000000e+02,4.910000000000000000e+02,0.000000000000000000e+00,5.900000000000000000e+01,1.000000000000000000e+00,1.000000000000000000e+00,8.927272727272727026e-01,1.000000000000000000e+00,2.181266800471348688e-02,4.748136509970208863e-01,0.000000000000000000e+00,2.421627689996967092e+00,1.165431640056340257e-01,3.066533464996609837e+00
2.500000000000000000e+02,4.920000000000000000e+02,0.000000000000000000e+00,5.800000000000000000e+01,1.000000000000000000e+00,1.000000000000000000e+00,8.945454545454545325e-01,1.000000000000000000e+00,1.756509300139441621e-02,3.460026139964611502e-01,0.000000000000000000e+00,1.922397276002811850e+00,7.932492999862006400e-02,2.389369164997333428e+00
2.600000000000000000e+02,4.930000000000000000e+02,0.000000000000000000e+00,5.700000000000000000e+01,1.000000000000000000e+00,1.000000000000000000e+00,8.963636363636363624e-01,1.000000000000000000e+00,1.909374900060356595e-02,3.660874759953003377e-01,0.000000000000000000e+00,1.806771989997287164e+00,8.330377000493172091e-02,2.299247956992985564e+00
2.700000000000000000e+02,4.940000000000000000e+02,0.000000000000000000e+00,5.600000000000000000e+01,1.000000000000000000e+00,1.000000000000000000e+00,8.981818181818181923e-01,1.000000000000000000e+00,1.672596700154826976e-02,3.325168620031035971e-01,0.000000000000000000e+00,1.684397308006737148e+00,7.272084100077336188e-02,2.128573381003661780e+00
2.800000000000000000e+02,4.970000000000000000e+02,0.000000000000000000e+00,5.300000000000000000e+01,1.000000000000000000e+00,1.000000000000000000e+00,9.036363636363636820e-01,1.000000000000000000e+00,1.878724399466591422e-02,3.389770960056921467e-01,0.000000000000000000e+00,1.743074379992322065e+00,7.596325000122305937e-02,2.200208976999419974e+00
2.900000000000000000e+02,4.950000000000000000e+02,0.000000000000000000e+00,5.500000000000000000e+01,1.000000000000000000e+00,1.000000000000000000e+00,9.000000000000000222e-01,1.000000000000000000e+00,1.918961900082649663e-02,3.880284780079819029e-01,0.000000000000000000e+00,1.912928723002551123e+00,8.757477600374841131e-02,2.433650920002037310e+00
3.000000000000000000e+02,4.960000000000000000e+02,0.000000000000000000e+00,5.400000000000000000e+01,1.000000000000000000e+00,1.000000000000000000e+00,9.018181818181818521e-01,1.000000000000000000e+00,1.908624000316194724e-02,4.219895500027632806e-01,0.000000000000000000e+00,2.342544897999687237e+00,9.824426899467653129e-02,2.911604355000235955e+00
3.100000000000000000e+02,4.930000000000000000e+02,0.000000000000000000e+00,5.700000000000000000e+01,1.000000000000000000e+00,1.000000000000000000e+00,8.963636363636363624e-01,1.000000000000000000e+00,1.717561299665248953e-02,3.428259779993823031e-01,0.000000000000000000e+00,1.570969162001347286e+00,7.510744199680630118e-02,2.029131609000614844e+00
3.200000000000000000e+02,4.910000000000000000e+02,0.000000000000000000e+00,5.900000000000000000e+01,1.000000000000000000e+00,1.000000000000000000e+00,8.927272727272727026e-01,1.000000000000000000e+00,1.722761199744127225e-02,3.451269349989161128e-01,0.000000000000000000e+00,1.574564215989084914e+00,7.590447400434641168e-02,2.035743046000789036e+00
3.300000000000000000e+02,4.940000000000000000e+02,0.000000000000000000e+00,5.600000000000000000e+01,1.000000000000000000e+00,1.000000000000000000e+00,8.981818181818181923e-01,1.000000000000000000e+00,1.791533799041644670e-02,3.589845359911123523e-01,0.000000000000000000e+00,1.642326048000541050e+00,8.126348200312349945e-02,2.125095834993771859e+00
3.400000000000000000e+02,4.990000000000000000e+02,0.000000000000000000e+00,5.100000000000000000e+01,1.000000000000000000e+00,1.000000000000000000e+00,9.072727272727272307e-01,1.000000000000000000e+00,1.982458200654946268e-02,3.924789059947215719e-01,0.000000000000000000e+00,1.574670661997515708e+00,8.702673800144111738e-02,2.099553251991892466e+00
3.500000000000000000e+02,5.000000000000000000e+02,0.000000000000000000e+00,5.000000000000000000e+01,1.000000000000000000e+00,1.000000000000000000e+00,9.090909090909090606e-01,1.000000000000000000e+00,1.717026000005716924e-02,3.346235749995685183e-01,0.000000000000000000e+00,1.414011985998513410e+00,7.187125400378135964e-02,1.860379160996671999e+00
3.600000000000000000e+02,4.970000000000000000e+02,0.000000000000000000e+00,5.300000000000000000e+01,1.000000000000000000e+00,1.000000000000000000e+00,9.036363636363636820e-01,1.000000000000000000e+00,1.681723699584836140e-02,3.355728010010352591e-01,0.000000000000000000e+00,1.391799013999843737e+00,7.301016000565141439e-02,1.840260663000663044e+00
3.700000000000000000e+02,4.970000000000000000e+02,0.000000000000000000e+00,5.300000000000000000e+01,1.000000000000000000e+00,1.000000000000000000e+00,9.036363636363636820e-01,1.000000000000000000e+00,1.743578400055412203e-02,3.554844480022438802e-01,0.000000000000000000e+00,1.439055478997033788e+00,7.994946100006927736e-02,1.917017213996587088e+00
3.800000000000000000e+02,4.990000000000000000e+02,0.000000000000000000e+00,5.100000000000000000e+01,1.000000000000000000e+00,1.000000000000000000e+00,9.072727272727272307e-01,1.000000000000000000e+00,1.836761199956526980e-02,3.773291809939109953e-01,0.000000000000000000e+00,1.455833253990931553e+00,8.390842300104850437e-02,1.960624118990381248e+00
3.900000000000000000e+02,4.960000000000000000e+02,0.000000000000000000e+00,5.400000000000000000e+01,1.000000000000000000e+00,1.000000000000000000e+00,9.018181818181818521e-01,1.000000000000000000e+00,1.845150499320880044e-02,3.487848009917797754e-01,0.000000000000000000e+00,1.304969746997812763e+00,7.770923700081766583e-02,1.773344167004324845e+00
4.000000000000000000e+02,4.990000000000000000e+02,0.000000000000000000e+00,5.100000000000000000e+01,1.000000000000000000e+00,1.000000000000000000e+00,9.072727272727272307e-01,1.000000000000000000e+00,1.749271100197802298e-02,3.523399820060149068e-01,0.000000000000000000e+00,1.283402513996406924e+00,7.602569900154776406e-02,1.752539640001486987e+00
4.100000000000000000e+02,4.980000000000000000e+02,0.000000000000000000e+00,5.200000000000000000e+01,1.000000000000000000e+00,1.000000000000000000e+00,9.054545454545454009e-01,1.000000000000000000e+00,1.716543700058537070e-02,3.555238650060346117e-01,0.000000000000000000e+00,1.334563942002205295e+00,7.603174898940778803e-02,1.806973999002366327e+00
4.200000000000000000e+02,5.000000000000000000e+02,0.000000000000000000e+00,5.000000000000000000e+01,1.000000000000000000e+00,1.000000000000000000e+00,9.090909090909090606e-01,1.000000000000000000e+00,1.735397199990984518e-02,3.488437940013682237e-01,0.000000000000000000e+00,1.375665450997985317e+00,7.670648200473806355e-02,1.842713234993425431e+00
4.300000000000000000e+02,5.000000000000000000e+02,0.000000000000000000e+00,5.000000000000000000e+01,1.000000000000000000e+00,1.000000000000000000e+00,9.090909090909090606e-01,1.000000000000000000e+00,1.708012000199232716e-02,3.742215249876608141e-01,0.000000000000000000e+00,1.358946224003375391e+00,8.333073900394083466e-02,1.858310303001417196e+00
4.400000000000000000e+02,5.010000000000000000e+02,0.000000000000000000e+00,4.900000000000000000e+01,1.000000000000000000e+00,1.000000000000000000e+00,9.109090909090908905e-01,1.000000000000000000e+00,1.818094399823166896e-02,3.909287350052181864e-01,0.000000000000000000e+00,1.657738844996856642e+00,8.719737800856819376e-02,2.181498908994399244e+00
4.500000000000000000e+02,4.970000000000000000e+02,0.000000000000000000e+00,5.300000000000000000e+01,1.000000000000000000e+00,1.000000000000000000e+00,9.036363636363636820e-01,1.000000000000000000e+00,1.700018100200395565e-02,3.633820699942589272e-01,0.000000000000000000e+00,1.427959608996388852e+00,8.035322399337019306e-02,1.913111961996037280e+00
4.600000000000000000e+02,4.980000000000000000e+02,0.000000000000000000e+00,5.200000000000000000e+01,1.000000000000000000e+00,1.000000000000000000e+00,9.054545454545454009e-01,1.000000000000000000e+00,1.799702700554917101e-02,3.588375520012050401e-01,0.000000000000000000e+00,1.277706925005986704e+00,7.892095501119911205e-02,1.757939947003251291e+00
4.700000000000000000e+02,4.980000000000000000e+02,0.000000000000000000e+00,5.200000000000000000e+01,1.000000000000000000e+00,1.000000000000000000e+00,9.054545454545454009e-01,1.000000000000000000e+00,1.692543799981649499e-02,3.431761909941997146e-01,0.000000000000000000e+00,1.280662383007438621e+00,7.766811499459436163e-02,1.743745820000185631e+00
4.800000000000000000e+02,4.980000000000000000e+02,0.000000000000000000e+00,5.200000000000000000e+01,1.000000000000000000e+00,1.000000000000000000e+00,9.054545454545454009e-01,1.000000000000000000e+00,1.713368699711281806e-02,3.481209660058084410e-01,0.000000000000000000e+00,1.152798563001852017e+00,7.608497900037036743e-02,1.617834041995592997e+00
4.900000000000000000e+02,4.980000000000000000e+02,0.000000000000000000e+00,5.200000000000000000e+01,1.000000000000000000e+00,1.000000000000000000e+00,9.054545454545454009e-01,1.000000000000000000e+00,1.774788400689431001e-02,3.607466620087507181e-01,0.000000000000000000e+00,1.214677820997167146e+00,8.119445800548419356e-02,1.699431273002119269e+00
5.000000000000000000e+02,4.960000000000000000e+02,0.000000000000000000e+00,5.400000000000000000e+01,1.000000000000000000e+00,1.000000000000000000e+00,9.018181818181818521e-01,1.000000000000000000e+00,1.774569400186010171e-02,3.541890139986207942e-01,0.000000000000000000e+00,1.150521041005049483e+00,8.138820800195389893e-02,1.628116658002909389e+00
5.100000000000000000e+02,4.990000000000000000e+02,0.000000000000000000e+00,5.100000000000000000e+01,1.000000000000000000e+00,1.000000000000000000e+00,9.072727272727272307e-01,1.000000000000000000e+00,1.700891400469117798e-02,3.426540710006520385e-01,0.000000000000000000e+00,1.046958271996118128e+00,7.603555399873584975e-02,1.505547679002120276e+00
5.200000000000000000e+02,5.000000000000000000e+02,0.000000000000000000e+00,5.000000000000000000e+01,1.000000000000000000e+00,1.000000000000000000e+00,9.090909090909090606e-01,1.000000000000000000e+00,1.852507699186389800e-02,3.444109469983231975e-01,0.000000000000000000e+00,1.087052768005378311e+00,7.714277900049637537e-02,1.550646623996726703e+00
5.300000000000000000e+02,5.010000000000000000e+02,0.000000000000000000e+00,4.900000000000000000e+01,1.000000000000000000e+00,1.000000000000000000e+00,9.109090909090908905e-01,1.000000000000000000e+00,1.697644000159925781e-02,3.692461210066539934e-01,0.000000000000000000e+00,1.095573438005885691e+00,8.161640400612668600e-02,1.588318331996561028e+00
5.400000000000000000e+02,4.970000000000000000e+02,0.000000000000000000e+00,5.300000000000000000e+01,1.000000000000000000e+00,1.000000000000000000e+00,9.036363636363636820e-01,1.000000000000000000e+00,1.857266399565560278e-02,3.710410030016646488e-01,0.000000000000000000e+00,1.026214556999548222e+00,8.400800400522712152e-02,1.525063882005269988e+00
5.500000000000000000e+02,4.980000000000000000e+02,0.000000000000000000e+00,5.200000000000000000e+01,1.000000000000000000e+00,1.000000000000000000e+00,9.054545454545454009e-01,1.000000000000000000e+00,1.694504400620644446e-02,3.485488720016292064e-01,0.000000000000000000e+00,1.005683733001205837e+00,7.640465999793377705e-02,1.470918489996620337e+00
5.600000000000000000e+02,4.980000000000000000e+02,0.000000000000000000e+00,5.200000000000000000e+01,1.000000000000000000e+00,1.000000000000000000e+00,9.054545454545454009e-01,1.000000000000000000e+00,1.882293099697562866e-02,3.674618180084507912e-01,0.000000000000000000e+00,1.008034226999370730e+00,8.072785500553436577e-02,1.499660289005987579e+00
5.700000000000000000e+02,4.960000000000000000e+02,0.000000000000000000e+00,5.400000000000000000e+01,1.000000000000000000e+00,1.000000000000000000e+00,9.018181818181818521e-01,1.000000000000000000e+00,1.784024501284875441e-02,3.919124489984824322e-01,0.000000000000000000e+00,1.141694756999640958e+00,8.737720899989653844e-02,1.664895245989100658e+00
5.800000000000000000e+02,4.990000000000000000e+02,0.000000000000000000e+00,5.100000000000000000e+01,1.000000000000000000e+00,1.000000000000000000e+00,9.072727272727272307e-01,1.000000000000000000e+00,1.772114099912869278e-02,3.821418929983337875e-01,0.000000000000000000e+00,1.058899277997625177e+00,8.587789300145232119e-02,1.571221033000256284e+00
5.900000000000000000e+02,4.960000000000000000e+02,0.000000000000000000e+00,5.400000000000000000e+01,1.000000000000000000e+00,1.000000000000000000e+00,9.018181818181818521e-01,1.000000000000000000e+00,1.966184300363238435e-02,3.615840020029281732e-01,0.000000000000000000e+00,1.112756741991688614e+00,8.116717300435993820e-02,1.600200167995353695e+00
6.000000000000000000e+02,4.960000000000000000e+02,0.000000000000000000e+00,5.400000000000000000e+01,1.000000000000000000e+00,1.000000000000000000e+00,9.018181818181818521e-01,1.000000000000000000e+00,2.375535999999556225e-02,4.053696339997259201e-01,0.000000000000000000e+00,9.449707789972308092e-01,9.113306400467990898e-02,1.491310550001799129e+00
6.100000000000000000e+02,5.010000000000000000e+02,0.000000000000000000e+00,4.900000000000000000e+01,1.000000000000000000e+00,1.000000000000000000e+00,9.109090909090908905e-01,1.000000000000000000e+00,1.798324999981559813e-02,3.421430760045041097e-01,0.000000000000000000e+00,8.737366529967403039e-01,7.365019300959829707e-02,1.331242635995295132e+00
6.200000000000000000e+02,5.020000000000000000e+02,0.000000000000000000e+00,4.800000000000000000e+01,1.000000000000000000e+00,1.000000000000000000e+00,9.127272727272727204e-01,1.000000000000000000e+00,1.765003999571490567e-02,3.405204259888705565e-01,0.000000000000000000e+00,8.674195820003660629e-01,7.312661899959493894e-02,1.321752552994439611e+00
6.300000000000000000e+02,5.010000000000000000e+02,0.000000000000000000e+00,4.900000000000000000e+01,1.000000000000000000e+00,1.000000000000000000e+00,9.109090909090908905e-01,1.000000000000000000e+00,1.749352499973610975e-02,3.377649280009791255e-01,0.000000000000000000e+00,8.534555370024463627e-01,7.408362498972564936e-02,1.306550128991148085e+00
6.400000000000000000e+02,5.050000000000000000e+02,0.000000000000000000e+00,4.500000000000000000e+01,1.000000000000000000e+00,1.000000000000000000e+00,9.181818181818182101e-01,1.000000000000000000e+00,1.709546499841962941e-02,3.378968509987316793e-01,0.000000000000000000e+00,8.365524210075818701e-01,7.248295899626100436e-02,1.287289480998879299e+00
6.500000000000000000e+02,5.040000000000000000e+02,0.000000000000000000e+00,4.600000000000000000e+01,1.000000000000000000e+00,1.000000000000000000e+00,9.163636363636363802e-01,1.000000000000000000e+00,1.780750298894417938e-02,3.411623949941713363e-01,0.000000000000000000e+00,7.720074280005064793e-01,7.383518400274624582e-02,1.228701628991984762e+00
6.600000000000000000e+02,5.050000000000000000e+02,0.000000000000000000e+00,4.500000000000000000e+01,1.000000000000000000e+00,1.000000000000000000e+00,9.181818181818182101e-01,1.000000000000000000e+00,1.727512500656303018e-02,3.352052839909447357e-01,0.000000000000000000e+00,7.767906960034451913e-01,7.367729199722816702e-02,1.226756592004676349e+00
6.700000000000000000e+02,5.050000000000000000e+02,0.000000000000000000e+00,4.500000000000000000e+01,1.000000000000000000e+00,1.000000000000000000e+00,9.181818181818182101e-01,1.000000000000000000e+00,1.729235700076969806e-02,3.415755319965683157e-01,0.000000000000000000e+00,7.600558440008171601e-01,7.361678100642166100e-02,1.215810312007306493e+00
6.800000000000000000e+02,5.050000000000000000e+02,0.000000000000000000e+00,4.500000000000000000e+01,1.000000000000000000e+00,1.000000000000000000e+00,9.181818181818182101e-01,1.000000000000000000e+00,1.787047699508548249e-02,3.394819630011625122e-01,0.000000000000000000e+00,7.491257099936774466e-01,7.251297199945838656e-02,1.202033094992657425e+00
6.900000000000000000e+02,5.060000000000000000e+02,0.000000000000000000e+00,4.400000000000000000e+01,1.000000000000000000e+00,1.000000000000000000e+00,9.200000000000000400e-01,1.000000000000000000e+00,1.709494999522576109e-02,3.427141879965347471e-01,0.000000000000000000e+00,7.365498280069004977e-01,7.401666100486181676e-02,1.193895534002876957e+00
7.000000000000000000e+02,5.060000000000000000e+02,0.000000000000000000e+00,4.400000000000000000e+01,1.000000000000000000e+00,1.000000000000000000e+00,9.200000000000000400e-01,1.000000000000000000e+00,1.743943199653585907e-02,3.401988699970388552e-01,0.000000000000000000e+00,7.190614450046268757e-01,7.326531999933649786e-02,1.173837966001883615e+00
7.100000000000000000e+02,5.060000000000000000e+02,0.000000000000000000e+00,4.400000000000000000e+01,1.000000000000000000e+00,1.000000000000000000e+00,9.200000000000000400e-01,1.000000000000000000e+00,1.700029399944469333e-02,3.391907090044696815e-01,0.000000000000000000e+00,7.171552060008252738e-01,7.243784199636138510e-02,1.168938549000813509e+00
7.200000000000000000e+02,5.060000000000000000e+02,0.000000000000000000e+00,4.400000000000000000e+01,1.000000000000000000e+00,1.000000000000000000e+00,9.200000000000000400e-01,1.000000000000000000e+00,1.696119099869974889e-02,3.408784949970140588e-01,0.000000000000000000e+00,6.991169789998821216e-01,7.278727100310788956e-02,1.153071982998881140e+00
7.300000000000000000e+02,5.060000000000000000e+02,0.000000000000000000e+00,4.400000000000000000e+01,1.000000000000000000e+00,1.000000000000000000e+00,9.200000000000000400e-01,1.000000000000000000e+00,1.735028099756164011e-02,3.406616789961844916e-01,0.000000000000000000e+00,6.942033310042461380e-01,7.254358300269814208e-02,1.148304369002289604e+00
7.400000000000000000e+02,5.050000000000000000e+02,0.000000000000000000e+00,4.500000000000000000e+01,1.000000000000000000e+00,1.000000000000000000e+00,9.181818181818182101e-01,1.000000000000000000e+00,1.712491199396026786e-02,3.409154930013755802e-01,0.000000000000000000e+00,6.935356379963195650e-01,7.238895699811109807e-02,1.147015482003553188e+00
7.500000000000000000e+02,5.050000000000000000e+02,0.000000000000000000e+00,4.500000000000000000e+01,1.000000000000000000e+00,1.000000000000000000e+00,9.181818181818182101e-01,1.000000000000000000e+00,1.709189000393962488e-02,3.417258219997165725e-01,0.000000000000000000e+00,6.915075460055959411e-01,7.276885000101174228e-02,1.146719885005950346e+00
7.600000000000000000e+02,5.030000000000000000e+02,0.000000000000000000e+00,4.700000000000000000e+01,1.000000000000000000e+00,1.000000000000000000e+00,9.145454545454545503e-01,1.000000000000000000e+00,1.727120500072487630e-02,3.395191080016957130e-01,0.000000000000000000e+00,7.227383090066723526e-01,7.229221600391610991e-02,1.174807822999355267e+00
7.700000000000000000e+02,5.030000000000000000e+02,0.000000000000000000e+00,4.700000000000000000e+01,1.000000000000000000e+00,1.000000000000000000e+00,9.145454545454545503e-01,1.000000000000000000e+00,1.778940500116732437e-02,3.464322839972737711e-01,0.000000000000000000e+00,7.160324100004800130e-01,7.397086600030888803e-02,1.177519635997668956e+00
7.800000000000000000e+02,5.040000000000000000e+02,0.000000000000000000e+00,4.600000000000000000e+01,1.000000000000000000e+00,1.000000000000000000e+00,9.163636363636363802e-01,1.000000000000000000e+00,1.718859500215330627e-02,3.420184180031355936e-01,0.000000000000000000e+00,7.066067539999494329e-01,7.208676600021135528e-02,1.161345146001622197e+00
7.900000000000000000e+02,5.040000000000000000e+02,0.000000000000000000e+00,4.600000000000000000e+01,1.000000000000000000e+00,1.000000000000000000e+00,9.163636363636363802e-01,1.000000000000000000e+00,1.746625000123458449e-02,3.392058939953130903e-01,0.000000000000000000e+00,6.906662099918321474e-01,7.275380300234246533e-02,1.144054482003411977e+00
8.000000000000000000e+02,5.040000000000000000e+02,0.000000000000000000e+00,4.600000000000000000e+01,1.000000000000000000e+00,1.000000000000000000e+00,9.163636363636363802e-01,1.000000000000000000e+00,1.698134000434947666e-02,3.411869579995254753e-01,0.000000000000000000e+00,6.658014870045008138e-01,7.209350800803804304e-02,1.119191201993089635e+00
8.100000000000000000e+02,5.060000000000000000e+02,0.000000000000000000e+00,4.400000000000000000e+01,1.000000000000000000e+00,1.000000000000000000e+00,9.200000000000000400e-01,1.000000000000000000e+00,1.728955899125139695e-02,3.440706719993613660e-01,0.000000000000000000e+00,7.217243699997197837e-01,7.298158499907003716e-02,1.179731369011278730e+00
8.200000000000000000e+02,5.060000000000000000e+02,0.000000000000000000e+00,4.400000000000000000e+01,1.000000000000000000e+00,1.000000000000000000e+00,9.200000000000000400e-01,1.000000000000000000e+00,1.675860800060036127e-02,3.406782889942405745e-01,0.000000000000000000e+00,7.023614199952135095e-01,7.339061800121271517e-02,1.156831064003199572e+00
8.300000000000000000e+02,5.060000000000000000e+02,0.000000000000000000e+00,4.400000000000000000e+01,1.000000000000000000e+00,1.000000000000000000e+00,9.200000000000000400e-01,1.000000000000000000e+00,1.708242399945447687e-02,3.429032789990742458e-01,0.000000000000000000e+00,7.003147579871438211e-01,7.208714399712334853e-02,1.155710362985701067e+00
8.400000000000000000e+02,5.040000000000000000e+02,0.000000000000000000e+00,4.600000000000000000e+01,1.000000000000000000e+00,1.000000000000000000e+00,9.163636363636363802e-01,1.000000000000000000e+00,1.727572200798022095e-02,3.422638890078815166e-01,0.000000000000000000e+00,6.327176750000944594e-01,7.215489399641228374e-02,1.088040976006595884e+00
8.500000000000000000e+02,5.040000000000000000e+02,0.000000000000000000e+00,4.600000000000000000e+01,1.000000000000000000e+00,1.000000000000000000e+00,9.163636363636363802e-01,1.000000000000000000e+00,1.796689400180184748e-02,3.432658259971503867e-01,0.000000000000000000e+00,6.326611279946519062e-01,7.284728199192613829e-02,1.090430261005167267e+00
8.600000000000000000e+02,5.040000000000000000e+02,0.000000000000000000e+00,4.600000000000000000e+01,1.000000000000000000e+00,1.000000000000000000e+00,9.163636363636363802e-01,1.000000000000000000e+00,1.736395899933995679e-02,3.433285259998228867e-01,0.000000000000000000e+00,6.232308869966800557e-01,7.255525600157852750e-02,1.079992606997620896e+00
8.700000000000000000e+02,5.050000000000000000e+02,0.000000000000000000e+00,4.500000000000000000e+01,1.000000000000000000e+00,1.000000000000000000e+00,9.181818181818182101e-01,1.000000000000000000e+00,1.711121000334969722e-02,3.409132130036596209e-01,0.000000000000000000e+00,6.195631300051900325e-01,7.224837499597924761e-02,1.073127507006574888e+00
8.800000000000000000e+02,5.050000000000000000e+02,0.000000000000000000e+00,4.500000000000000000e+01,1.000000000000000000e+00,1.000000000000000000e+00,9.181818181818182101e-01,1.000000000000000000e+00,1.694941300593200140e-02,3.385095819958223728e-01,0.000000000000000000e+00,6.190222289988014381e-01,7.252584199886769056e-02,1.070970621005471912e+00
8.900000000000000000e+02,5.050000000000000000e+02,0.000000000000000000e+00,4.500000000000000000e+01,1.000000000000000000e+00,1.000000000000000000e+00,9.181818181818182101e-01,1.000000000000000000e+00,1.680161000149382744e-02,3.402940790001593996e-01,0.000000000000000000e+00,6.116058559982775478e-01,7.154544300283305347e-02,1.063638648007326992e+00
9.000000000000000000e+02,5.040000000000000000e+02,0.000000000000000000e+00,4.600000000000000000e+01,1.000000000000000000e+00,1.000000000000000000e+00,9.163636363636363802e-01,1.000000000000000000e+00,1.740861700272944290e-02,3.388494610007910524e-01,0.000000000000000000e+00,6.116141219990822719e-01,7.254725700659037102e-02,1.064156485999774304e+00
9.100000000000000000e+02,5.030000000000000000e+02,0.000000000000000000e+00,4.700000000000000000e+01,1.000000000000000000e+00,1.000000000000000000e+00,9.145454545454545503e-01,1.000000000000000000e+00,1.723378500173566863e-02,3.451320499989378732e-01,0.000000000000000000e+00,5.997125439935189206e-01,7.299215799685043748e-02,1.058454378000533325e+00
9.200000000000000000e+02,5.040000000000000000e+02,0.000000000000000000e+00,4.600000000000000000e+01,1.000000000000000000e+00,1.000000000000000000e+00,9.163636363636363802e-01,1.000000000000000000e+00,1.756433400078094564e-02,3.388989539907925064e-01,0.000000000000000000e+00,5.949905539964674972e-01,7.377930299662693869e-02,1.048854320997634204e+00
9.300000000000000000e+02,5.050000000000000000e+02,0.000000000000000000e+00,4.500000000000000000e+01,1.000000000000000000e+00,1.000000000000000000e+00,9.181818181818182101e-01,1.000000000000000000e+00,1.741067499096971005e-02,3.412526860065554501e-01,0.000000000000000000e+00,5.825955290019919630e-01,7.173714500095229596e-02,1.036629006004659459e+00
9.400000000000000000e+02,5.070000000000000000e+02,0.000000000000000000e+00,4.300000000000000000e+01,1.000000000000000000e+00,1.000000000000000000e+00,9.218181818181818699e-01,1.000000000000000000e+00,1.747665599577885587e-02,3.437425159936537966e-01,0.000000000000000000e+00,5.872674399997777073e-01,7.192195499737863429e-02,1.043751878998591565e+00
9.500000000000000000e+02,5.070000000000000000e+02,0.000000000000000000e+00,4.300000000000000000e+01,1.000000000000000000e+00,1.000000000000000000e+00,9.218181818181818699e-01,1.000000000000000000e+00,1.685077599540818483e-02,3.403532020056445617e-01,0.000000000000000000e+00,5.828752940051344922e-01,7.202337700618954841e-02,1.035598679003669531e+00
9.600000000000000000e+02,5.070000000000000000e+02,0.000000000000000000e+00,4.300000000000000000e+01,1.000000000000000000e+00,1.000000000000000000e+00,9.218181818181818699e-01,1.000000000000000000e+00,1.716847099669394083e-02,3.399070769974059658e-01,0.000000000000000000e+00,5.833882060032919981e-01,7.188844200209132396e-02,1.035657093998452183e+00
9.700000000000000000e+02,5.070000000000000000e+02,0.000000000000000000e+00,4.300000000000000000e+01,1.000000000000000000e+00,1.000000000000000000e+00,9.218181818181818699e-01,1.000000000000000000e+00,1.731862400265526958e-02,3.383743989979848266e-01,0.000000000000000000e+00,5.800609659945621388e-01,7.303830400087463204e-02,1.032563231003223336e+00
9.800000000000000000e+02,5.070000000000000000e+02,0.000000000000000000e+00,4.300000000000000000e+01,1.000000000000000000e+00,1.000000000000000000e+00,9.218181818181818699e-01,1.000000000000000000e+00,1.728801900208054576e-02,3.377965259951452026e-01,0.000000000000000000e+00,5.737876389939629007e-01,7.188138699711998925e-02,1.024189473002479644e+00
9.900000000000000000e+02,5.070000000000000000e+02,0.000000000000000000e+00,4.300000000000000000e+01,1.000000000000000000e+00,1.000000000000000000e+00,9.218181818181818699e-01,1.000000000000000000e+00,1.740336999864666723e-02,3.459897640022973064e-01,0.000000000000000000e+00,5.791809339989413274e-01,7.268362600007094443e-02,1.038853947007737588e+00
1.000000000000000000e+03,5.060000000000000000e+02,0.000000000000000000e+00,4.400000000000000000e+01,1.000000000000000000e+00,1.000000000000000000e+00,9.200000000000000400e-01,1.000000000000000000e+00,1.711961099317704793e-02,3.395812380076677073e-01,0.000000000000000000e+00,5.757680050064664101e-01,7.318975300404417794e-02,1.029218551009762450e+00
1.010000000000000000e+03,5.060000000000000000e+02,0.000000000000000000e+00,4.400000000000000000e+01,1.000000000000000000e+00,1.000000000000000000e+00,9.200000000000000400e-01,1.000000000000000000e+00,1.662205300272034947e-02,3.405204310111002997e-01,0.000000000000000000e+00,5.649119889949361095e-01,7.230863498443795834e-02,1.017717017997711082e+00
1.020000000000000000e+03,5.060000000000000000e+02,0.000000000000000000e+00,4.400000000000000000e+01,1.000000000000000000e+00,1.000000000000000000e+00,9.200000000000000400e-01,1.000000000000000000e+00,1.717878499948710669e-02,3.419365550034854095e-01,0.000000000000000000e+00,5.664557210056955228e-01,7.258094999815511983e-02,1.021146311999473255e+00
1.030000000000000000e+03,5.060000000000000000e+02,0.000000000000000000e+00,4.400000000000000000e+01,1.000000000000000000e+00,1.000000000000000000e+00,9.200000000000000400e-01,1.000000000000000000e+00,1.788622999811195768e-02,3.414411449994076975e-01,0.000000000000000000e+00,5.294429050063627074e-01,7.305145000100310426e-02,9.849936069986142684e-01
1.040000000000000000e+03,5.060000000000000000e+02,0.000000000000000000e+00,4.400000000000000000e+01,1.000000000000000000e+00,1.000000000000000000e+00,9.200000000000000400e-01,1.000000000000000000e+00,1.704286999483883847e-02,3.376271569977689069e-01,0.000000000000000000e+00,5.288946540076722158e-01,7.275728600507136434e-02,9.799582159976125695e-01
1.050000000000000000e+03,5.060000000000000000e+02,0.000000000000000000e+00,4.400000000000000000e+01,1.000000000000000000e+00,1.000000000000000000e+00,9.200000000000000400e-01,1.000000000000000000e+00,1.735527100026956759e-02,3.420405360047880094e-01,0.000000000000000000e+00,5.238903200006461702e-01,7.284171300671005156e-02,9.793436679992737481e-01
1.060000000000000000e+03,5.060000000000000000e+02,0.000000000000000000e+00,4.400000000000000000e+01,1.000000000000000000e+00,1.000000000000000000e+00,9.200000000000000400e-01,1.000000000000000000e+00,1.712166099969181232e-02,3.425251059998117853e-01,0.000000000000000000e+00,5.125228379984037019e-01,7.273051899028359912e-02,9.681650709990208270e-01
1.070000000000000000e+03,5.060000000000000000e+02,0.000000000000000000e+00,4.400000000000000000e+01,1.000000000000000000e+00,1.000000000000000000e+00,9.200000000000000400e-01,1.000000000000000000e+00,1.765114800400624517e-02,3.423342619953473331e-01,0.000000000000000000e+00,5.207345619928673841e-01,7.220541500282706693e-02,9.762081549979484407e-01
1.080000000000000000e+03,5.060000000000000000e+02,0.000000000000000000e+00,4.400000000000000000e+01,1.000000000000000000e+00,1.000000000000000000e+00,9.200000000000000400e-01,1.000000000000000000e+00,1.826387000255635940e-02,3.406752170049003325e-01,0.000000000000000000e+00,5.179309819977788720e-01,7.254869600001256913e-02,9.725826209923980059e-01
1.090000000000000000e+03,5.060000000000000000e+02,0.000000000000000000e+00,4.400000000000000000e+01,1.000000000000000000e+00,1.000000000000000000e+00,9.200000000000000400e-01,1.000000000000000000e+00,1.725801599968690425e-02,3.427532000023347791e-01,0.000000000000000000e+00,5.073147760085703339e-01,7.240393800748279318e-02,9.629001809917099308e-01
1.100000000000000000e+03,5.060000000000000000e+02,0.000000000000000000e+00,4.400000000000000000e+01,1.000000000000000000e+00,1.000000000000000000e+00,9.200000000000000400e-01,1.000000000000000000e+00,1.706221699532761704e-02,3.448856369923305465e-01,0.000000000000000000e+00,5.047411669984285254e-01,7.339831999888701830e-02,9.639320890037197387e-01
1.110000000000000000e+03,5.060000000000000000e+02,0.000000000000000000e+00,4.400000000000000000e+01,1.000000000000000000e+00,1.000000000000000000e+00,9.200000000000000400e-01,1.000000000000000000e+00,1.735144900339946616e-02,3.438075390022277134e-01,0.000000000000000000e+00,5.020740510008181445e-01,7.371727199461020064e-02,9.601686800033348845e-01
1.120000000000000000e+03,5.060000000000000000e+02,0.000000000000000000e+00,4.400000000000000000e+01,1.000000000000000000e+00,1.000000000000000000e+00,9.200000000000000400e-01,1.000000000000000000e+00,1.683975100422685500e-02,3.431945289994473569e-01,0.000000000000000000e+00,5.025272090006183134e-01,7.277549100399482995e-02,9.583275470031367149e-01
1.130000000000000000e+03,5.060000000000000000e+02,0.000000000000000000e+00,4.400000000000000000e+01,1.000000000000000000e+00,1.000000000000000000e+00,9.200000000000000400e-01,1.000000000000000000e+00,1.681120699322491419e-02,3.409285000070667593e-01,0.000000000000000000e+00,5.077747769992129179e-01,7.239590899916947819e-02,9.608778019955934724e-01
1.140000000000000000e+03,5.060000000000000000e+02,0.000000000000000000e+00,4.400000000000000000e+01,1.000000000000000000e+00,1.000000000000000000e+00,9.200000000000000400e-01,1.000000000000000000e+00,1.755923699238337576e-02,3.418429220000689384e-01,0.000000000000000000e+00,5.062678220037923893e-01,7.213357199907477479e-02,9.607629129968699999e-01
1.150000000000000000e+03,5.060000000000000000e+02,0.000000000000000000e+00,4.400000000000000000e+01,1.000000000000000000e+00,1.000000000000000000e+00,9.200000000000000400e-01,1.000000000000000000e+00,1.686545899974589702e-02,3.428188359976047650e-01,0.000000000000000000e+00,5.018885089939431055e-01,7.314909799788438249e-02,9.578140219964552671e-01
1.160000000000000000e+03,5.060000000000000000e+02,0.000000000000000000e+00,4.400000000000000000e+01,1.000000000000000000e+00,1.000000000000000000e+00,9.200000000000000400e-01,1.000000000000000000e+00,1.708998700087249745e-02,3.415233410014479887e-01,0.000000000000000000e+00,4.951924720044189598e-01,7.237550100035150535e-02,9.494647069986967836e-01
1.170000000000000000e+03,5.060000000000000000e+02,0.000000000000000000e+00,4.400000000000000000e+01,1.000000000000000000e+00,1.000000000000000000e+00,9.200000000000000400e-01,1.000000000000000000e+00,1.687203400069847703e-02,3.411745709963724948e-01,0.000000000000000000e+00,4.950819660025445046e-01,7.277226999940467067e-02,9.487518399946566205e-01
1.180000000000000000e+03,5.060000000000000000e+02,0.000000000000000000e+00,4.400000000000000000e+01,1.000000000000000000e+00,1.000000000000000000e+00,9.200000000000000400e-01,1.000000000000000000e+00,1.698665099320351146e-02,3.430711860037263250e-01,0.000000000000000000e+00,4.902232600070419721e-01,7.281318800232838839e-02,9.462701879947417183e-01
1.190000000000000000e+03,5.040000000000000000e+02,0.000000000000000000e+00,4.600000000000000000e+01,1.000000000000000000e+00,1.000000000000000000e+00,9.163636363636363802e-01,1.000000000000000000e+00,1.700783398882776964e-02,3.413905240031454014e-01,0.000000000000000000e+00,5.061155539897299604e-01,7.243067799572600052e-02,9.597808500056999037e-01
1.200000000000000000e+03,5.040000000000000000e+02,0.000000000000000000e+00,4.600000000000000000e+01,1.000000000000000000e+00,1.000000000000000000e+00,9.163636363636363802e-01,1.000000000000000000e+00,1.687015299830818549e-02,3.390215360050206073e-01,0.000000000000000000e+00,5.127796549932099879e-01,7.298818699928233400e-02,9.652413229941885220e-01
1.210000000000000000e+03,5.040000000000000000e+02,0.000000000000000000e+00,4.600000000000000000e+01,1.000000000000000000e+00,1.000000000000000000e+00,9.163636363636363802e-01,1.000000000000000000e+00,1.678401299614051823e-02,3.408051839978725184e-01,0.000000000000000000e+00,5.096572990023560124e-01,7.225973500317195430e-02,9.626112140085751889e-01
1.220000000000000000e+03,5.050000000000000000e+02,0.000000000000000000e+00,4.500000000000000000e+01,1.000000000000000000e+00,1.000000000000000000e+00,9.181818181818182101e-01,1.000000000000000000e+00,1.707913999234733637e-02,3.399709309996978845e-01,0.000000000000000000e+00,4.645856750048551476e-01,7.243815800757147372e-02,9.172402329968463164e-01
1.230000000000000000e+03,5.050000000000000000e+02,0.000000000000000000e+00,4.500000000000000000e+01,1.000000000000000000e+00,1.000000000000000000e+00,9.181818181818182101e-01,1.000000000000000000e+00,1.816474800216383301e-02,3.354343190021609189e-01,0.000000000000000000e+00,4.627278879961522762e-01,7.329280399426352233e-02,9.133298669985379092e-01
1.240000000000000000e+03,5.050000000000000000e+02,0.000000000000000000e+00,4.500000000000000000e+01,1.000000000000000000e+00,1.000000000000000000e+00,9.181818181818182101e-01,1.000000000000000000e+00,1.723824000146123581e-02,3.427214440052921418e-01,0.000000000000000000e+00,4.513513180063455366e-01,7.250097799806098919e-02,9.068489770015730755e-01
1.250000000000000000e+03,5.050000000000000000e+02,0.000000000000000000e+00,4.500000000000000000e+01,1.000000000000000000e+00,1.000000000000000000e+00,9.181818181818182101e-01,1.000000000000000000e+00,1.693304299624287523e-02,3.381590990120457718e-01,0.000000000000000000e+00,4.450418539963720832e-01,7.352680800431699026e-02,8.970883239999238867e-01
1.260000000000000000e+03,5.050000000000000000e+02,0.000000000000000000e+00,4.500000000000000000e+01,1.000000000000000000e+00,1.000000000000000000e+00,9.181818181818182101e-01,1.000000000000000000e+00,1.740669200989941601e-02,3.405872640050802147e-01,0.000000000000000000e+00,4.406491920017288066e-01,7.299663600497297011e-02,8.945958199947199319e-01
1.270000000000000000e+03,5.050000000000000000e+02,0.000000000000000000e+00,4.500000000000000000e+01,1.000000000000000000e+00,1.000000000000000000e+00,9.181818181818182101e-01,1.000000000000000000e+00,1.719890000094892457e-02,3.398946580000483664e-01,0.000000000000000000e+00,4.273923090040625539e-01,7.229682899560430087e-02,8.797831299962126650e-01
1.280000000000000000e+03,5.050000000000000000e+02,0.000000000000000000e+00,4.500000000000000000e+01,1.000000000000000000e+00,1.000000000000000000e+00,9.181818181818182101e-01,1.000000000000000000e+00,1.708130299448384903e-02,3.423922669953753939e-01,0.000000000000000000e+00,4.284891809966211440e-01,7.283067900243622717e-02,8.838261610035260674e-01
1.290000000000000000e+03,5.050000000000000000e+02,0.000000000000000000e+00,4.500000000000000000e+01,1.000000000000000000e+00,1.000000000000000000e+00,9.181818181818182101e-01,1.000000000000000000e+00,1.779422500112559646e-02,3.388260619958600728e-01,0.000000000000000000e+00,4.266355960098735522e-01,7.359045000339392573e-02,8.805492449992016191e-01
1.300000000000000000e+03,5.050000000000000000e+02,0.000000000000000000e+00,4.500000000000000000e+01,1.000000000000000000e+00,1.000000000000000000e+00,9.181818181818182101e-01,1.000000000000000000e+00,1.682664399049826898e-02,3.374851110002055066e-01,0.000000000000000000e+00,4.262607599994225893e-01,7.277623300615232438e-02,8.764664799982710974e-01
1.310000000000000000e+03,5.050000000000000000e+02,0.000000000000000000e+00,4.500000000000000000e+01,1.000000000000000000e+00,1.000000000000000000e+00,9.181818181818182101e-01,1.000000000000000000e+00,1.727472699167265091e-02,3.415592130004370119e-01,0.000000000000000000e+00,4.273867579977377318e-01,7.319811200068215840e-02,8.825765050023619551e-01
1.320000000000000000e+03,5.050000000000000000e+02,0.000000000000000000e+00,4.500000000000000000e+01,1.000000000000000000e+00,1.000000000000000000e+00,9.181818181818182101e-01,1.000000000000000000e+00,1.753981700130680110e-02,3.387948220060934545e-01,0.000000000000000000e+00,4.224487390019930899e-01,7.259585299652826507e-02,8.743959830007952405e-01
1.330000000000000000e+03,5.050000000000000000e+02,0.000000000000000000e+00,4.500000000000000000e+01,1.000000000000000000e+00,1.000000000000000000e+00,9.181818181818182101e-01,1.000000000000000000e+00,1.705195599788567051e-02,3.394576000009692507e-01,0.000000000000000000e+00,4.296392309988732450e-01,7.297493099758867174e-02,8.827009529941278743e-01
1.340000000000000000e+03,5.050000000000000000e+02,0.000000000000000000e+00,4.500000000000000000e+01,1.000000000000000000e+00,1.000000000000000000e+00,9.181818181818182101e-01,1.000000000000000000e+00,1.714057199933449738e-02,3.404288269975950243e-01,0.000000000000000000e+00,4.496450250007910654e-01,7.253419999688048847e-02,9.027581839982303791e-01
1.350000000000000000e+03,5.050000000000000000e+02,0.000000000000000000e+00,4.500000000000000000e+01,1.000000000000000000e+00,1.000000000000000000e+00,9.181818181818182101e-01,1.000000000000000000e+00,1.730249299725983292e-02,3.383306820087454980e-01,0.000000000000000000e+00,4.421663539960718481e-01,7.257656499314180110e-02,8.942831429994839709e-01
1.360000000000000000e+03,5.050000000000000000e+02,0.000000000000000000e+00,4.500000000000000000e+01,1.000000000000000000e+00,1.000000000000000000e+00,9.181818181818182101e-01,1.000000000000000000e+00,1.698759499595325906e-02,3.393705329963268014e-01,0.000000000000000000e+00,4.420019049939583056e-01,7.308574199305439834e-02,8.945216660085861804e-01
1.370000000000000000e+03,5.050000000000000000e+02,0.000000000000000000e+00,4.500000000000000000e+01,1.000000000000000000e+00,1.000000000000000000e+00,9.181818181818182101e-01,1.000000000000000000e+00,1.698924600532336626e-02,3.378615940000599949e-01,0.000000000000000000e+00,4.716292829998565139e-01,7.256933899770956486e-02,9.219152579953515669e-01
1.380000000000000000e+03,5.050000000000000000e+02,0.000000000000000000e+00,4.500000000000000000e+01,1.000000000000000000e+00,1.000000000000000000e+00,9.181818181818182101e-01,1.000000000000000000e+00,1.670646499769645743e-02,3.353036379921832122e-01,0.000000000000000000e+00,4.700545150044490583e-01,7.376733399905788247e-02,9.191417080055543920e-01
1.390000000000000000e+03,5.050000000000000000e+02,0.000000000000000000e+00,4.500000000000000000e+01,1.000000000000000000e+00,1.000000000000000000e+00,9.181818181818182101e-01,1.000000000000000000e+00,1.753291300337878056e-02,3.379548330103716580e-01,0.000000000000000000e+00,4.604650620003667427e-01,7.203253699299239088e-02,9.108200059999944642e-01
1.400000000000000000e+03,5.050000000000000000e+02,0.000000000000000000e+00,4.500000000000000000e+01,1.000000000000000000e+00,1.000000000000000000e+00,9.181818181818182101e-01,1.000000000000000000e+00,1.700022099794296082e-02,3.424123979966680054e-01,0.000000000000000000e+00,4.547660359949077247e-01,7.234224599778826814e-02,9.095149829990987200e-01
1.410000000000000000e+03,5.050000000000000000e+02,0.000000000000000000e+00,4.500000000000000000e+01,1.000000000000000000e+00,1.000000000000000000e+00,9.181818181818182101e-01,1.000000000000000000e+00,1.737118699747952633e-02,3.378412849961023312e-01,0.000000000000000000e+00,4.515006019992142683e-01,7.248347899803775363e-02,9.023260770027263789e-01
1.420000000000000000e+03,5.040000000000000000e+02,0.000000000000000000e+00,4.600000000000000000e+01,1.000000000000000000e+00,1.000000000000000000e+00,9.163636363636363802e-01,1.000000000000000000e+00,1.712102600504294969e-02,3.400812220061197877e-01,0.000000000000000000e+00,4.452946679939486785e-01,7.228613900042546447e-02,8.975272569969092729e-01
1.430000000000000000e+03,5.030000000000000000e+02,0.000000000000000000e+00,4.700000000000000000e+01,1.000000000000000000e+00,1.000000000000000000e+00,9.145454545454545503e-01,1.000000000000000000e+00,1.689466699644981418e-02,3.382396259985398501e-01,0.000000000000000000e+00,4.479367099938826868e-01,7.325104199298948515e-02,8.995912040063558379e-01
1.440000000000000000e+03,5.030000000000000000e+02,0.000000000000000000e+00,4.700000000000000000e+01,1.000000000000000000e+00,1.000000000000000000e+00,9.145454545454545503e-01,1.000000000000000000e+00,1.715405700269911904e-02,3.389088250041822903e-01,0.000000000000000000e+00,4.470980870028142817e-01,7.203057599690509960e-02,8.980805699939082842e-01
1.450000000000000000e+03,5.030000000000000000e+02,0.000000000000000000e+00,4.700000000000000000e+01,1.000000000000000000e+00,1.000000000000000000e+00,9.145454545454545503e-01,1.000000000000000000e+00,1.720058199862251058e-02,3.395197859917971073e-01,0.000000000000000000e+00,4.468854330116300844e-01,7.182253599785326514e-02,8.982894670061796205e-01
1.460000000000000000e+03,5.050000000000000000e+02,0.000000000000000000e+00,4.500000000000000000e+01,1.000000000000000000e+00,1.000000000000000000e+00,9.181818181818182101e-01,1.000000000000000000e+00,1.695482199647813104e-02,3.419867749926197575e-01,0.000000000000000000e+00,4.071485360036604106e-01,7.224443799896107521e-02,8.612883330042677699e-01
1.470000000000000000e+03,5.050000000000000000e+02,0.000000000000000000e+00,4.500000000000000000e+01,1.000000000000000000e+00,1.000000000000000000e+00,9.181818181818182101e-01,1.000000000000000000e+00,1.722225899538898375e-02,3.424319090045173652e-01,0.000000000000000000e+00,4.059566249998169951e-01,7.245052500366000459e-02,8.610332249954808503e-01
1.480000000000000000e+03,5.050000000000000000e+02,0.000000000000000000e+00,4.500000000000000000e+01,1.000000000000000000e+00,1.000000000000000000e+00,9.181818181818182101e-01,1.000000000000000000e+00,1.698466699963319115e-02,3.426641419937368482e-01,0.000000000000000000e+00,4.056089410005370155e-01,7.325061800293042324e-02,8.624120579970622202e-01
1.490000000000000000e+03,5.050000000000000000e+02,0.000000000000000000e+00,4.500000000000000000e+01,1.000000000000000000e+00,1.000000000000000000e+00,9.181818181818182101e-01,1.000000000000000000e+00,1.693399599207623396e-02,3.420048090029013110e-01,0.000000000000000000e+00,3.974338650041318033e-01,7.266769999296229798e-02,8.522580920016480377e-01
1.500000000000000000e+03,5.050000000000000000e+02,0.000000000000000000e+00,4.500000000000000000e+01,1.000000000000000000e+00,1.000000000000000000e+00,9.181818181818182101e-01,1.000000000000000000e+00,1.687491700249665882e-02,3.405836149959213799e-01,0.000000000000000000e+00,3.941602410050109029e-01,7.229862799613329116e-02,8.471152799993433291e-01
1.510000000000000000e+03,5.050000000000000000e+02,0.000000000000000000e+00,4.500000000000000000e+01,1.000000000000000000e+00,1.000000000000000000e+00,9.181818181818182101e-01,1.000000000000000000e+00,1.711240499935229309e-02,3.433948260044417111e-01,0.000000000000000000e+00,3.943871290066454094e-01,7.214231000216386747e-02,8.501930960010213312e-01
1.520000000000000000e+03,5.050000000000000000e+02,0.000000000000000000e+00,4.500000000000000000e+01,1.000000000000000000e+00,1.000000000000000000e+00,9.181818181818182101e-01,1.000000000000000000e+00,1.715783400504733436e-02,3.413818849949166179e-01,0.000000000000000000e+00,3.942435969947837293e-01,7.223713300118106417e-02,8.480194890034908894e-01
1.530000000000000000e+03,5.040000000000000000e+02,0.000000000000000000e+00,4.600000000000000000e+01,1.000000000000000000e+00,1.000000000000000000e+00,9.163636363636363802e-01,1.000000000000000000e+00,1.697402200079523027e-02,3.433245119940693257e-01,0.000000000000000000e+00,3.875572260112676304e-01,7.207248700251511764e-02,8.431238860048324568e-01
1.540000000000000000e+03,5.040000000000000000e+02,0.000000000000000000e+00,4.600000000000000000e+01,1.000000000000000000e+00,1.000000000000000000e+00,9.163636363636363802e-01,1.000000000000000000e+00,1.710521599852654617e-02,3.431325059918890474e-01,0.000000000000000000e+00,3.847007149925047997e-01,7.250934899821004365e-02,8.405800720047409413e-01
1.550000000000000000e+03,5.050000000000000000e+02,0.000000000000000000e+00,4.500000000000000000e+01,1.000000000000000000e+00,1.000000000000000000e+00,9.181818181818182101e-01,1.000000000000000000e+00,1.706038000156695489e-02,3.451261800037173089e-01,0.000000000000000000e+00,3.838322290012001758e-01,7.332528000370075461e-02,8.424636860017926665e-01
1.560000000000000000e+03,5.050000000000000000e+02,0.000000000000000000e+00,4.500000000000000000e+01,1.000000000000000000e+00,1.000000000000000000e+00,9.181818181818182101e-01,1.000000000000000000e+00,1.774247899993497413e-02,3.439900249941274524e-01,0.000000000000000000e+00,3.824055639997823164e-01,7.316573100433743093e-02,8.404530710067774635e-01
1.570000000000000000e+03,5.050000000000000000e+02,0.000000000000000000e+00,4.500000000000000000e+01,1.000000000000000000e+00,1.000000000000000000e+00,9.181818181818182101e-01,1.000000000000000000e+00,1.779730599992035422e-02,3.438930279935448198e-01,0.000000000000000000e+00,3.859393840102711692e-01,7.495663999725366011e-02,8.459177110034943325e-01
1.580000000000000000e+03,5.030000000000000000e+02,0.000000000000000000e+00,4.700000000000000000e+01,1.000000000000000000e+00,1.000000000000000000e+00,9.145454545454545503e-01,1.000000000000000000e+00,1.812802699896565173e-02,3.426491440022800816e-01,0.000000000000000000e+00,3.828390070048044436e-01,7.317402199078060221e-02,8.405033950002689380e-01
1.590000000000000000e+03,5.030000000000000000e+02,0.000000000000000000e+00,4.700000000000000000e+01,1.000000000000000000e+00,1.000000000000000000e+00,9.145454545454545503e-01,1.000000000000000000e+00,1.675964000241947360e-02,3.425229620042955503e-01,0.000000000000000000e+00,3.853254319965344621e-01,7.203706899781536777e-02,8.403114620086853392e-01
1.600000000000000000e+03,5.030000000000000000e+02,0.000000000000000000e+00,4.700000000000000000e+01,1.000000000000000000e+00,1.000000000000000000e+00,9.145454545454545503e-01,1.000000000000000000e+00,1.679363199764338788e-02,3.447140419993957039e-01,0.000000000000000000e+00,3.847454299957462354e-01,7.317578500078525394e-02,8.423850590079382528e-01
1.610000000000000000e+03,5.030000000000000000e+02,0.000000000000000000e+00,4.700000000000000000e+01,1.000000000000000000e+00,1.000000000000000000e+00,9.145454545454545503e-01,1.000000000000000000e+00,1.730637199034390505e-02,3.436090230006811908e-01,0.000000000000000000e+00,3.965558509953552857e-01,7.314231999771436676e-02,8.534361680049187271e-01
1.620000000000000000e+03,5.050000000000000000e+02,0.000000000000000000e+00,4.500000000000000000e+01,1.000000000000000000e+00,1.000000000000000000e+00,9.181818181818182101e-01,1.000000000000000000e+00,1.796086300601018593e-02,3.376392169993778225e-01,0.000000000000000000e+00,3.950735649996204302e-01,7.334972199532785453e-02,8.481075369982136181e-01
1.630000000000000000e+03,5.050000000000000000e+02,0.000000000000000000e+00,4.500000000000000000e+01,1.000000000000000000e+00,1.000000000000000000e+00,9.181818181818182101e-01,1.000000000000000000e+00,1.752273100100865122e-02,3.409944860050018178e-01,0.000000000000000000e+00,3.951754770077968715e-01,7.338634099687624257e-02,8.501580609990924131e-01
1.640000000000000000e+03,5.050000000000000000e+02,0.000000000000000000e+00,4.500000000000000000e+01,1.000000000000000000e+00,1.000000000000000000e+00,9.181818181818182101e-01,1.000000000000000000e+00,1.873896500364935491e-02,3.726628310050728032e-01,0.000000000000000000e+00,4.836450439997861395e-01,7.937420900270808488e-02,9.796211600041715428e-01
1.650000000000000000e+03,5.050000000000000000e+02,0.000000000000000000e+00,4.500000000000000000e+01,1.000000000000000000e+00,1.000000000000000000e+00,9.181818181818182101e-01,1.000000000000000000e+00,2.904261400180985220e-02,4.499957189946144354e-01,0.000000000000000000e+00,5.713924349929584423e-01,1.030680829990160419e-01,1.183860657998593524e+00
1.660000000000000000e+03,5.050000000000000000e+02,0.000000000000000000e+00,4.500000000000000000e+01,1.000000000000000000e+00,1.000000000000000000e+00,9.181818181818182101e-01,1.000000000000000000e+00,2.632499399260268547e-02,5.014930099987395806e-01,0.000000000000000000e+00,7.646774189961433876e-01,1.149536060038371943e-01,1.445019103011873085e+00
1.670000000000000000e+03,5.050000000000000000e+02,0.000000000000000000e+00,4.500000000000000000e+01,1.000000000000000000e+00,1.000000000000000000e+00,9.181818181818182101e-01,1.000000000000000000e+00,2.435526800036313944e-02,4.951680970007146243e-01,0.000000000000000000e+00,5.422141480066784425e-01,1.144603039992944105e-01,1.208243329996548709e+00
1.680000000000000000e+03,5.030000000000000000e+02,0.000000000000000000e+00,4.700000000000000000e+01,1.000000000000000000e+00,1.000000000000000000e+00,9.145454545454545503e-01,1.000000000000000000e+00,2.186785099365806673e-02,4.066491979974671267e-01,0.000000000000000000e+00,4.847742069960077060e-01,9.093838299850176554e-02,1.030576758996176068e+00
1.690000000000000000e+03,5.030000000000000000e+02,0.000000000000000000e+00,4.700000000000000000e+01,1.000000000000000000e+00,1.000000000000000000e+00,9.145454545454545503e-01,1.000000000000000000e+00,1.792623199980880599e-02,3.502209679991210578e-01,0.000000000000000000e+00,4.105413919951388380e-01,7.584548900558729656e-02,8.779017729993938701e-01
1.700000000000000000e+03,5.040000000000000000e+02,0.000000000000000000e+00,4.600000000000000000e+01,1.000000000000000000e+00,1.000000000000000000e+00,9.163636363636363802e-01,1.000000000000000000e+00,1.868657299564802088e-02,3.449161570006253896e-01,0.000000000000000000e+00,4.004759260096761864e-01,7.487183099328831304e-02,8.623823109955992550e-01
1.710000000000000000e+03,5.030000000000000000e+02,0.000000000000000000e+00,4.700000000000000000e+01,1.000000000000000000e+00,1.000000000000000000e+00,9.145454545454545503e-01,1.000000000000000000e+00,1.805352999690512661e-02,3.459663529938552529e-01,0.000000000000000000e+00,3.961495359981199726e-01,7.562770700860710349e-02,8.593924729993887013e-01
1.720000000000000000e+03,5.030000000000000000e+02,0.000000000000000000e+00,4.700000000000000000e+01,1.000000000000000000e+00,1.000000000000000000e+00,9.145454545454545503e-01,1.000000000000000000e+00,1.768626699777087197e-02,3.501641649963858072e-01,0.000000000000000000e+00,4.055878719973406987e-01,7.465773000149056315e-02,8.712034240015782416e-01
1.730000000000000000e+03,5.030000000000000000e+02,0.000000000000000000e+00,4.700000000000000000e+01,1.000000000000000000e+00,1.000000000000000000e+00,9.145454545454545503e-01,1.000000000000000000e+00,1.720122999904560857e-02,3.539542099952086573e-01,0.000000000000000000e+00,3.940434559972345596e-01,7.654539900977397338e-02,8.658952379882975947e-01
1.740000000000000000e+03,5.030000000000000000e+02,0.000000000000000000e+00,4.700000000000000000e+01,1.000000000000000000e+00,1.000000000000000000e+00,9.145454545454545503e-01,1.000000000000000000e+00,1.710862700019788463e-02,3.449276920146076009e-01,0.000000000000000000e+00,3.879337410016887588e-01,7.415290199787705205e-02,8.472684479966119397e-01
1.750000000000000000e+03,5.030000000000000000e+02,0.000000000000000000e+00,4.700000000000000000e+01,1.000000000000000000e+00,1.000000000000000000e+00,9.145454545454545503e-01,1.000000000000000000e+00,1.709865100019669626e-02,3.453418389944999944e-01,0.000000000000000000e+00,3.901380189963674638e-01,7.453837600587576162e-02,8.506113059993367642e-01
1.760000000000000000e+03,5.030000000000000000e+02,0.000000000000000000e+00,4.700000000000000000e+01,1.000000000000000000e+00,1.000000000000000000e+00,9.145454545454545503e-01,1.000000000000000000e+00,1.707343000089167617e-02,3.413889689963980345e-01,0.000000000000000000e+00,3.901443659960932564e-01,7.287589200313959736e-02,8.447785549924446968e-01
1.770000000000000000e+03,5.030000000000000000e+02,0.000000000000000000e+00,4.700000000000000000e+01,1.000000000000000000e+00,1.000000000000000000e+00,9.145454545454545503e-01,1.000000000000000000e+00,1.711497099131520372e-02,3.441533770019304939e-01,0.000000000000000000e+00,3.946658849999948870e-01,7.414839599550759885e-02,8.537743910001154291e-01
1.780000000000000000e+03,5.020000000000000000e+02,0.000000000000000000e+00,4.800000000000000000e+01,1.000000000000000000e+00,1.000000000000000000e+00,9.127272727272727204e-01,1.000000000000000000e+00,1.758548699217499234e-02,3.559099210087879328e-01,0.000000000000000000e+00,4.533922810005606152e-01,7.773248100056662224e-02,9.287868130086280871e-01
1.790000000000000000e+03,5.020000000000000000e+02,0.000000000000000000e+00,4.800000000000000000e+01,1.000000000000000000e+00,1.000000000000000000e+00,9.127272727272727204e-01,1.000000000000000000e+00,1.713338099943939596e-02,3.810802180032624165e-01,0.000000000000000000e+00,4.478757030028646113e-01,8.384728100463689771e-02,9.553709419997176155e-01
1.800000000000000000e+03,5.060000000000000000e+02,0.000000000000000000e+00,4.400000000000000000e+01,1.000000000000000000e+00,1.000000000000000000e+00,9.200000000000000400e-01,1.000000000000000000e+00,1.701866799703566357e-02,3.587431850010034395e-01,0.000000000000000000e+00,3.961774909948871937e-01,7.494221200613537803e-02,8.701734350033802912e-01
1.810000000000000000e+03,5.060000000000000000e+02,0.000000000000000000e+00,4.400000000000000000e+01,1.000000000000000000e+00,1.000000000000000000e+00,9.200000000000000400e-01,1.000000000000000000e+00,1.726491199951851740e-02,3.400779120056540705e-01,0.000000000000000000e+00,3.915448160005325917e-01,7.304290799038426485e-02,8.461540619991865242e-01
1.820000000000000000e+03,5.070000000000000000e+02,0.000000000000000000e+00,4.300000000000000000e+01,1.000000000000000000e+00,1.000000000000000000e+00,9.218181818181818699e-01,1.000000000000000000e+00,1.695494399791641627e-02,3.424899699984962353e-01,0.000000000000000000e+00,3.883656540019728709e-01,7.326072099749580957e-02,8.446787680059060222e-01
1.830000000000000000e+03,5.070000000000000000e+02,0.000000000000000000e+00,4.300000000000000000e+01,1.000000000000000000e+00,1.000000000000000000e+00,9.218181818181818699e-01,1.000000000000000000e+00,1.743475900730118155e-02,3.555680499994195998e-01,0.000000000000000000e+00,4.303311410039896145e-01,7.953799500319291838e-02,9.078162580044590868e-01
1.840000000000000000e+03,5.050000000000000000e+02,0.000000000000000000e+00,4.500000000000000000e+01,1.000000000000000000e+00,1.000000000000000000e+00,9.181818181818182101e-01,1.000000000000000000e+00,1.881032500023138709e-02,3.611194629975216230e-01,0.000000000000000000e+00,3.902043080033763545e-01,7.872117800252453890e-02,8.742299649893539026e-01
1.850000000000000000e+03,5.050000000000000000e+02,0.000000000000000000e+00,4.500000000000000000e+01,1.000000000000000000e+00,1.000000000000000000e+00,9.181818181818182101e-01,1.000000000000000000e+00,1.719122800568584353e-02,3.494745689986302750e-01,0.000000000000000000e+00,3.886856019962579012e-01,7.571624799675191753e-02,8.548361339999246411e-01
1.860000000000000000e+03,5.050000000000000000e+02,0.000000000000000000e+00,4.500000000000000000e+01,1.000000000000000000e+00,1.000000000000000000e+00,9.181818181818182101e-01,1.000000000000000000e+00,1.667550399179162923e-02,3.435641530049906578e-01,0.000000000000000000e+00,3.756735380029567750e-01,7.342484700347995386e-02,8.329197430030035321e-01
1.870000000000000000e+03,5.050000000000000000e+02,0.000000000000000000e+00,4.500000000000000000e+01,1.000000000000000000e+00,1.000000000000000000e+00,9.181818181818182101e-01,1.000000000000000000e+00,1.714912300303694792e-02,3.677187630019034259e-01,0.000000000000000000e+00,4.270101170004636515e-01,8.172022300277603790e-02,9.189817589976883028e-01
1.880000000000000000e+03,5.050000000000000000e+02,0.000000000000000000e+00,4.500000000000000000e+01,1.000000000000000000e+00,1.000000000000000000e+00,9.181818181818182101e-01,1.000000000000000000e+00,2.100807200076815207e-02,4.355179309968661983e-01,0.000000000000000000e+00,5.282080990018584998e-01,1.010217560051387409e-01,1.117035974992177216e+00
1.890000000000000000e+03,5.050000000000000000e+02,0.000000000000000000e+00,4.500000000000000000e+01,1.000000000000000000e+00,1.000000000000000000e+00,9.181818181818182101e-01,1.000000000000000000e+00,1.829793899560172576e-02,3.780189330009307014e-01,0.000000000000000000e+00,3.996470809979655314e-01,8.551757000896031968e-02,9.067681329979677685e-01
1.900000000000000000e+03,5.020000000000000000e+02,0.000000000000000000e+00,4.800000000000000000e+01,1.000000000000000000e+00,1.000000000000000000e+00,9.127272727272727204e-01,1.000000000000000000e+00,1.723427299839386251e-02,3.460517590028757695e-01,0.000000000000000000e+00,3.701576389994443161e-01,7.465287200284365099e-02,8.323483709973515943e-01
1.910000000000000000e+03,5.020000000000000000e+02,0.000000000000000000e+00,4.800000000000000000e+01,1.000000000000000000e+00,1.000000000000000000e+00,9.127272727272727204e-01,1.000000000000000000e+00,1.715800600322836544e-02,3.433973960000002990e-01,0.000000000000000000e+00,3.744072029967355775e-01,7.493379500192531850e-02,8.329495359994325554e-01
1.920000000000000000e+03,5.020000000000000000e+02,0.000000000000000000e+00,4.800000000000000000e+01,1.000000000000000000e+00,1.000000000000000000e+00,9.127272727272727204e-01,1.000000000000000000e+00,1.821921700138773303e-02,3.743886480096989544e-01,0.000000000000000000e+00,5.106833199952234281e-01,8.494448700548673514e-02,1.015664523996747448e+00
1.930000000000000000e+03,5.020000000000000000e+02,0.000000000000000000e+00,4.800000000000000000e+01,1.000000000000000000e+00,1.000000000000000000e+00,9.127272727272727204e-01,1.000000000000000000e+00,1.948108599935949314e-02,3.825698349955928279e-01,0.000000000000000000e+00,4.700205069984804140e-01,8.755461399960040580e-02,9.866726190011831932e-01
1.940000000000000000e+03,5.020000000000000000e+02,0.000000000000000000e+00,4.800000000000000000e+01,1.000000000000000000e+00,1.000000000000000000e+00,9.127272727272727204e-01,1.000000000000000000e+00,2.797317000658949837e-02,5.396963969997159438e-01,0.000000000000000000e+00,7.114210909967368934e-01,1.262089280025975313e-01,1.442868900998291792e+00
1.950000000000000000e+03,5.020000000000000000e+02,0.000000000000000000e+00,4.800000000000000000e+01,1.000000000000000000e+00,1.000000000000000000e+00,9.127272727272727204e-01,1.000000000000000000e+00,2.839638900150021072e-02,5.832723820076353149e-01,0.000000000000000000e+00,7.133468699903460220e-01,1.503074239935813239e-01,1.517715277006573160e+00
1.960000000000000000e+03,5.020000000000000000e+02,0.000000000000000000e+00,4.800000000000000000e+01,1.000000000000000000e+00,1.000000000000000000e+00,9.127272727272727204e-01,1.000000000000000000e+00,1.926630999696499202e-02,3.854674879985395819e-01,0.000000000000000000e+00,4.384515390047454275e-01,8.723445501345850062e-02,9.583859989943448454e-01
1.970000000000000000e+03,5.020000000000000000e+02,0.000000000000000000e+00,4.800000000000000000e+01,1.000000000000000000e+00,1.000000000000000000e+00,9.127272727272727204e-01,1.000000000000000000e+00,1.973322699996060692e-02,3.792943220014421968e-01,0.000000000000000000e+00,4.320561610002187081e-01,8.475416500550636556e-02,9.420833290078007849e-01
1.980000000000000000e+03,5.020000000000000000e+02,0.000000000000000000e+00,4.800000000000000000e+01,1.000000000000000000e+00,1.000000000000000000e+00,9.127272727272727204e-01,1.000000000000000000e+00,2.026241900421155151e-02,3.700655449920304818e-01,0.000000000000000000e+00,4.950894279936619569e-01,8.465200999853550456e-02,9.978609870031505125e-01
1.990000000000000000e+03,5.050000000000000000e+02,0.000000000000000000e+00,4.500000000000000000e+01,1.000000000000000000e+00,1.000000000000000000e+00,9.181818181818182101e-01,1.000000000000000000e+00,2.266940800654992927e-02,4.742437839977355907e-01,0.000000000000000000e+00,5.674630599951342447e-01,1.090695929979119683e-01,1.206420552001873148e+00
2.000000000000000000e+03,5.050000000000000000e+02,0.000000000000000000e+00,4.500000000000000000e+01,1.000000000000000000e+00,1.000000000000000000e+00,9.181818181818182101e-01,1.000000000000000000e+00,2.396979500190354884e-02,4.986389520054217428e-01,0.000000000000000000e+00,7.052291559957666323e-01,1.223036080100428080e-01,1.387637115991310566e+00
