1.000000000000000000e+01,5.030000000000000000e+02,3.000000000000000000e+01,2.030000000000000000e+02,1.070000000000000000e+02,9.437148217636022185e-01,7.124645892351274545e-01,7.810218978102190235e-01,1.799011200182576431e-02,3.293451540030218894e-01,0.000000000000000000e+00,3.700093496999215859e+00,8.783084199694712879e-02,4.163831996002045344e+00
2.000000000000000000e+01,5.150000000000000000e+02,3.400000000000000000e+01,1.910000000000000000e+02,1.030000000000000000e+02,9.380692167577413532e-01,7.294617563739377308e-01,7.518248175182481452e-01,1.726560199858795386e-02,3.297208809999574441e-01,0.000000000000000000e+00,3.492876585999511008e+00,7.985011600067082327e-02,3.947208112999760488e+00
3.000000000000000000e+01,5.070000000000000000e+02,3.400000000000000000e+01,1.990000000000000000e+02,1.030000000000000000e+02,9.371534195933456379e-01,7.181303116147308430e-01,7.518248175182481452e-01,1.726820299882092513e-02,3.366232059988760739e-01,0.000000000000000000e+00,3.474848558998019143e+00,8.290427199881378328e-02,3.939525213003435056e+00
4.000000000000000000e+01,5.460000000000000000e+02,3.600000000000000000e+01,1.600000000000000000e+02,1.010000000000000000e+02,9.381443298969072142e-01,7.733711048158640189e-01,7.372262773722627616e-01,2.046048699867242249e-02,3.431143529978726292e-01,0.000000000000000000e+00,3.356234614002460148e+00,8.295464000002539251e-02,3.832035792999704427e+00
5.000000000000000000e+01,5.550000000000000000e+02,3.800000000000000000e+01,1.510000000000000000e+02,9.900000000000000000e+01,9.359190556492411606e-01,7.861189801699717261e-01,7.226277372262773779e-01,1.678677799918659730e-02,3.431992950017956900e-01,0.000000000000000000e+00,3.283988480999141757e+00,8.351017300537932897e-02,3.757397231003778870e+00
6.000000000000000000e+01,5.400000000000000000e+02,3.900000000000000000e+01,1.660000000000000000e+02,9.800000000000000000e+01,9.326424870466321071e-01,7.648725212464588807e-01,7.153284671532846861e-01,1.735081899460055865e-02,3.435369020016878494e-01,0.000000000000000000e+00,3.182601969000643294e+00,8.337881100123922806e-02,3.655839416998787783e+00
7.000000000000000000e+01,5.480000000000000000e+02,3.500000000000000000e+01,1.580000000000000000e+02,1.020000000000000000e+02,9.399656946826757675e-01,7.762039660056657686e-01,7.445255474452554534e-01,1.693910700032574823e-02,3.455252950034264359e-01,0.000000000000000000e+00,3.135980459000165865e+00,8.485943600044265622e-02,3.613043685000775440e+00
8.000000000000000000e+01,5.570000000000000000e+02,3.900000000000000000e+01,1.490000000000000000e+02,9.800000000000000000e+01,9.345637583892617561e-01,7.889518413597733648e-01,7.153284671532846861e-01,1.825143600126466481e-02,3.541678669980683480e-01,0.000000000000000000e+00,3.111959133000709699e+00,8.750308300022879848e-02,3.602256633003889874e+00
9.000000000000000000e+01,5.650000000000000000e+02,3.900000000000000000e+01,1.410000000000000000e+02,9.800000000000000000e+01,9.354304635761588882e-01,8.002832861189801417e-01,7.153284671532846861e-01,1.923744899704615818e-02,3.851463099981629057e-01,0.000000000000000000e+00,3.322467909002625674e+00,1.005090919970825780e-01,3.862664953003331902e+00
1.000000000000000000e+02,5.640000000000000000e+02,3.900000000000000000e+01,1.420000000000000000e+02,9.800000000000000000e+01,9.353233830845770758e-01,7.988668555240793223e-01,7.153284671532846861e-01,1.918670999839378055e-02,3.827395349990183604e-01,0.000000000000000000e+00,3.207220299000255181e+00,9.850611799902253551e-02,3.742194336002285127e+00
1.100000000000000000e+02,5.700000000000000000e+02,3.400000000000000000e+01,1.360000000000000000e+02,1.030000000000000000e+02,9.437086092715232244e-01,8.073654390934844605e-01,7.518248175182481452e-01,1.796142899729602505e-02,3.514495509980406496e-01,0.000000000000000000e+00,2.864159634997122339e+00,8.742918800271581858e-02,3.352927313996588055e+00
1.200000000000000000e+02,5.790000000000000000e+02,3.500000000000000000e+01,1.270000000000000000e+02,1.020000000000000000e+02,9.429967426710097467e-01,8.201133144475920567e-01,7.445255474452554534e-01,1.765411399810545845e-02,3.660002260012333863e-01,0.000000000000000000e+00,2.897313048003525182e+00,8.744626400130073307e-02,3.400283758004661649e+00
1.300000000000000000e+02,5.810000000000000000e+02,3.500000000000000000e+01,1.250000000000000000e+02,1.020000000000000000e+02,9.431818181818182323e-01,8.229461756373938064e-01,7.445255474452554534e-01,1.691648699943471001e-02,3.539446359982321155e-01,0.000000000000000000e+00,2.908011158001500007e+00,8.797089699964999454e-02,3.400161557998217177e+00
1.400000000000000000e+02,5.890000000000000000e+02,3.400000000000000000e+01,1.170000000000000000e+02,1.030000000000000000e+02,9.454253611556981962e-01,8.342776203966005832e-01,7.518248175182481452e-01,1.738970400037942454e-02,3.557841130041197175e-01,0.000000000000000000e+00,2.700082628001837293e+00,8.794813999975303886e-02,3.193838829998639994e+00
1.500000000000000000e+02,5.940000000000000000e+02,4.000000000000000000e+01,1.120000000000000000e+02,9.700000000000000000e+01,9.369085173501576769e-01,8.413597733711047910e-01,7.080291970802919943e-01,1.903045800008840160e-02,3.482453330016141990e-01,0.000000000000000000e+00,2.585677499999292195e+00,8.357821000481635565e-02,3.068866244995660963e+00
1.600000000000000000e+02,6.090000000000000000e+02,4.100000000000000000e+01,9.700000000000000000e+01,9.600000000000000000e+01,9.369230769230769695e-01,8.626062322946175254e-01,7.007299270072993025e-01,1.679226799478783505e-02,3.419396009985575802e-01,0.000000000000000000e+00,2.469814628000676748e+00,8.275195000533130951e-02,2.942718145000071672e+00
1.700000000000000000e+02,6.080000000000000000e+02,4.100000000000000000e+01,9.800000000000000000e+01,9.600000000000000000e+01,9.368258859784283077e-01,8.611898016997167060e-01,7.007299270072993025e-01,1.731772600123804295e-02,3.419216890024472377e-01,0.000000000000000000e+00,2.390591688999847975e+00,8.055106599931605160e-02,2.862109306998718239e+00
1.800000000000000000e+02,6.040000000000000000e+02,3.900000000000000000e+01,1.020000000000000000e+02,9.800000000000000000e+01,9.393468118195956729e-01,8.555240793201133176e-01,7.153284671532846861e-01,1.718168100160255563e-02,3.385995360040396918e-01,0.000000000000000000e+00,2.297017220000270754e+00,7.999312599895347375e-02,2.764184448999003507e+00
1.900000000000000000e+02,5.980000000000000000e+02,3.500000000000000000e+01,1.080000000000000000e+02,1.020000000000000000e+02,9.447077409162717432e-01,8.470254957507081794e-01,7.445255474452554534e-01,1.685684400308673503e-02,3.370792100004109670e-01,0.000000000000000000e+00,2.297083799006031768e+00,7.987132499783911044e-02,2.761774227999012510e+00
2.000000000000000000e+02,5.950000000000000000e+02,3.300000000000000000e+01,1.110000000000000000e+02,1.040000000000000000e+02,9.474522292993630135e-01,8.427762039660056104e-01,7.591240875912408370e-01,1.812278399938804796e-02,3.412368740009696921e-01,0.000000000000000000e+00,2.205714486001852492e+00,8.010928800285910256e-02,2.675800775998141035e+00
2.100000000000000000e+02,6.000000000000000000e+02,3.900000000000000000e+01,1.060000000000000000e+02,9.800000000000000000e+01,9.389671361502347491e-01,8.498583569405099292e-01,7.153284671532846861e-01,1.695636200383887626e-02,3.434843919985723915e-01,0.000000000000000000e+00,2.202099299998735660e+00,8.142516800126031740e-02,2.675322979998782102e+00
2.200000000000000000e+02,6.100000000000000000e+02,4.000000000000000000e+01,9.600000000000000000e+01,9.700000000000000000e+01,9.384615384615384581e-01,8.640226628895184557e-01,7.080291970802919943e-01,1.672986300036427565e-02,3.410877580008673249e-01,0.000000000000000000e+00,2.145699124998827756e+00,8.097179400192544563e-02,2.615898568996271933e+00
2.300000000000000000e+02,6.150000000000000000e+02,4.100000000000000000e+01,9.100000000000000000e+01,9.600000000000000000e+01,9.375000000000000000e-01,8.711048158640226635e-01,7.007299270072993025e-01,1.826645700020890217e-02,3.427870220020849956e-01,0.000000000000000000e+00,2.114079818004029221e+00,8.150886700605042279e-02,2.589143132998287911e+00
2.400000000000000000e+02,6.220000000000000000e+02,4.500000000000000000e+01,8.400000000000000000e+01,9.200000000000000000e+01,9.325337331334332402e-01,8.810198300283286210e-01,6.715328467153284242e-01,1.762037400203553261e-02,3.447309219973249128e-01,0.000000000000000000e+00,2.103623828004856477e+00,8.000340799935656833e-02,2.578224326999588811e+00
2.500000000000000000e+02,6.190000000000000000e+02,4.500000000000000000e+01,8.700000000000000000e+01,9.200000000000000000e+01,9.322289156626506479e-01,8.767705382436260519e-01,6.715328467153284242e-01,1.718430100299883634e-02,3.411076789989238023e-01,0.000000000000000000e+00,2.115300772999944456e+00,8.344851499896321911e-02,2.590705496003465669e+00
2.600000000000000000e+02,6.250000000000000000e+02,4.500000000000000000e+01,8.100000000000000000e+01,9.200000000000000000e+01,9.328358208955224162e-01,8.852691218130311901e-01,6.715328467153284242e-01,1.911697200375783723e-02,3.591012539982330054e-01,0.000000000000000000e+00,2.051849229000254127e+00,8.402629599549982231e-02,2.546853512008055986e+00
2.700000000000000000e+02,6.210000000000000000e+02,4.600000000000000000e+01,8.500000000000000000e+01,9.100000000000000000e+01,9.310344827586206629e-01,8.796033994334278017e-01,6.642335766423357324e-01,1.676553199922636850e-02,3.478620559999399120e-01,0.000000000000000000e+00,1.976367381001182366e+00,8.247914000003220281e-02,2.456243366005764983e+00
2.800000000000000000e+02,6.230000000000000000e+02,4.600000000000000000e+01,8.300000000000000000e+01,9.100000000000000000e+01,9.312406576980567507e-01,8.824362606232294404e-01,6.642335766423357324e-01,1.779066700237308396e-02,3.532351280009606853e-01,0.000000000000000000e+00,1.932938575999287423e+00,8.203861800120648695e-02,2.418850020001627854e+00
2.900000000000000000e+02,6.230000000000000000e+02,4.800000000000000000e+01,8.300000000000000000e+01,8.900000000000000000e+01,9.284649776453055559e-01,8.824362606232294404e-01,6.496350364963503488e-01,1.902054399579355959e-02,3.661663579996456974e-01,0.000000000000000000e+00,2.043105009000100836e+00,8.690920000117330346e-02,2.549639239002317481e+00
3.000000000000000000e+02,6.260000000000000000e+02,4.700000000000000000e+01,8.000000000000000000e+01,9.000000000000000000e+01,9.301634472511144391e-01,8.866855524079320094e-01,6.569343065693430406e-01,1.699213200026861159e-02,3.675948159980180208e-01,0.000000000000000000e+00,1.953653932995621290e+00,8.697206600027129753e-02,2.459750128005907754e+00
3.100000000000000000e+02,6.260000000000000000e+02,4.700000000000000000e+01,8.000000000000000000e+01,9.000000000000000000e+01,9.301634472511144391e-01,8.866855524079320094e-01,6.569343065693430406e-01,2.032781000070826849e-02,3.791801999968811288e-01,0.000000000000000000e+00,2.119109080997077399e+00,9.379203500066068955e-02,2.650351890001729771e+00
3.200000000000000000e+02,6.330000000000000000e+02,4.800000000000000000e+01,7.300000000000000000e+01,8.900000000000000000e+01,9.295154185022026505e-01,8.966005665722379669e-01,6.496350364963503488e-01,2.112298599877249217e-02,4.318464119996860973e-01,0.000000000000000000e+00,2.388159239000742673e+00,1.082080310070523410e-01,2.993857644000854634e+00
3.300000000000000000e+02,6.340000000000000000e+02,5.000000000000000000e+01,7.200000000000000000e+01,8.700000000000000000e+01,9.269005847953216692e-01,8.980169971671387863e-01,6.350364963503649651e-01,1.950246599881211296e-02,3.914808620020266972e-01,0.000000000000000000e+00,1.980037679999441025e+00,9.181250099754834082e-02,2.520004725998660433e+00
3.400000000000000000e+02,6.210000000000000000e+02,4.400000000000000000e+01,8.500000000000000000e+01,9.300000000000000000e+01,9.338345864661654616e-01,8.796033994334278017e-01,6.788321167883211160e-01,1.837556699956621742e-02,3.744441480002933531e-01,0.000000000000000000e+00,2.235876199000813358e+00,9.104202500020619482e-02,2.756328996998490766e+00
3.500000000000000000e+02,6.220000000000000000e+02,4.400000000000000000e+01,8.400000000000000000e+01,9.300000000000000000e+01,9.339339339339339796e-01,8.810198300283286210e-01,6.788321167883211160e-01,1.911634699990827357e-02,3.573232330018072389e-01,0.000000000000000000e+00,1.932439659000010579e+00,8.611917400139645906e-02,2.428928237998661643e+00
3.600000000000000000e+02,6.130000000000000000e+02,4.300000000000000000e+01,9.300000000000000000e+01,9.400000000000000000e+01,9.344512195121951192e-01,8.682719546742209138e-01,6.861313868613139189e-01,1.692366200040851254e-02,3.439180469986240496e-01,0.000000000000000000e+00,1.840569264998521248e+00,8.315775799746916164e-02,2.317088143003275036e+00
3.700000000000000000e+02,6.220000000000000000e+02,5.000000000000000000e+01,8.400000000000000000e+01,8.700000000000000000e+01,9.255952380952381375e-01,8.810198300283286210e-01,6.350364963503649651e-01,1.695658399967214791e-02,3.536581170019417186e-01,0.000000000000000000e+00,1.696604269000999921e+00,8.493576000000757631e-02,2.185118099001556402e+00
3.800000000000000000e+02,6.300000000000000000e+02,5.000000000000000000e+01,7.600000000000000000e+01,8.700000000000000000e+01,9.264705882352941568e-01,8.923512747875353979e-01,6.350364963503649651e-01,1.789351400384475710e-02,3.459533129989722511e-01,0.000000000000000000e+00,1.680088115998842113e+00,8.127998300005856436e-02,2.157893080003304931e+00
3.900000000000000000e+02,6.320000000000000000e+02,4.900000000000000000e+01,7.400000000000000000e+01,8.800000000000000000e+01,9.280469897209985275e-01,8.951841359773371476e-01,6.423357664233576569e-01,1.672100000450882362e-02,3.444962049998139264e-01,0.000000000000000000e+00,1.669899259999510832e+00,8.188418400186492363e-02,2.145950764000190247e+00
4.000000000000000000e+02,6.330000000000000000e+02,5.000000000000000000e+01,7.300000000000000000e+01,8.700000000000000000e+01,9.267935578330893653e-01,8.966005665722379669e-01,6.350364963503649651e-01,2.027617299791018013e-02,3.632988219997059787e-01,0.000000000000000000e+00,1.717792238002402883e+00,8.569281999734812416e-02,2.222075568998661765e+00
4.100000000000000000e+02,6.320000000000000000e+02,4.900000000000000000e+01,7.400000000000000000e+01,8.800000000000000000e+01,9.280469897209985275e-01,8.951841359773371476e-01,6.423357664233576569e-01,1.781325700085290009e-02,3.585188180013574311e-01,0.000000000000000000e+00,1.608827781999025319e+00,8.269091399415628985e-02,2.101098678999733238e+00
4.200000000000000000e+02,6.340000000000000000e+02,4.700000000000000000e+01,7.200000000000000000e+01,9.000000000000000000e+01,9.309838472834067735e-01,8.980169971671387863e-01,6.569343065693430406e-01,1.736840100238623563e-02,3.442957949982883292e-01,0.000000000000000000e+00,1.597853266997844912e+00,8.103968699469987769e-02,2.074094142999456380e+00
4.300000000000000000e+02,6.370000000000000000e+02,5.100000000000000000e+01,6.900000000000000000e+01,8.600000000000000000e+01,9.258720930232557933e-01,9.022662889518413554e-01,6.277372262773722733e-01,1.888777000112895621e-02,3.718106879996412317e-01,0.000000000000000000e+00,1.708918718000859371e+00,8.535938100339990342e-02,2.219653078000192181e+00
4.400000000000000000e+02,6.350000000000000000e+02,5.200000000000000000e+01,7.100000000000000000e+01,8.500000000000000000e+01,9.243085880640465879e-01,8.994334277620396056e-01,6.204379562043795815e-01,1.683296500050346367e-02,3.523079160022462020e-01,0.000000000000000000e+00,1.567206727001575928e+00,8.207361400127410889e-02,2.052650395999989996e+00
4.500000000000000000e+02,6.310000000000000000e+02,5.000000000000000000e+01,7.500000000000000000e+01,8.700000000000000000e+01,9.265785609397944045e-01,8.937677053824362172e-01,6.350364963503649651e-01,1.976606100288336165e-02,3.947904270034996443e-01,0.000000000000000000e+00,1.832230336003703997e+00,9.648664099950110540e-02,2.382971842000188190e+00
4.600000000000000000e+02,6.320000000000000000e+02,5.000000000000000000e+01,7.400000000000000000e+01,8.700000000000000000e+01,9.266862170087976081e-01,8.951841359773371476e-01,6.350364963503649651e-01,1.883562699822505238e-02,3.926918590013883659e-01,0.000000000000000000e+00,1.750841353002215328e+00,9.524151699679350713e-02,2.296298942001158139e+00
4.700000000000000000e+02,6.300000000000000000e+02,5.000000000000000000e+01,7.600000000000000000e+01,8.700000000000000000e+01,9.264705882352941568e-01,8.923512747875353979e-01,6.350364963503649651e-01,1.770660599777329480e-02,3.554622560022835387e-01,0.000000000000000000e+00,1.457100836993959092e+00,8.360836100109736435e-02,1.947474716998840449e+00
4.800000000000000000e+02,6.320000000000000000e+02,4.900000000000000000e+01,7.400000000000000000e+01,8.800000000000000000e+01,9.280469897209985275e-01,8.951841359773371476e-01,6.423357664233576569e-01,1.694512199901510030e-02,3.476037659947905922e-01,0.000000000000000000e+00,1.421195255001293845e+00,8.375296299982437631e-02,1.903352832999189559e+00
4.900000000000000000e+02,6.350000000000000000e+02,4.900000000000000000e+01,7.100000000000000000e+01,8.800000000000000000e+01,9.283625730994151670e-01,8.994334277620396056e-01,6.423357664233576569e-01,1.784246999704919290e-02,3.482886750007310184e-01,0.000000000000000000e+00,1.400815025999690988e+00,8.147924199784029042e-02,1.882076174002577318e+00
5.000000000000000000e+02,6.340000000000000000e+02,4.600000000000000000e+01,7.200000000000000000e+01,9.100000000000000000e+01,9.323529411764706065e-01,8.980169971671387863e-01,6.642335766423357324e-01,1.717910599927563453e-02,3.477532130000327015e-01,0.000000000000000000e+00,1.385671360002561414e+00,8.209313500083226245e-02,1.865642251999815926e+00
5.100000000000000000e+02,6.290000000000000000e+02,4.500000000000000000e+01,7.700000000000000000e+01,9.200000000000000000e+01,9.332344213649851339e-01,8.909348441926345785e-01,6.715328467153284242e-01,2.075343699561926769e-02,3.752658379980857717e-01,0.000000000000000000e+00,1.545605916999193141e+00,8.970486000180244446e-02,2.068108333995951398e+00
5.200000000000000000e+02,6.330000000000000000e+02,4.700000000000000000e+01,7.300000000000000000e+01,9.000000000000000000e+01,9.308823529411764941e-01,8.966005665722379669e-01,6.569343065693430406e-01,1.758541299932403490e-02,3.692392329967333353e-01,0.000000000000000000e+00,1.438311515001259977e+00,8.618046199899254134e-02,1.947295571997528896e+00
5.300000000000000000e+02,6.340000000000000000e+02,4.600000000000000000e+01,7.200000000000000000e+01,9.100000000000000000e+01,9.323529411764706065e-01,8.980169971671387863e-01,6.642335766423357324e-01,1.678329899823438609e-02,3.595396949995119940e-01,0.000000000000000000e+00,1.385624861000906094e+00,8.440684799825248774e-02,1.881014265999510826e+00
5.400000000000000000e+02,6.340000000000000000e+02,4.900000000000000000e+01,7.200000000000000000e+01,8.800000000000000000e+01,9.282576866764274959e-01,8.980169971671387863e-01,6.423357664233576569e-01,2.096980100122891599e-02,4.077163379988633096e-01,0.000000000000000000e+00,1.761379406001651660e+00,9.770633299467590405e-02,2.328503269996872405e+00
5.500000000000000000e+02,6.310000000000000000e+02,4.800000000000000000e+01,7.500000000000000000e+01,8.900000000000000000e+01,9.293078055964654194e-01,8.937677053824362172e-01,6.496350364963503488e-01,1.701300499735225458e-02,3.731342149994816282e-01,0.000000000000000000e+00,1.447357478999947489e+00,9.028251300151168834e-02,1.964924209996752325e+00
5.600000000000000000e+02,6.310000000000000000e+02,4.900000000000000000e+01,7.500000000000000000e+01,8.800000000000000000e+01,9.279411764705882693e-01,8.937677053824362172e-01,6.423357664233576569e-01,1.659068100343574770e-02,3.567785970008117147e-01,0.000000000000000000e+00,1.388823137002873409e+00,8.425516899933427339e-02,1.881371945000864798e+00
5.700000000000000000e+02,6.320000000000000000e+02,5.000000000000000000e+01,7.400000000000000000e+01,8.700000000000000000e+01,9.266862170087976081e-01,8.951841359773371476e-01,6.350364963503649651e-01,1.800141400417487603e-02,3.480730570026935311e-01,0.000000000000000000e+00,1.309761342999991030e+00,8.145535099720291328e-02,1.790994018003402743e+00
5.800000000000000000e+02,6.290000000000000000e+02,5.300000000000000000e+01,7.700000000000000000e+01,8.400000000000000000e+01,9.222873900293254712e-01,8.909348441926345785e-01,6.131386861313868897e-01,1.921722799852432217e-02,3.592514239962838474e-01,0.000000000000000000e+00,1.368981549997442926e+00,8.418453400281578070e-02,1.866636365000886144e+00
5.900000000000000000e+02,6.300000000000000000e+02,5.300000000000000000e+01,7.600000000000000000e+01,8.400000000000000000e+01,9.224011713030746407e-01,8.923512747875353979e-01,6.131386861313868897e-01,1.706036400082666660e-02,3.565105730012874119e-01,0.000000000000000000e+00,1.305369034002069384e+00,8.397273800164839486e-02,1.796397169000556460e+00
6.000000000000000000e+02,6.340000000000000000e+02,5.300000000000000000e+01,7.200000000000000000e+01,8.400000000000000000e+01,9.228529839883551356e-01,8.980169971671387863e-01,6.131386861313868897e-01,1.668875099585420685e-02,3.541872269997838885e-01,0.000000000000000000e+00,1.307973221995780477e+00,8.350552500178309856e-02,1.797221723996699438e+00
6.100000000000000000e+02,6.350000000000000000e+02,5.400000000000000000e+01,7.100000000000000000e+01,8.300000000000000000e+01,9.216255442670536757e-01,8.994334277620396056e-01,6.058394160583941979e-01,1.679295800204272382e-02,3.584614709980087355e-01,0.000000000000000000e+00,1.296627525000985770e+00,8.477869599846599158e-02,1.790948199000922614e+00
6.200000000000000000e+02,6.360000000000000000e+02,5.400000000000000000e+01,7.000000000000000000e+01,8.300000000000000000e+01,9.217391304347826164e-01,9.008498583569405360e-01,6.058394160583941979e-01,1.703403699866612442e-02,3.399195029969632742e-01,0.000000000000000000e+00,1.255009476999475737e+00,8.024648300306580495e-02,1.725932816997556074e+00
6.300000000000000000e+02,6.370000000000000000e+02,5.400000000000000000e+01,6.900000000000000000e+01,8.300000000000000000e+01,9.218523878437048236e-01,9.022662889518413554e-01,6.058394160583941979e-01,1.860826400297810324e-02,3.480845479980416712e-01,0.000000000000000000e+00,1.274456508000184840e+00,8.087839699783216929e-02,1.756101496002884232e+00
6.400000000000000000e+02,6.330000000000000000e+02,5.400000000000000000e+01,7.300000000000000000e+01,8.300000000000000000e+01,9.213973799126637942e-01,8.966005665722379669e-01,6.058394160583941979e-01,1.810083499913162086e-02,3.435405019972677110e-01,0.000000000000000000e+00,1.230900385002314579e+00,8.101830699979473138e-02,1.707115121998867835e+00
6.500000000000000000e+02,6.330000000000000000e+02,5.300000000000000000e+01,7.300000000000000000e+01,8.400000000000000000e+01,9.227405247813410538e-01,8.966005665722379669e-01,6.131386861313868897e-01,1.729553999666677555e-02,3.470609070045611588e-01,0.000000000000000000e+00,1.248449941997023416e+00,8.175164800104539609e-02,1.727897238001787628e+00
6.600000000000000000e+02,6.330000000000000000e+02,5.300000000000000000e+01,7.300000000000000000e+01,8.400000000000000000e+01,9.227405247813410538e-01,8.966005665722379669e-01,6.131386861313868897e-01,1.677077800104598282e-02,3.441427830011889455e-01,0.000000000000000000e+00,1.220246221001616505e+00,8.029790000364300795e-02,1.694327141999565356e+00
6.700000000000000000e+02,6.320000000000000000e+02,5.300000000000000000e+01,7.400000000000000000e+01,8.400000000000000000e+01,9.226277372262773335e-01,8.951841359773371476e-01,6.131386861313868897e-01,1.797317599539383082e-02,3.505383890014854842e-01,0.000000000000000000e+00,1.220264553000561136e+00,8.244233899677055888e-02,1.704597766999540909e+00
6.800000000000000000e+02,6.410000000000000000e+02,5.500000000000000000e+01,6.500000000000000000e+01,8.200000000000000000e+01,9.209770114942529284e-01,9.079320113314447438e-01,5.985401459854015060e-01,1.845680400219862349e-02,3.462341869972078712e-01,0.000000000000000000e+00,1.215422475997002039e+00,8.215872800701617962e-02,1.696691043000100763e+00
6.900000000000000000e+02,6.400000000000000000e+02,5.400000000000000000e+01,6.600000000000000000e+01,8.300000000000000000e+01,9.221902017291065956e-01,9.065155807365439244e-01,6.058394160583941979e-01,1.773662800314923516e-02,3.691331459976936458e-01,0.000000000000000000e+00,1.397719664999385714e+00,8.759508999992249301e-02,1.908983133999754500e+00
7.000000000000000000e+02,6.360000000000000000e+02,5.500000000000000000e+01,7.000000000000000000e+01,8.200000000000000000e+01,9.204052098408104232e-01,9.008498583569405360e-01,5.985401459854015060e-01,1.819926700136420550e-02,3.574451859985856572e-01,0.000000000000000000e+00,1.245606835003854940e+00,8.486154899946996011e-02,1.740778663998753473e+00
7.100000000000000000e+02,6.300000000000000000e+02,5.500000000000000000e+01,7.600000000000000000e+01,8.200000000000000000e+01,9.197080291970802790e-01,8.923512747875353979e-01,5.985401459854015060e-01,1.693806900311756181e-02,3.476203810005245032e-01,0.000000000000000000e+00,1.221625217002838326e+00,8.065271400118945166e-02,1.700979138006005087e+00
7.200000000000000000e+02,6.340000000000000000e+02,5.800000000000000000e+01,7.200000000000000000e+01,7.900000000000000000e+01,9.161849710982659101e-01,8.980169971671387863e-01,5.766423357664233196e-01,1.941120299943577265e-02,4.248428070013687829e-01,0.000000000000000000e+00,1.609086361998379289e+00,1.047181969997836859e-01,2.202479152001615148e+00
7.300000000000000000e+02,6.430000000000000000e+02,5.800000000000000000e+01,6.300000000000000000e+01,7.900000000000000000e+01,9.172610556348074207e-01,9.107648725212464935e-01,5.766423357664233196e-01,1.776236200294079026e-02,3.487856310002825921e-01,0.000000000000000000e+00,1.237974094998207875e+00,8.366736299740296090e-02,1.723658156001874886e+00
7.400000000000000000e+02,6.420000000000000000e+02,5.600000000000000000e+01,6.400000000000000000e+01,8.100000000000000000e+01,9.197707736389685307e-01,9.093484419263455631e-01,5.912408759124088142e-01,1.777567900262511102e-02,3.574976450008762185e-01,0.000000000000000000e+00,1.282616958000289742e+00,8.767115500177169451e-02,1.781101778001357161e+00
7.500000000000000000e+02,6.410000000000000000e+02,5.600000000000000000e+01,6.500000000000000000e+01,8.100000000000000000e+01,9.196556671449067633e-01,9.079320113314447438e-01,5.912408759124088142e-01,1.874952500020299340e-02,3.843924669999978505e-01,0.000000000000000000e+00,1.332004626002344594e+00,9.103918400069233030e-02,1.864827759003674146e+00
7.600000000000000000e+02,6.400000000000000000e+02,5.700000000000000000e+01,6.600000000000000000e+01,8.000000000000000000e+01,9.182209469153514991e-01,9.065155807365439244e-01,5.839416058394160114e-01,1.812681500086910091e-02,3.594212520029032021e-01,0.000000000000000000e+00,1.237277052001445554e+00,8.211607399880449520e-02,1.732582770002409234e+00
7.700000000000000000e+02,6.380000000000000000e+02,5.900000000000000000e+01,6.800000000000000000e+01,7.800000000000000000e+01,9.153515064562410819e-01,9.036827195467421747e-01,5.693430656934306278e-01,1.877832000263879308e-02,4.114964820000750478e-01,0.000000000000000000e+00,1.645720002002235560e+00,1.015769600026033004e-01,2.219250527000440343e+00
7.800000000000000000e+02,6.340000000000000000e+02,5.700000000000000000e+01,7.200000000000000000e+01,8.000000000000000000e+01,9.175108538350217335e-01,8.980169971671387863e-01,5.839416058394160114e-01,2.042777199949341593e-02,4.246029589985482744e-01,0.000000000000000000e+00,1.430297781998888240e+00,1.044301979945885250e-01,2.023139065999203012e+00
7.900000000000000000e+02,6.330000000000000000e+02,5.700000000000000000e+01,7.300000000000000000e+01,8.000000000000000000e+01,9.173913043478261198e-01,8.966005665722379669e-01,5.839416058394160114e-01,1.758381099898542743e-02,3.609246859996346757e-01,0.000000000000000000e+00,1.202204284997606010e+00,8.815137900364788948e-02,1.705801071996575047e+00
8.000000000000000000e+02,6.340000000000000000e+02,5.700000000000000000e+01,7.200000000000000000e+01,8.000000000000000000e+01,9.175108538350217335e-01,8.980169971671387863e-01,5.839416058394160114e-01,1.891847999468154740e-02,3.600882569980967673e-01,0.000000000000000000e+00,1.229168196998216445e+00,8.567054800187179353e-02,1.729254179998861218e+00
8.100000000000000000e+02,6.400000000000000000e+02,5.800000000000000000e+01,6.600000000000000000e+01,7.900000000000000000e+01,9.169054441260745536e-01,9.065155807365439244e-01,5.766423357664233196e-01,1.819067800079210429e-02,3.600161830008801189e-01,0.000000000000000000e+00,1.165059784993900394e+00,8.384741799454786815e-02,1.661930945995663933e+00
8.200000000000000000e+02,6.360000000000000000e+02,6.100000000000000000e+01,7.000000000000000000e+01,7.600000000000000000e+01,9.124820659971305536e-01,9.008498583569405360e-01,5.547445255474452441e-01,1.803268799812940415e-02,3.532091560000480968e-01,0.000000000000000000e+00,1.121360260001893039e+00,8.258953300537541509e-02,1.609967865002545295e+00
8.300000000000000000e+02,6.330000000000000000e+02,5.900000000000000000e+01,7.300000000000000000e+01,7.800000000000000000e+01,9.147398843930635293e-01,8.966005665722379669e-01,5.693430656934306278e-01,1.649673600422829622e-02,3.535400040000240551e-01,0.000000000000000000e+00,1.168903986002078454e+00,8.191394699770171428e-02,1.656418050001775555e+00
8.400000000000000000e+02,6.320000000000000000e+02,6.000000000000000000e+01,7.400000000000000000e+01,7.700000000000000000e+01,9.132947976878612595e-01,8.951841359773371476e-01,5.620437956204379359e-01,1.836168100089707877e-02,3.533275830022830633e-01,0.000000000000000000e+00,1.166955177001909760e+00,8.337887300513102673e-02,1.656824733999201271e+00
8.500000000000000000e+02,6.320000000000000000e+02,6.100000000000000000e+01,7.400000000000000000e+01,7.600000000000000000e+01,9.119769119769119969e-01,8.951841359773371476e-01,5.547445255474452441e-01,1.698991300145280547e-02,3.513384799980485695e-01,0.000000000000000000e+00,1.138246726999568637e+00,8.095220699669880560e-02,1.621957616998770391e+00
8.600000000000000000e+02,6.300000000000000000e+02,6.100000000000000000e+01,7.600000000000000000e+01,7.600000000000000000e+01,9.117221418234442432e-01,8.923512747875353979e-01,5.547445255474452441e-01,1.870867600064229919e-02,3.538717030005500419e-01,0.000000000000000000e+00,1.161776261996237736e+00,8.496390900199912721e-02,1.654363077000198246e+00
8.700000000000000000e+02,6.260000000000000000e+02,5.800000000000000000e+01,8.000000000000000000e+01,7.900000000000000000e+01,9.152046783625731319e-01,8.866855524079320094e-01,5.766423357664233196e-01,1.762946700182510540e-02,3.490604619983059820e-01,0.000000000000000000e+00,1.096417414003553858e+00,8.177121900007477961e-02,1.579540685000210942e+00
8.800000000000000000e+02,6.300000000000000000e+02,5.900000000000000000e+01,7.600000000000000000e+01,7.800000000000000000e+01,9.143686502177068576e-01,8.923512747875353979e-01,5.693430656934306278e-01,1.664946899745700648e-02,3.484389440018276218e-01,0.000000000000000000e+00,1.097894027001530048e+00,8.039150199965661159e-02,1.577542515998175077e+00
8.900000000000000000e+02,6.310000000000000000e+02,5.900000000000000000e+01,7.500000000000000000e+01,7.800000000000000000e+01,9.144927536231883813e-01,8.937677053824362172e-01,5.693430656934306278e-01,1.808884400452370755e-02,3.567429490003632964e-01,0.000000000000000000e+00,1.139229040997634002e+00,8.306410600016533863e-02,1.632056960999761941e+00
9.000000000000000000e+02,6.260000000000000000e+02,5.700000000000000000e+01,8.000000000000000000e+01,8.000000000000000000e+01,9.165446559297217854e-01,8.866855524079320094e-01,5.839416058394160114e-01,1.771620000090479152e-02,3.533098679999966407e-01,0.000000000000000000e+00,1.117676259999825561e+00,8.437452700400172034e-02,1.608140457999979844e+00
9.100000000000000000e+02,6.340000000000000000e+02,6.000000000000000000e+01,7.200000000000000000e+01,7.700000000000000000e+01,9.135446685878962914e-01,8.980169971671387863e-01,5.620437956204379359e-01,1.875303899942082353e-02,3.537871310008995351e-01,0.000000000000000000e+00,1.084119401001771621e+00,8.483968299606203800e-02,1.577218750000611180e+00
9.200000000000000000e+02,6.280000000000000000e+02,5.800000000000000000e+01,7.800000000000000000e+01,7.900000000000000000e+01,9.154518950437318114e-01,8.895184135977337592e-01,5.766423357664233196e-01,1.706935300080658635e-02,3.577156129995273659e-01,0.000000000000000000e+00,1.117534094997608918e+00,8.419354399757139618e-02,1.611935365998760972e+00
9.300000000000000000e+02,6.280000000000000000e+02,5.900000000000000000e+01,7.800000000000000000e+01,7.800000000000000000e+01,9.141193595342066436e-01,8.895184135977337592e-01,5.693430656934306278e-01,1.727567800116958097e-02,3.472187150018726243e-01,0.000000000000000000e+00,1.189524724997681915e+00,8.175466000284359325e-02,1.670293051997759903e+00
9.400000000000000000e+02,6.350000000000000000e+02,6.000000000000000000e+01,7.100000000000000000e+01,7.700000000000000000e+01,9.136690647482014205e-01,8.994334277620396056e-01,5.620437956204379359e-01,1.719545900323282694e-02,3.464321349983947584e-01,0.000000000000000000e+00,1.031053315004101023e+00,7.922002699706354178e-02,1.508377008002753428e+00
9.500000000000000000e+02,6.350000000000000000e+02,6.000000000000000000e+01,7.100000000000000000e+01,7.700000000000000000e+01,9.136690647482014205e-01,8.994334277620396056e-01,5.620437956204379359e-01,1.809925700035819318e-02,3.614614840016656672e-01,0.000000000000000000e+00,1.074747515000126441e+00,8.304968399806966772e-02,1.572815663005712850e+00
9.600000000000000000e+02,6.340000000000000000e+02,6.000000000000000000e+01,7.200000000000000000e+01,7.700000000000000000e+01,9.135446685878962914e-01,8.980169971671387863e-01,5.620437956204379359e-01,1.671362700380996102e-02,3.569967959992936812e-01,0.000000000000000000e+00,1.083493389997784107e+00,8.369009899979573674e-02,1.575853636994906992e+00
9.700000000000000000e+02,6.360000000000000000e+02,6.000000000000000000e+01,7.000000000000000000e+01,7.700000000000000000e+01,9.137931034482759118e-01,9.008498583569405360e-01,5.620437956204379359e-01,1.711268199960613856e-02,3.667167429985056515e-01,0.000000000000000000e+00,1.079351460999532719e+00,8.792400099719088757e-02,1.587426399001742539e+00
9.800000000000000000e+02,6.360000000000000000e+02,6.000000000000000000e+01,7.000000000000000000e+01,7.700000000000000000e+01,9.137931034482759118e-01,9.008498583569405360e-01,5.620437956204379359e-01,1.942377799696259899e-02,3.575306419998014462e-01,0.000000000000000000e+00,1.064931927000543510e+00,8.406731800096167717e-02,1.562579047001236177e+00
9.900000000000000000e+02,6.290000000000000000e+02,5.900000000000000000e+01,7.700000000000000000e+01,7.800000000000000000e+01,9.142441860465115866e-01,8.909348441926345785e-01,5.693430656934306278e-01,1.904587199715024326e-02,3.992538919974322198e-01,0.000000000000000000e+00,1.478591994005000743e+00,9.810939399812923511e-02,2.035862720000295667e+00
1.000000000000000000e+03,6.290000000000000000e+02,5.800000000000000000e+01,7.700000000000000000e+01,7.900000000000000000e+01,9.155749636098980959e-01,8.909348441926345785e-01,5.766423357664233196e-01,2.012241000102221733e-02,3.823364510008104844e-01,0.000000000000000000e+00,1.232122831999731716e+00,9.284888199817942223e-02,1.764556871999957366e+00
1.010000000000000000e+03,6.210000000000000000e+02,5.800000000000000000e+01,8.500000000000000000e+01,7.900000000000000000e+01,9.145802650957289837e-01,8.796033994334278017e-01,5.766423357664233196e-01,1.848141000209579943e-02,3.627009710025959066e-01,0.000000000000000000e+00,1.149736620999647130e+00,8.692132400392438285e-02,1.653489390000686399e+00
1.020000000000000000e+03,6.230000000000000000e+02,5.600000000000000000e+01,8.300000000000000000e+01,8.100000000000000000e+01,9.175257731958762486e-01,8.824362606232294404e-01,5.912408759124088142e-01,2.008383200245589251e-02,3.528077270029825740e-01,0.000000000000000000e+00,1.111364017997402698e+00,8.385901200199441519e-02,1.604408330998012389e+00
1.030000000000000000e+03,6.250000000000000000e+02,5.600000000000000000e+01,8.100000000000000000e+01,8.100000000000000000e+01,9.177679882525697774e-01,8.852691218130311901e-01,5.912408759124088142e-01,1.753336400088301161e-02,3.572148100029153284e-01,0.000000000000000000e+00,1.089958390002720989e+00,8.528820199808251346e-02,1.585577551999449497e+00
1.040000000000000000e+03,6.270000000000000000e+02,5.700000000000000000e+01,7.900000000000000000e+01,8.000000000000000000e+01,9.166666666666666297e-01,8.881019830028328288e-01,5.839416058394160114e-01,1.737754700388904894e-02,3.501683009990301798e-01,0.000000000000000000e+00,1.028333597999335325e+00,8.539825600018957630e-02,1.517419728000277246e+00
1.050000000000000000e+03,6.320000000000000000e+02,5.600000000000000000e+01,7.400000000000000000e+01,8.100000000000000000e+01,9.186046511627906641e-01,8.951841359773371476e-01,5.912408759124088142e-01,1.815155900294485036e-02,3.506912079983521835e-01,0.000000000000000000e+00,1.027214627001740155e+00,8.305296699927566806e-02,1.514568533002602635e+00
1.060000000000000000e+03,6.330000000000000000e+02,5.600000000000000000e+01,7.300000000000000000e+01,8.100000000000000000e+01,9.187227866473149929e-01,8.966005665722379669e-01,5.912408759124088142e-01,1.834855199831508799e-02,3.560428830005548662e-01,0.000000000000000000e+00,1.031907145999866771e+00,8.403826800076785730e-02,1.527023343001019384e+00
1.070000000000000000e+03,6.310000000000000000e+02,5.600000000000000000e+01,7.500000000000000000e+01,8.100000000000000000e+01,9.184861717612808896e-01,8.937677053824362172e-01,5.912408759124088142e-01,1.863528099966060836e-02,3.586545179960012319e-01,0.000000000000000000e+00,1.012152578000495851e+00,8.533224499842617661e-02,1.511390193999432086e+00
1.080000000000000000e+03,6.310000000000000000e+02,5.600000000000000000e+01,7.500000000000000000e+01,8.100000000000000000e+01,9.184861717612808896e-01,8.937677053824362172e-01,5.912408759124088142e-01,1.804084700324892765e-02,3.634420329999556998e-01,0.000000000000000000e+00,1.048699018998377142e+00,8.673699000064516440e-02,1.553015040999525809e+00
1.090000000000000000e+03,6.310000000000000000e+02,5.600000000000000000e+01,7.500000000000000000e+01,8.100000000000000000e+01,9.184861717612808896e-01,8.937677053824362172e-01,5.912408759124088142e-01,1.771131800433067838e-02,3.652168649987288518e-01,0.000000000000000000e+00,1.014619805998336233e+00,8.489238700076384703e-02,1.518119970001862384e+00
1.100000000000000000e+03,6.300000000000000000e+02,5.700000000000000000e+01,7.600000000000000000e+01,8.000000000000000000e+01,9.170305676855895483e-01,8.923512747875353979e-01,5.839416058394160114e-01,1.732362900020234520e-02,3.530444900025031529e-01,0.000000000000000000e+00,9.621256069985975046e-01,8.186143100374465575e-02,1.449729614000716538e+00
1.110000000000000000e+03,6.350000000000000000e+02,6.100000000000000000e+01,7.100000000000000000e+01,7.600000000000000000e+01,9.123563218390804419e-01,8.994334277620396056e-01,5.547445255474452441e-01,1.730154400229366729e-02,3.467042119991674554e-01,0.000000000000000000e+00,9.409703380006249063e-01,8.157220099838013994e-02,1.421479226004521479e+00
1.120000000000000000e+03,6.350000000000000000e+02,5.900000000000000000e+01,7.100000000000000000e+01,7.800000000000000000e+01,9.149855907780979347e-01,8.994334277620396056e-01,5.693430656934306278e-01,1.826722999976482242e-02,3.586228359990855097e-01,0.000000000000000000e+00,1.003709294001964736e+00,8.537452299970027525e-02,1.502345450999200693e+00
1.130000000000000000e+03,6.350000000000000000e+02,5.900000000000000000e+01,7.100000000000000000e+01,7.800000000000000000e+01,9.149855907780979347e-01,8.994334277620396056e-01,5.693430656934306278e-01,1.884292999875469832e-02,3.658266889988226467e-01,0.000000000000000000e+00,9.997325410004123114e-01,8.777988500241917791e-02,1.510555126997132902e+00
1.140000000000000000e+03,6.360000000000000000e+02,6.000000000000000000e+01,7.000000000000000000e+01,7.700000000000000000e+01,9.137931034482759118e-01,9.008498583569405360e-01,5.620437956204379359e-01,1.944991200252843555e-02,3.959070660021097865e-01,0.000000000000000000e+00,1.167620848002115963e+00,9.555470800023613265e-02,1.717559209002502030e+00
1.150000000000000000e+03,6.370000000000000000e+02,6.000000000000000000e+01,6.900000000000000000e+01,7.700000000000000000e+01,9.139167862266858178e-01,9.022662889518413554e-01,5.620437956204379359e-01,2.123816300263570156e-02,4.101927599967893912e-01,0.000000000000000000e+00,1.164465427002141951e+00,1.004536020018349518e-01,1.738266630000907753e+00
1.160000000000000000e+03,6.310000000000000000e+02,5.900000000000000000e+01,7.500000000000000000e+01,7.800000000000000000e+01,9.144927536231883813e-01,8.937677053824362172e-01,5.693430656934306278e-01,1.698619100170617457e-02,3.708113010034139734e-01,0.000000000000000000e+00,9.913891799988050479e-01,8.785494800395099446e-02,1.503714909996233473e+00
1.170000000000000000e+03,6.310000000000000000e+02,5.900000000000000000e+01,7.500000000000000000e+01,7.800000000000000000e+01,9.144927536231883813e-01,8.937677053824362172e-01,5.693430656934306278e-01,2.023952399849804351e-02,4.013867930007108953e-01,0.000000000000000000e+00,1.208456341997589334e+00,1.024655569972310332e-01,1.775186511998981587e+00
1.180000000000000000e+03,6.280000000000000000e+02,6.000000000000000000e+01,7.800000000000000000e+01,7.700000000000000000e+01,9.127906976744185608e-01,8.895184135977337592e-01,5.620437956204379359e-01,1.748227299958671210e-02,3.554280800017295405e-01,0.000000000000000000e+00,9.288916159939617501e-01,8.288937800261919620e-02,1.420492676998946990e+00
1.190000000000000000e+03,6.280000000000000000e+02,6.000000000000000000e+01,7.800000000000000000e+01,7.700000000000000000e+01,9.127906976744185608e-01,8.895184135977337592e-01,5.620437956204379359e-01,2.030963699871790595e-02,3.787106520021552569e-01,0.000000000000000000e+00,1.026513957000133814e+00,8.812908600339142140e-02,1.551787600999887218e+00
1.200000000000000000e+03,6.280000000000000000e+02,5.900000000000000000e+01,7.800000000000000000e+01,7.800000000000000000e+01,9.141193595342066436e-01,8.895184135977337592e-01,5.693430656934306278e-01,2.322302499760553474e-02,4.421050960017964826e-01,0.000000000000000000e+00,1.483965796001939452e+00,1.105121920018063975e-01,2.107990875003451947e+00
1.210000000000000000e+03,6.290000000000000000e+02,5.900000000000000000e+01,7.700000000000000000e+01,7.800000000000000000e+01,9.142441860465115866e-01,8.909348441926345785e-01,5.693430656934306278e-01,1.815901700319955125e-02,3.936456409992388217e-01,0.000000000000000000e+00,1.052006142999744043e+00,9.424769400538934860e-02,1.598774912999942899e+00
1.220000000000000000e+03,6.290000000000000000e+02,5.900000000000000000e+01,7.700000000000000000e+01,7.800000000000000000e+01,9.142441860465115866e-01,8.909348441926345785e-01,5.693430656934306278e-01,1.842315599787980318e-02,3.624469670012331335e-01,0.000000000000000000e+00,9.778904229979161755e-01,8.700031000444141682e-02,1.482668347998696845e+00
1.230000000000000000e+03,6.300000000000000000e+02,5.700000000000000000e+01,7.600000000000000000e+01,8.000000000000000000e+01,9.170305676855895483e-01,8.923512747875353979e-01,5.839416058394160114e-01,2.131360400017001666e-02,4.339692300018214155e-01,0.000000000000000000e+00,1.140483584003050055e+00,1.053527750000284868e-01,1.745503938002912037e+00
1.240000000000000000e+03,6.350000000000000000e+02,6.000000000000000000e+01,7.100000000000000000e+01,7.700000000000000000e+01,9.136690647482014205e-01,8.994334277620396056e-01,5.620437956204379359e-01,1.772632599659118569e-02,3.552678759979244205e-01,0.000000000000000000e+00,9.054832550045830430e-01,8.037568200234090909e-02,1.394609513000432344e+00
1.250000000000000000e+03,6.350000000000000000e+02,6.000000000000000000e+01,7.100000000000000000e+01,7.700000000000000000e+01,9.136690647482014205e-01,8.994334277620396056e-01,5.620437956204379359e-01,1.768243900187371764e-02,3.424638309988949914e-01,0.000000000000000000e+00,8.892375990035361610e-01,8.049742000184778590e-02,1.365625720995922165e+00
1.260000000000000000e+03,6.350000000000000000e+02,6.000000000000000000e+01,7.100000000000000000e+01,7.700000000000000000e+01,9.136690647482014205e-01,8.994334277620396056e-01,5.620437956204379359e-01,1.790050999534287257e-02,3.607839069945839583e-01,0.000000000000000000e+00,9.237708889977511717e-01,8.374383099635451799e-02,1.422622536995731934e+00
1.270000000000000000e+03,6.380000000000000000e+02,6.400000000000000000e+01,6.800000000000000000e+01,7.300000000000000000e+01,9.088319088319087857e-01,9.036827195467421747e-01,5.328467153284671687e-01,1.721925499714416219e-02,3.625670489991534851e-01,0.000000000000000000e+00,9.436742259986203862e-01,8.605295900451892521e-02,1.446785827997700835e+00
1.280000000000000000e+03,6.290000000000000000e+02,6.300000000000000000e+01,7.700000000000000000e+01,7.400000000000000000e+01,9.089595375722543391e-01,8.909348441926345785e-01,5.401459854014598605e-01,1.820748100089986110e-02,3.562238530003014603e-01,0.000000000000000000e+00,9.051664340013303445e-01,8.211199499692156678e-02,1.396985414002301695e+00
1.290000000000000000e+03,6.310000000000000000e+02,6.300000000000000000e+01,7.500000000000000000e+01,7.400000000000000000e+01,9.092219020172910282e-01,8.937677053824362172e-01,5.401459854014598605e-01,1.840650799840659602e-02,3.425857920010457747e-01,0.000000000000000000e+00,8.654422640001939726e-01,7.965950100242480403e-02,1.341527655002209940e+00
1.300000000000000000e+03,6.310000000000000000e+02,6.300000000000000000e+01,7.500000000000000000e+01,7.400000000000000000e+01,9.092219020172910282e-01,8.937677053824362172e-01,5.401459854014598605e-01,1.769001199863851070e-02,3.516505469997355249e-01,0.000000000000000000e+00,8.755504559985638480e-01,7.950252199952956289e-02,1.360135895998610067e+00
1.310000000000000000e+03,6.350000000000000000e+02,6.300000000000000000e+01,7.100000000000000000e+01,7.400000000000000000e+01,9.097421203438394999e-01,8.994334277620396056e-01,5.401459854014598605e-01,1.745561899861058919e-02,3.462582419952013879e-01,0.000000000000000000e+00,8.527577320010095718e-01,7.914183399589092005e-02,1.330762232001688972e+00
1.320000000000000000e+03,6.370000000000000000e+02,6.400000000000000000e+01,6.900000000000000000e+01,7.300000000000000000e+01,9.087018544935806519e-01,9.022662889518413554e-01,5.328467153284671687e-01,1.766028199836000567e-02,3.449573879961462808e-01,0.000000000000000000e+00,8.349472689997128327e-01,7.808528400164505001e-02,1.310249749004469777e+00
1.330000000000000000e+03,6.330000000000000000e+02,6.200000000000000000e+01,7.300000000000000000e+01,7.500000000000000000e+01,9.107913669064747753e-01,8.966005665722379669e-01,5.474452554744525523e-01,1.736525400065147551e-02,3.457785989949115901e-01,0.000000000000000000e+00,8.420547430005171918e-01,7.960461100446991622e-02,1.318883190000633476e+00
1.340000000000000000e+03,6.330000000000000000e+02,6.200000000000000000e+01,7.300000000000000000e+01,7.500000000000000000e+01,9.107913669064747753e-01,8.966005665722379669e-01,5.474452554744525523e-01,1.894789100151683670e-02,3.487199759974828339e-01,0.000000000000000000e+00,8.507661319999897387e-01,8.132241400198836345e-02,1.335109398001804948e+00
1.350000000000000000e+03,6.330000000000000000e+02,6.000000000000000000e+01,7.300000000000000000e+01,7.700000000000000000e+01,9.134199134199134651e-01,8.966005665722379669e-01,5.620437956204379359e-01,1.666532599756465061e-02,3.441942330009624129e-01,0.000000000000000000e+00,8.258259140011432464e-01,7.777121199978864752e-02,1.298425307998513745e+00
1.360000000000000000e+03,6.310000000000000000e+02,6.000000000000000000e+01,7.500000000000000000e+01,7.700000000000000000e+01,9.131693198263386435e-01,8.937677053824362172e-01,5.620437956204379359e-01,1.688845099852187559e-02,3.449345479939438519e-01,0.000000000000000000e+00,8.140695280017098412e-01,7.739907199993467657e-02,1.287262887000906630e+00
1.370000000000000000e+03,6.280000000000000000e+02,5.700000000000000000e+01,7.800000000000000000e+01,8.000000000000000000e+01,9.167883211678832245e-01,8.895184135977337592e-01,5.839416058394160114e-01,1.802508200125885196e-02,3.505563450034969719e-01,0.000000000000000000e+00,8.873334919999251724e-01,7.931436199669406051e-02,1.369994009001857194e+00
1.380000000000000000e+03,6.270000000000000000e+02,5.900000000000000000e+01,7.900000000000000000e+01,7.800000000000000000e+01,9.139941690962098964e-01,8.881019830028328288e-01,5.693430656934306278e-01,1.725488800275343237e-02,3.580248230027791578e-01,0.000000000000000000e+00,8.577946410005097277e-01,8.247077799933322240e-02,1.351146828998025740e+00
1.390000000000000000e+03,6.300000000000000000e+02,6.100000000000000000e+01,7.600000000000000000e+01,7.600000000000000000e+01,9.117221418234442432e-01,8.923512747875353979e-01,5.547445255474452441e-01,1.797747599903232185e-02,3.433356890009235940e-01,0.000000000000000000e+00,8.158385649976480636e-01,7.779446099721099017e-02,1.289250572999662836e+00
1.400000000000000000e+03,6.300000000000000000e+02,6.200000000000000000e+01,7.600000000000000000e+01,7.500000000000000000e+01,9.104046242774566089e-01,8.923512747875353979e-01,5.474452554744525523e-01,1.688024799750564853e-02,3.441983979982978781e-01,0.000000000000000000e+00,8.076773260027039214e-01,7.682904199737095041e-02,1.280290040000181762e+00
1.410000000000000000e+03,6.380000000000000000e+02,6.500000000000000000e+01,6.800000000000000000e+01,7.200000000000000000e+01,9.075391180654338585e-01,9.036827195467421747e-01,5.255474452554744769e-01,1.758777400300459703e-02,3.594731900002443581e-01,0.000000000000000000e+00,8.726837030017122743e-01,8.649148699987563305e-02,1.373305238998000277e+00
1.420000000000000000e+03,6.440000000000000000e+02,6.400000000000000000e+01,6.200000000000000000e+01,7.300000000000000000e+01,9.096045197740112442e-01,9.121813031161473129e-01,5.328467153284671687e-01,1.662374700117652537e-02,3.581691039989891578e-01,0.000000000000000000e+00,8.692177739976614248e-01,8.421808199818769936e-02,1.364925996002966713e+00
1.430000000000000000e+03,6.450000000000000000e+02,6.400000000000000000e+01,6.100000000000000000e+01,7.300000000000000000e+01,9.097320169252468558e-01,9.135977337110481322e-01,5.328467153284671687e-01,1.787777700155857019e-02,3.720151939969582600e-01,0.000000000000000000e+00,9.273271979991477565e-01,8.668759899774158839e-02,1.441438385006222234e+00
1.440000000000000000e+03,6.450000000000000000e+02,6.400000000000000000e+01,6.100000000000000000e+01,7.300000000000000000e+01,9.097320169252468558e-01,9.135977337110481322e-01,5.328467153284671687e-01,1.687907400173571659e-02,3.550379900007101241e-01,0.000000000000000000e+00,8.516001260040866327e-01,8.158977299990510801e-02,1.341065786999024567e+00
1.450000000000000000e+03,6.450000000000000000e+02,6.400000000000000000e+01,6.100000000000000000e+01,7.300000000000000000e+01,9.097320169252468558e-01,9.135977337110481322e-01,5.328467153284671687e-01,1.716458100054296665e-02,3.440051210009187344e-01,0.000000000000000000e+00,8.162595979993056972e-01,7.790758099963568384e-02,1.290158010999221005e+00
1.460000000000000000e+03,6.400000000000000000e+02,6.300000000000000000e+01,6.600000000000000000e+01,7.400000000000000000e+01,9.103840682788051364e-01,9.065155807365439244e-01,5.401459854014598605e-01,1.699391300280694850e-02,3.468386310005371342e-01,0.000000000000000000e+00,8.178572220003843540e-01,7.883005699932255084e-02,1.295535025002209295e+00
1.470000000000000000e+03,6.370000000000000000e+02,6.000000000000000000e+01,6.900000000000000000e+01,7.700000000000000000e+01,9.139167862266858178e-01,9.022662889518413554e-01,5.620437956204379359e-01,2.183663500090915477e-02,3.988731279996500234e-01,0.000000000000000000e+00,1.116786604001390515e+00,9.318298999733087840e-02,1.671631085997432820e+00
1.480000000000000000e+03,6.390000000000000000e+02,6.000000000000000000e+01,6.700000000000000000e+01,7.700000000000000000e+01,9.141630901287554067e-01,9.050991501416431051e-01,5.620437956204379359e-01,1.810883200050739106e-02,3.884490049977102899e-01,0.000000000000000000e+00,9.739958869995462010e-01,9.201363500051229494e-02,1.512369921998470090e+00
1.490000000000000000e+03,6.340000000000000000e+02,6.000000000000000000e+01,7.200000000000000000e+01,7.700000000000000000e+01,9.135446685878962914e-01,8.980169971671387863e-01,5.620437956204379359e-01,1.919806200294260634e-02,3.522455999955127481e-01,0.000000000000000000e+00,8.344050510004308308e-01,8.118134400046983501e-02,1.322009575002084603e+00
1.500000000000000000e+03,6.260000000000000000e+02,5.600000000000000000e+01,8.000000000000000000e+01,8.100000000000000000e+01,9.178885630498533343e-01,8.866855524079320094e-01,5.912408759124088142e-01,1.673155499884160236e-02,3.390060140009154566e-01,0.000000000000000000e+00,7.959345720028068172e-01,7.724215199777972884e-02,1.262827143000322394e+00
1.510000000000000000e+03,6.200000000000000000e+02,5.600000000000000000e+01,8.600000000000000000e+01,8.100000000000000000e+01,9.171597633136094885e-01,8.781869688385268713e-01,5.912408759124088142e-01,1.697352799783402588e-02,3.545876299986048252e-01,0.000000000000000000e+00,8.563607189944377751e-01,8.414902899858134333e-02,1.348025276001862949e+00
1.520000000000000000e+03,6.260000000000000000e+02,5.700000000000000000e+01,8.000000000000000000e+01,8.000000000000000000e+01,9.165446559297217854e-01,8.866855524079320094e-01,5.839416058394160114e-01,1.707565299784619128e-02,3.532449569984237314e-01,0.000000000000000000e+00,8.166564420025679283e-01,8.226566000121238176e-02,1.304127774998960376e+00
1.530000000000000000e+03,6.260000000000000000e+02,5.700000000000000000e+01,8.000000000000000000e+01,8.000000000000000000e+01,9.165446559297217854e-01,8.866855524079320094e-01,5.839416058394160114e-01,1.779037300275376765e-02,3.709251780028353096e-01,0.000000000000000000e+00,9.142624889955186518e-01,8.937307600081112469e-02,1.431222707001325034e+00
1.540000000000000000e+03,6.260000000000000000e+02,5.700000000000000000e+01,8.000000000000000000e+01,8.000000000000000000e+01,9.165446559297217854e-01,8.866855524079320094e-01,5.839416058394160114e-01,1.768511000227590557e-02,3.618707659998108284e-01,0.000000000000000000e+00,8.652788749986939365e-01,8.523125899500882952e-02,1.366293791000316560e+00
1.550000000000000000e+03,6.270000000000000000e+02,5.700000000000000000e+01,7.900000000000000000e+01,8.000000000000000000e+01,9.166666666666666297e-01,8.881019830028328288e-01,5.839416058394160114e-01,1.868983899839804508e-02,3.864795509980467614e-01,0.000000000000000000e+00,9.065057229990998167e-01,8.923260499977914151e-02,1.439378782003586821e+00
1.560000000000000000e+03,6.270000000000000000e+02,5.700000000000000000e+01,7.900000000000000000e+01,8.000000000000000000e+01,9.166666666666666297e-01,8.881019830028328288e-01,5.839416058394160114e-01,1.673114599725522567e-02,3.558462780010813731e-01,0.000000000000000000e+00,8.369268579963318189e-01,8.459488300377415726e-02,1.330435639999450359e+00
1.570000000000000000e+03,6.270000000000000000e+02,5.700000000000000000e+01,7.900000000000000000e+01,8.000000000000000000e+01,9.166666666666666297e-01,8.881019830028328288e-01,5.839416058394160114e-01,1.677616100550949341e-02,3.413886230000571231e-01,0.000000000000000000e+00,7.916339720040923567e-01,7.892607599660550477e-02,1.263364210999498027e+00
1.580000000000000000e+03,6.330000000000000000e+02,6.000000000000000000e+01,7.300000000000000000e+01,7.700000000000000000e+01,9.134199134199134651e-01,8.966005665722379669e-01,5.620437956204379359e-01,1.792466200186026981e-02,3.454404230014915811e-01,0.000000000000000000e+00,7.916142370013403706e-01,8.123926500047673471e-02,1.270807659997444716e+00
1.590000000000000000e+03,6.330000000000000000e+02,6.100000000000000000e+01,7.300000000000000000e+01,7.600000000000000000e+01,9.121037463976945370e-01,8.966005665722379669e-01,5.547445255474452441e-01,1.673518900406634202e-02,3.530379239991816576e-01,0.000000000000000000e+00,8.111678790000951267e-01,8.309811099843500415e-02,1.299569145001441939e+00
1.600000000000000000e+03,6.330000000000000000e+02,6.100000000000000000e+01,7.300000000000000000e+01,7.600000000000000000e+01,9.121037463976945370e-01,8.966005665722379669e-01,5.547445255474452441e-01,2.040852100071788300e-02,3.665047119993687375e-01,0.000000000000000000e+00,8.584142799991241191e-01,8.520072500323294662e-02,1.367397432998586737e+00
1.610000000000000000e+03,6.330000000000000000e+02,6.100000000000000000e+01,7.300000000000000000e+01,7.600000000000000000e+01,9.121037463976945370e-01,8.966005665722379669e-01,5.547445255474452441e-01,1.992068000254221261e-02,4.129755629983264953e-01,0.000000000000000000e+00,1.052560292995622149e+00,9.945285599769704277e-02,1.627543931002946920e+00
1.620000000000000000e+03,6.330000000000000000e+02,6.100000000000000000e+01,7.300000000000000000e+01,7.600000000000000000e+01,9.121037463976945370e-01,8.966005665722379669e-01,5.547445255474452441e-01,1.767741700132319238e-02,3.683892990011372603e-01,0.000000000000000000e+00,8.264411940008358215e-01,8.697710900014499202e-02,1.336467637001078401e+00
1.630000000000000000e+03,6.330000000000000000e+02,6.100000000000000000e+01,7.300000000000000000e+01,7.600000000000000000e+01,9.121037463976945370e-01,8.966005665722379669e-01,5.547445255474452441e-01,1.725542699841753347e-02,3.576809290025266819e-01,0.000000000000000000e+00,8.034039629992548726e-01,8.389172700026392704e-02,1.298559315004240489e+00
1.640000000000000000e+03,6.290000000000000000e+02,5.800000000000000000e+01,7.700000000000000000e+01,7.900000000000000000e+01,9.155749636098980959e-01,8.909348441926345785e-01,5.766423357664233196e-01,2.132681899729504948e-02,4.423324799981855904e-01,0.000000000000000000e+00,1.153003767994050577e+00,1.083314849993257667e-01,1.772184729999935371e+00
1.650000000000000000e+03,6.290000000000000000e+02,5.700000000000000000e+01,7.700000000000000000e+01,8.000000000000000000e+01,9.169096209912536155e-01,8.909348441926345785e-01,5.839416058394160114e-01,2.401220400042802794e-02,4.714346919990930473e-01,0.000000000000000000e+00,1.205848709000747476e+00,1.130373390005843248e-01,1.864733618999707687e+00
1.660000000000000000e+03,6.290000000000000000e+02,5.700000000000000000e+01,7.700000000000000000e+01,8.000000000000000000e+01,9.169096209912536155e-01,8.909348441926345785e-01,5.839416058394160114e-01,2.271646700228302507e-02,4.586054449982839287e-01,0.000000000000000000e+00,1.176064389999737614e+00,1.106029250022402266e-01,1.815295635999063961e+00
1.670000000000000000e+03,6.280000000000000000e+02,5.700000000000000000e+01,7.800000000000000000e+01,8.000000000000000000e+01,9.167883211678832245e-01,8.895184135977337592e-01,5.839416058394160114e-01,2.091451700016477844e-02,4.069727969999803463e-01,0.000000000000000000e+00,1.030650678002530185e+00,9.727220100194244878e-02,1.598114749001069868e+00
1.680000000000000000e+03,6.290000000000000000e+02,5.700000000000000000e+01,7.700000000000000000e+01,8.000000000000000000e+01,9.169096209912536155e-01,8.909348441926345785e-01,5.839416058394160114e-01,1.803827099683985580e-02,3.629394970002977061e-01,0.000000000000000000e+00,8.286685659968497930e-01,8.452472499993746169e-02,1.331126186997607874e+00
1.690000000000000000e+03,6.290000000000000000e+02,5.700000000000000000e+01,7.700000000000000000e+01,8.000000000000000000e+01,9.169096209912536155e-01,8.909348441926345785e-01,5.839416058394160114e-01,1.742313999875477748e-02,3.470028660030948231e-01,0.000000000000000000e+00,7.646249469989925274e-01,7.862071999898034846e-02,1.242498420002448256e+00
1.700000000000000000e+03,6.300000000000000000e+02,5.700000000000000000e+01,7.600000000000000000e+01,8.000000000000000000e+01,9.170305676855895483e-01,8.923512747875353979e-01,5.839416058394160114e-01,1.689980699666193686e-02,3.592356090011890046e-01,0.000000000000000000e+00,8.182044329987547826e-01,8.466108799620997161e-02,1.316548319004141376e+00
1.710000000000000000e+03,6.300000000000000000e+02,5.700000000000000000e+01,7.600000000000000000e+01,8.000000000000000000e+01,9.170305676855895483e-01,8.923512747875353979e-01,5.839416058394160114e-01,1.679745700403145747e-02,3.691943910016561858e-01,0.000000000000000000e+00,8.372132979993693880e-01,8.977517299535975326e-02,1.351204261999555456e+00
1.720000000000000000e+03,6.370000000000000000e+02,5.800000000000000000e+01,6.900000000000000000e+01,7.900000000000000000e+01,9.165467625899280657e-01,9.022662889518413554e-01,5.766423357664233196e-01,1.678981800159817794e-02,3.589713759974983986e-01,0.000000000000000000e+00,7.919426299986298545e-01,8.347317400239262497e-02,1.286444172001210973e+00
1.730000000000000000e+03,6.370000000000000000e+02,5.800000000000000000e+01,6.900000000000000000e+01,7.900000000000000000e+01,9.165467625899280657e-01,9.022662889518413554e-01,5.766423357664233196e-01,1.887596799861057661e-02,3.679021780008042697e-01,0.000000000000000000e+00,8.490009669994833530e-01,8.643912499792349990e-02,1.360147874004724144e+00
1.740000000000000000e+03,6.370000000000000000e+02,5.800000000000000000e+01,6.900000000000000000e+01,7.900000000000000000e+01,9.165467625899280657e-01,9.022662889518413554e-01,5.766423357664233196e-01,1.772276999781752238e-02,3.722023849986726418e-01,0.000000000000000000e+00,8.591449610003110138e-01,8.916495400171697838e-02,1.377204299999903014e+00
1.750000000000000000e+03,6.360000000000000000e+02,6.100000000000000000e+01,7.000000000000000000e+01,7.600000000000000000e+01,9.124820659971305536e-01,9.008498583569405360e-01,5.547445255474452441e-01,1.754006399642094038e-02,3.917469460011488991e-01,0.000000000000000000e+00,9.143148210005165311e-01,9.408098799667641288e-02,1.457177780001075007e+00
1.760000000000000000e+03,6.360000000000000000e+02,6.100000000000000000e+01,7.000000000000000000e+01,7.600000000000000000e+01,9.124820659971305536e-01,9.008498583569405360e-01,5.547445255474452441e-01,2.278974300043046242e-02,5.080361759992229054e-01,0.000000000000000000e+00,1.311749395998049295e+00,1.255746390006606816e-01,2.020543786998132418e+00
1.770000000000000000e+03,6.360000000000000000e+02,6.100000000000000000e+01,7.000000000000000000e+01,7.600000000000000000e+01,9.124820659971305536e-01,9.008498583569405360e-01,5.547445255474452441e-01,2.210266699876228813e-02,4.302144370003588847e-01,0.000000000000000000e+00,1.036074511995138892e+00,1.095834659990941873e-01,1.646615533999465697e+00
1.780000000000000000e+03,6.360000000000000000e+02,6.100000000000000000e+01,7.000000000000000000e+01,7.600000000000000000e+01,9.124820659971305536e-01,9.008498583569405360e-01,5.547445255474452441e-01,1.819456200337299379e-02,3.887198040001749177e-01,0.000000000000000000e+00,9.062189470005250769e-01,9.230865000517951557e-02,1.445804298999064486e+00
1.790000000000000000e+03,6.360000000000000000e+02,6.100000000000000000e+01,7.000000000000000000e+01,7.600000000000000000e+01,9.124820659971305536e-01,9.008498583569405360e-01,5.547445255474452441e-01,1.883905000067898072e-02,3.891794439996374422e-01,0.000000000000000000e+00,9.603373589998227544e-01,9.583290300270164153e-02,1.505395524000959995e+00
1.800000000000000000e+03,6.360000000000000000e+02,6.100000000000000000e+01,7.000000000000000000e+01,7.600000000000000000e+01,9.124820659971305536e-01,9.008498583569405360e-01,5.547445255474452441e-01,2.115522899748611962e-02,4.351316000020233332e-01,0.000000000000000000e+00,1.077565569999023865e+00,1.091421709970745724e-01,1.692148293002901482e+00
1.810000000000000000e+03,6.350000000000000000e+02,6.100000000000000000e+01,7.100000000000000000e+01,7.600000000000000000e+01,9.123563218390804419e-01,8.994334277620396056e-01,5.547445255474452441e-01,2.097389700247731525e-02,4.160663160009789863e-01,0.000000000000000000e+00,9.866260000007969211e-01,9.899192399916501017e-02,1.565631735003080394e+00
1.820000000000000000e+03,6.350000000000000000e+02,6.100000000000000000e+01,7.100000000000000000e+01,7.600000000000000000e+01,9.123563218390804419e-01,8.994334277620396056e-01,5.547445255474452441e-01,1.821735900011844933e-02,4.017290070014496450e-01,0.000000000000000000e+00,8.729652570000325795e-01,9.910449799826892558e-02,1.434590887997728714e+00
1.830000000000000000e+03,6.350000000000000000e+02,6.100000000000000000e+01,7.100000000000000000e+01,7.600000000000000000e+01,9.123563218390804419e-01,8.994334277620396056e-01,5.547445255474452441e-01,1.726378300190845039e-02,3.568034840027394239e-01,0.000000000000000000e+00,7.960367040013807127e-01,8.230336799806536874e-02,1.287176538000494475e+00
1.840000000000000000e+03,6.310000000000000000e+02,6.000000000000000000e+01,7.500000000000000000e+01,7.700000000000000000e+01,9.131693198263386435e-01,8.937677053824362172e-01,5.620437956204379359e-01,1.760203799949522363e-02,3.672107129987125518e-01,0.000000000000000000e+00,8.181869519985411898e-01,8.500690500750351930e-02,1.323612145999504719e+00
1.850000000000000000e+03,6.310000000000000000e+02,6.000000000000000000e+01,7.500000000000000000e+01,7.700000000000000000e+01,9.131693198263386435e-01,8.937677053824362172e-01,5.620437956204379359e-01,2.200511900264245924e-02,4.592803340010505053e-01,0.000000000000000000e+00,1.236545689996091824e+00,1.111386089996813098e-01,1.875752926996938186e+00
1.860000000000000000e+03,6.280000000000000000e+02,5.700000000000000000e+01,7.800000000000000000e+01,8.000000000000000000e+01,9.167883211678832245e-01,8.895184135977337592e-01,5.839416058394160114e-01,2.410182000039640116e-02,5.109124429982330184e-01,0.000000000000000000e+00,1.224170815002253221e+00,1.338541920003990526e-01,1.948353225000573730e+00
1.870000000000000000e+03,6.300000000000000000e+02,5.600000000000000000e+01,7.600000000000000000e+01,8.100000000000000000e+01,9.183673469387755306e-01,8.923512747875353979e-01,5.912408759124088142e-01,2.168558900120842736e-02,4.801169769980333513e-01,0.000000000000000000e+00,1.291918407000594016e+00,1.163725260066712508e-01,1.960176814995975292e+00
1.880000000000000000e+03,6.300000000000000000e+02,5.600000000000000000e+01,7.600000000000000000e+01,8.100000000000000000e+01,9.183673469387755306e-01,8.923512747875353979e-01,5.912408759124088142e-01,1.695835099963005632e-02,3.644102050002402393e-01,0.000000000000000000e+00,7.898734140017040772e-01,8.744665499852999346e-02,1.294006415003423172e+00
1.890000000000000000e+03,6.260000000000000000e+02,5.600000000000000000e+01,8.000000000000000000e+01,8.100000000000000000e+01,9.178885630498533343e-01,8.866855524079320094e-01,5.912408759124088142e-01,1.775797800291911699e-02,3.672033630000441917e-01,0.000000000000000000e+00,7.672622390009564697e-01,8.569775600153661799e-02,1.275300604998847120e+00
1.900000000000000000e+03,6.260000000000000000e+02,5.600000000000000000e+01,8.000000000000000000e+01,8.100000000000000000e+01,9.178885630498533343e-01,8.866855524079320094e-01,5.912408759124088142e-01,1.802247500017983839e-02,3.551374980006585247e-01,0.000000000000000000e+00,7.424132789992654580e-01,8.289772699936293066e-02,1.232692928003416455e+00
1.910000000000000000e+03,6.260000000000000000e+02,5.600000000000000000e+01,8.000000000000000000e+01,8.100000000000000000e+01,9.178885630498533343e-01,8.866855524079320094e-01,5.912408759124088142e-01,1.796670500061736675e-02,3.603432280015113065e-01,0.000000000000000000e+00,7.993034210003315820e-01,8.677723100481671281e-02,1.301173622994610923e+00
1.920000000000000000e+03,6.310000000000000000e+02,5.600000000000000000e+01,7.500000000000000000e+01,8.100000000000000000e+01,9.184861717612808896e-01,8.937677053824362172e-01,5.912408759124088142e-01,1.860073000261763809e-02,3.546855199992933194e-01,0.000000000000000000e+00,7.598833449947051122e-01,8.439246699981595157e-02,1.253055027998925652e+00
1.930000000000000000e+03,6.320000000000000000e+02,5.700000000000000000e+01,7.400000000000000000e+01,8.000000000000000000e+01,9.172714078374455404e-01,8.951841359773371476e-01,5.839416058394160114e-01,1.691266399666346842e-02,3.545717340011833585e-01,0.000000000000000000e+00,7.485200050023195217e-01,8.268103400041582063e-02,1.237797614001465263e+00
1.940000000000000000e+03,6.320000000000000000e+02,5.700000000000000000e+01,7.400000000000000000e+01,8.000000000000000000e+01,9.172714078374455404e-01,8.951841359773371476e-01,5.839416058394160114e-01,1.766958600092038978e-02,3.520088899986149045e-01,0.000000000000000000e+00,7.259975160040994524e-01,8.223453899972810177e-02,1.213436656002158998e+00
1.950000000000000000e+03,6.260000000000000000e+02,5.600000000000000000e+01,8.000000000000000000e+01,8.100000000000000000e+01,9.178885630498533343e-01,8.866855524079320094e-01,5.912408759124088142e-01,1.779630000237375498e-02,3.753140509979857598e-01,0.000000000000000000e+00,8.589632829971378669e-01,8.769283400124550099e-02,1.376776963995325787e+00
1.960000000000000000e+03,6.260000000000000000e+02,5.600000000000000000e+01,8.000000000000000000e+01,8.100000000000000000e+01,9.178885630498533343e-01,8.866855524079320094e-01,5.912408759124088142e-01,2.089836599589034449e-02,3.878173280045302818e-01,0.000000000000000000e+00,7.990740879995428259e-01,9.301885800232412294e-02,1.340771797001252708e+00
1.970000000000000000e+03,6.260000000000000000e+02,5.600000000000000000e+01,8.000000000000000000e+01,8.100000000000000000e+01,9.178885630498533343e-01,8.866855524079320094e-01,5.912408759124088142e-01,1.648122299775423016e-02,3.481326739984069718e-01,0.000000000000000000e+00,7.168057570033852244e-01,7.932042200354771921e-02,1.194557378998979402e+00
1.980000000000000000e+03,6.260000000000000000e+02,5.600000000000000000e+01,8.000000000000000000e+01,8.100000000000000000e+01,9.178885630498533343e-01,8.866855524079320094e-01,5.912408759124088142e-01,1.742462400125077693e-02,3.444478140017963597e-01,0.000000000000000000e+00,7.190622749985777773e-01,7.925659000102314167e-02,1.193654806997983542e+00
1.990000000000000000e+03,6.270000000000000000e+02,5.600000000000000000e+01,7.900000000000000000e+01,8.100000000000000000e+01,9.180087847730600270e-01,8.881019830028328288e-01,5.912408759124088142e-01,1.815141299903189065e-02,3.482778489988049841e-01,0.000000000000000000e+00,7.046797619987046346e-01,7.935716900192346657e-02,1.184286751997206011e+00
2.000000000000000000e+03,6.280000000000000000e+02,6.300000000000000000e+01,7.800000000000000000e+01,7.400000000000000000e+01,9.088277858176555535e-01,8.895184135977337592e-01,5.401459854014598605e-01,1.743187100328214001e-02,3.504432069985341514e-01,0.000000000000000000e+00,7.073448130031465553e-01,7.992728200042620301e-02,1.189382274003946804e+00
