1.000000000000000021e-03,1.447000000000000000e+03,1.180000000000000000e+03,4.690000000000000000e+02,3.850000000000000000e+02,5.508184240578606339e-01,7.552192066805845094e-01,2.460063897763578311e-01,3.420920000644400716e-02,6.557747549377381802e-01,0.000000000000000000e+00,4.197555012069642544e-03,6.171607609430793673e-01,1.353678996994858608e+00
2.000000000000000042e-03,1.248000000000000000e+03,1.040000000000000000e+03,6.680000000000000000e+02,5.250000000000000000e+02,5.454545454545454142e-01,6.513569937369519947e-01,3.354632587859425197e-01,2.798583294497802854e-02,6.039205100969411433e-01,0.000000000000000000e+00,3.724425943801179528e-03,5.506354790704790503e-01,1.222487491002539173e+00
3.000000000000000062e-03,1.110000000000000000e+03,9.220000000000000000e+02,8.060000000000000000e+02,6.430000000000000000e+02,5.462598425196850682e-01,5.793319415448852094e-01,4.108626198083066838e-01,2.427086600800976157e-02,6.234843580168671906e-01,0.000000000000000000e+00,4.064568900503218174e-03,5.841395690222270787e-01,1.272082895127823576e+00
4.000000000000000083e-03,1.016000000000000000e+03,8.400000000000000000e+02,9.000000000000000000e+02,7.250000000000000000e+02,5.474137931034482873e-01,5.302713987473903767e-01,4.632587859424920351e-01,2.255836097174324095e-02,6.031030429585371166e-01,0.000000000000000000e+00,3.784262953558936715e-03,5.769725038844626397e-01,1.237778828915907070e+00
5.000000000000000104e-03,9.420000000000000000e+02,7.690000000000000000e+02,9.740000000000000000e+02,7.960000000000000000e+02,5.505552308591467048e-01,4.916492693110647294e-01,5.086261980830670826e-01,2.460112408152781427e-02,6.382508400420192629e-01,0.000000000000000000e+00,4.080989892827346921e-03,5.945300940657034516e-01,1.293180954031413421e+00
6.000000000000000125e-03,8.810000000000000000e+02,7.200000000000000000e+02,1.035000000000000000e+03,8.450000000000000000e+02,5.502810743285446726e-01,4.598121085594989443e-01,5.399361022364217444e-01,2.576478003174997866e-02,6.067825629725120962e-01,0.000000000000000000e+00,3.651025996077805758e-03,5.789118449320085347e-01,1.242819501901976764e+00
7.000000000000000146e-03,8.380000000000000000e+02,6.620000000000000000e+02,1.078000000000000000e+03,9.030000000000000000e+02,5.586666666666666448e-01,4.373695198329853873e-01,5.769968051118210539e-01,2.753796396427787840e-02,6.377359619655180722e-01,0.000000000000000000e+00,4.045674053486436605e-03,6.060872311063576490e-01,1.304303518991218880e+00
8.000000000000000167e-03,7.910000000000000000e+02,6.290000000000000000e+02,1.125000000000000000e+03,9.360000000000000000e+02,5.570422535211267956e-01,4.128392484342379709e-01,5.980830670926517989e-01,2.398650906980037689e-02,6.286898009129799902e-01,0.000000000000000000e+00,3.765972884139046073e-03,6.044049170159269124e-01,1.287810967944096774e+00
9.000000000000001055e-03,7.420000000000000000e+02,5.900000000000000000e+02,1.174000000000000000e+03,9.750000000000000000e+02,5.570570570570571034e-01,3.872651356993737082e-01,6.230031948881789017e-01,2.440857404144480824e-02,6.177730449999216944e-01,0.000000000000000000e+00,3.753462922759354115e-03,5.847117571975104511e-01,1.256071988871553913e+00
1.000000000000000194e-02,6.900000000000000000e+02,5.620000000000000000e+02,1.226000000000000000e+03,1.003000000000000000e+03,5.511182108626198062e-01,3.601252609603340371e-01,6.408945686900958671e-01,2.498899691272526979e-02,6.374105958384461701e-01,0.000000000000000000e+00,4.102685052203014493e-03,6.056103380105923861e-01,1.298335507948650047e+00
1.099999999999999936e-02,6.610000000000000000e+02,5.420000000000000000e+02,1.255000000000000000e+03,1.023000000000000000e+03,5.494596841230258155e-01,3.449895615866388487e-01,6.536741214057507632e-01,2.041719903354533017e-02,4.412775220116600394e-01,0.000000000000000000e+00,2.773458865704014897e-03,4.057114329771138728e-01,8.878582959878258407e-01
1.200000000000000025e-02,6.300000000000000000e+02,5.170000000000000000e+02,1.286000000000000000e+03,1.048000000000000000e+03,5.492589363557105475e-01,3.288100208768267030e-01,6.696485623003194387e-01,2.149950189050287008e-02,4.241937059850897640e-01,0.000000000000000000e+00,2.728104969719424844e-03,3.699079850630369037e-01,8.350139360409229994e-01
1.300000000000000114e-02,5.980000000000000000e+02,4.910000000000000000e+02,1.318000000000000000e+03,1.074000000000000000e+03,5.491276400367309796e-01,3.121085594989561618e-01,6.862619808306709146e-01,2.445036690915003419e-02,6.310030440508853644e-01,0.000000000000000000e+00,3.791328112129122019e-03,6.153670110506936908e-01,1.297752344893524423e+00
1.400000000000000203e-02,5.710000000000000000e+02,4.740000000000000000e+02,1.345000000000000000e+03,1.091000000000000000e+03,5.464114832535885702e-01,2.980167014613778753e-01,6.971246006389776317e-01,2.929728996241465211e-02,6.128403838374651968e-01,0.000000000000000000e+00,3.810594120295718312e-03,5.965055710694286972e-01,1.265437309048138559e+00
1.499999999999999944e-02,5.480000000000000000e+02,4.530000000000000000e+02,1.368000000000000000e+03,1.112000000000000000e+03,5.474525474525474555e-01,2.860125260960333926e-01,7.105431309904153281e-01,2.844394202111288905e-02,6.341333501040935516e-01,0.000000000000000000e+00,4.105690895812585950e-03,6.142044450680259615e-01,1.304187109082704410e+00
1.600000000000000033e-02,5.230000000000000000e+02,4.280000000000000000e+02,1.393000000000000000e+03,1.137000000000000000e+03,5.499474237644584873e-01,2.729645093945720080e-01,7.265175718849840036e-01,2.588802983518689871e-02,6.292533450468908995e-01,0.000000000000000000e+00,3.914165048627182841e-03,6.123477990040555596e-01,1.294271319929976016e+00
1.700000000000000122e-02,5.060000000000000000e+02,3.990000000000000000e+02,1.410000000000000000e+03,1.166000000000000000e+03,5.591160220994475516e-01,2.640918580375782865e-01,7.450479233226836584e-01,2.531972402357496321e-02,6.306612101325299591e-01,0.000000000000000000e+00,4.093303810805082321e-03,6.254080120706930757e-01,1.308075414970517159e+00
1.800000000000000211e-02,4.900000000000000000e+02,3.820000000000000000e+02,1.426000000000000000e+03,1.183000000000000000e+03,5.619266055045871733e-01,2.557411273486430159e-01,7.559105431309903755e-01,2.401206703507341444e-02,6.122773211100138724e-01,0.000000000000000000e+00,3.905546123860403895e-03,6.006436519674025476e-01,1.262587067030835897e+00
1.900000000000000300e-02,4.710000000000000000e+02,3.720000000000000000e+02,1.445000000000000000e+03,1.193000000000000000e+03,5.587188612099643903e-01,2.458246346555323647e-01,7.623003194888179346e-01,2.598136500455439091e-02,6.269793799147009850e-01,0.000000000000000000e+00,3.874382877256721258e-03,6.130820509861223400e-01,1.291398701956495643e+00
2.000000000000000042e-02,4.570000000000000000e+02,3.600000000000000000e+02,1.459000000000000000e+03,1.205000000000000000e+03,5.593635250917993185e-01,2.385177453027139960e-01,7.699680511182108722e-01,2.616458595730364323e-02,6.249319478520192206e-01,0.000000000000000000e+00,3.934996959287673235e-03,6.175592190993484110e-01,1.293951018946245313e+00
2.100000000000000130e-02,4.390000000000000000e+02,3.480000000000000000e+02,1.477000000000000000e+03,1.217000000000000000e+03,5.578144853875476317e-01,2.291231732776617958e-01,7.776357827476038098e-01,2.131360996281728148e-02,4.959083898284006864e-01,0.000000000000000000e+00,3.229551977710798383e-03,4.726975139637943357e-01,1.010374034958658740e+00
2.200000000000000219e-02,4.270000000000000000e+02,3.370000000000000000e+02,1.489000000000000000e+03,1.228000000000000000e+03,5.589005235602094723e-01,2.228601252609603289e-01,7.846645367412140581e-01,2.532698691356927156e-02,6.407850709510967135e-01,0.000000000000000000e+00,4.042435873998329043e-03,6.389060819928999990e-01,1.330679196020355448e+00
2.299999999999999961e-02,4.110000000000000000e+02,3.240000000000000000e+02,1.505000000000000000e+03,1.241000000000000000e+03,5.591836734693877986e-01,2.145093945720250583e-01,7.929712460063897961e-01,2.664562515565194190e-02,6.344072249194141477e-01,0.000000000000000000e+00,3.975406958488747478e-03,6.267996269452851266e-01,1.312434948165901005e+00
2.400000000000000050e-02,3.910000000000000000e+02,3.140000000000000000e+02,1.525000000000000000e+03,1.251000000000000000e+03,5.546099290780142077e-01,2.040709812108559562e-01,7.993610223642172441e-01,2.617854296113364398e-02,6.342842880403622985e-01,0.000000000000000000e+00,3.935504006221890450e-03,6.324514399457257241e-01,1.317212135007139295e+00
2.500000000000000139e-02,3.820000000000000000e+02,3.010000000000000000e+02,1.534000000000000000e+03,1.264000000000000000e+03,5.592972181551976174e-01,1.993736951983298422e-01,8.076677316293929820e-01,2.478460501879453659e-02,6.360310529125854373e-01,0.000000000000000000e+00,4.019703017547726631e-03,6.318412040418479592e-01,1.317016410001087934e+00
2.600000000000000228e-02,3.720000000000000000e+02,2.900000000000000000e+02,1.544000000000000000e+03,1.275000000000000000e+03,5.619335347432024008e-01,1.941544885177453050e-01,8.146964856230032304e-01,3.994968399638310075e-02,6.360504789627157152e-01,0.000000000000000000e+00,3.986048861406743526e-03,6.222500790318008512e-01,1.321965133945923299e+00
2.700000000000000316e-02,3.590000000000000000e+02,2.820000000000000000e+02,1.557000000000000000e+03,1.283000000000000000e+03,5.600624024960998426e-01,1.873695198329853873e-01,8.198083067092651888e-01,2.824560081353411078e-02,6.267638480348978192e-01,0.000000000000000000e+00,3.760256979148834944e-03,6.264366910327225924e-01,1.303151415952015668e+00
2.800000000000000058e-02,3.490000000000000000e+02,2.760000000000000000e+02,1.567000000000000000e+03,1.289000000000000000e+03,5.584000000000000075e-01,1.821503131524008223e-01,8.236421725239616576e-01,2.501800603931769729e-02,6.389823640056420118e-01,0.000000000000000000e+00,3.939812944736331701e-03,6.348794329678639770e-01,1.321518999029649422e+00
2.900000000000000147e-02,3.380000000000000000e+02,2.740000000000000000e+02,1.578000000000000000e+03,1.291000000000000000e+03,5.522875816993464415e-01,1.764091858037578342e-01,8.249201277955271472e-01,2.871159996720962226e-02,6.346734800026752055e-01,0.000000000000000000e+00,3.995268925791606307e-03,6.342259269440546632e-01,1.320831490040291101e+00
3.000000000000000236e-02,3.280000000000000000e+02,2.690000000000000000e+02,1.588000000000000000e+03,1.296000000000000000e+03,5.494137353433835580e-01,1.711899791231732693e-01,8.281150159744409267e-01,2.408765396103262901e-02,6.351249379513319582e-01,0.000000000000000000e+00,3.901491902070119977e-03,6.502675598894711584e-01,1.331122370058437809e+00
3.099999999999999978e-02,3.110000000000000000e+02,2.640000000000000000e+02,1.605000000000000000e+03,1.301000000000000000e+03,5.408695652173912682e-01,1.623173277661795477e-01,8.313099041533545952e-01,2.614226489095017314e-02,6.282367719977628440e-01,0.000000000000000000e+00,3.776011988520622253e-03,6.368968081369530410e-01,1.312064871861366555e+00
3.200000000000000067e-02,3.060000000000000000e+02,2.560000000000000000e+02,1.610000000000000000e+03,1.309000000000000000e+03,5.444839857651245785e-01,1.597077244258872653e-01,8.364217252396166646e-01,4.096619205665774643e-02,6.417455631017219275e-01,0.000000000000000000e+00,3.815160103840753436e-03,6.303205200820229948e-01,1.333970460022101179e+00
3.300000000000000155e-02,2.970000000000000000e+02,2.490000000000000000e+02,1.619000000000000000e+03,1.316000000000000000e+03,5.439560439560439109e-01,1.550104384133611790e-01,8.408945686900958227e-01,2.855619401088915765e-02,6.441729300422593951e-01,0.000000000000000000e+00,3.931488055968657136e-03,6.380285180057398975e-01,1.332064625021303073e+00
3.400000000000000244e-02,2.930000000000000000e+02,2.440000000000000000e+02,1.623000000000000000e+03,1.321000000000000000e+03,5.456238361266294579e-01,1.529227557411273475e-01,8.440894568690096023e-01,2.963166590780019760e-02,6.418748350406531245e-01,0.000000000000000000e+00,3.827572072623297572e-03,6.371319179306738079e-01,1.329329792904900387e+00
3.500000000000000333e-02,2.850000000000000000e+02,2.390000000000000000e+02,1.631000000000000000e+03,1.326000000000000000e+03,5.438931297709923562e-01,1.487473903966597122e-01,8.472843450479232708e-01,3.109729301650077105e-02,6.419016529689542949e-01,0.000000000000000000e+00,3.913972992449998856e-03,6.322949899476952851e-01,1.326185026962775737e+00
3.600000000000000422e-02,2.770000000000000000e+02,2.350000000000000000e+02,1.639000000000000000e+03,1.330000000000000000e+03,5.410156250000000000e-01,1.445720250521920769e-01,8.498402555910543610e-01,3.622811802779324353e-02,6.427825529244728386e-01,0.000000000000000000e+00,3.918973961845040321e-03,6.341271320416126400e-01,1.333813803037628531e+00
3.700000000000000511e-02,2.720000000000000000e+02,2.330000000000000000e+02,1.644000000000000000e+03,1.332000000000000000e+03,5.386138613861386482e-01,1.419624217118997944e-01,8.511182108626198506e-01,3.552559213130734861e-02,6.380805548105854541e-01,0.000000000000000000e+00,3.737687191460281610e-03,6.411982169956900179e-01,1.334878035122528672e+00
3.799999999999999906e-02,2.650000000000000000e+02,2.260000000000000000e+02,1.651000000000000000e+03,1.339000000000000000e+03,5.397148676171079629e-01,1.383089770354906101e-01,8.555910543130990087e-01,3.060134302359074354e-02,6.368181130383163691e-01,0.000000000000000000e+00,3.799069061642512679e-03,6.415216611057985574e-01,1.329253419011365622e+00
3.899999999999999994e-02,2.610000000000000000e+02,2.250000000000000000e+02,1.655000000000000000e+03,1.340000000000000000e+03,5.370370370370370905e-01,1.362212943632567785e-01,8.562300319488818090e-01,3.016465308610349894e-02,6.436247501114849001e-01,0.000000000000000000e+00,3.776419151108711958e-03,6.355497389449737966e-01,1.329236698074964806e+00
4.000000000000000083e-02,2.570000000000000000e+02,2.180000000000000000e+02,1.659000000000000000e+03,1.347000000000000000e+03,5.410526315789473406e-01,1.341336116910229748e-01,8.607028753993609671e-01,2.859774194075725973e-02,6.386300289595965296e-01,0.000000000000000000e+00,3.927138081053271890e-03,6.415446409664582461e-01,1.329711571073858067e+00
4.100000000000000172e-02,2.530000000000000000e+02,2.150000000000000000e+02,1.663000000000000000e+03,1.350000000000000000e+03,5.405982905982905651e-01,1.320459290187891432e-01,8.626198083067092570e-01,3.897930591483600438e-02,6.445416399510577321e-01,0.000000000000000000e+00,3.946928045479580760e-03,6.430109129287302494e-01,1.347892644902458414e+00
4.200000000000000261e-02,2.510000000000000000e+02,2.080000000000000000e+02,1.665000000000000000e+03,1.357000000000000000e+03,5.468409586056645066e-01,1.310020876826722414e-01,8.670926517571885261e-01,2.800639107590541244e-02,6.454435698396991938e-01,0.000000000000000000e+00,3.969258919823914766e-03,6.468448219529818743e-01,1.342144860973348841e+00
4.300000000000000350e-02,2.430000000000000000e+02,2.030000000000000000e+02,1.673000000000000000e+03,1.362000000000000000e+03,5.448430493273542785e-01,1.268267223382046061e-01,8.702875399361021946e-01,2.749647796736098826e-02,6.381029399635735899e-01,0.000000000000000000e+00,3.966929070884361863e-03,6.379214140761177987e-01,1.324479382019490004e+00
4.400000000000000439e-02,2.400000000000000000e+02,1.980000000000000000e+02,1.676000000000000000e+03,1.367000000000000000e+03,5.479452054794520244e-01,1.252609603340292255e-01,8.734824281150159742e-01,2.709264404256828129e-02,6.393117909610737115e-01,0.000000000000000000e+00,4.082179977558553219e-03,6.408051658363547176e-01,1.328298074891790748e+00
4.499999999999999833e-02,2.300000000000000000e+02,1.930000000000000000e+02,1.686000000000000000e+03,1.372000000000000000e+03,5.437352245862884237e-01,1.200417536534446744e-01,8.766773162939297537e-01,2.757402308634482324e-02,6.386714389664120972e-01,0.000000000000000000e+00,4.034108016639947891e-03,6.403406070603523403e-01,1.327944816875969991e+00
4.599999999999999922e-02,2.250000000000000000e+02,1.920000000000000000e+02,1.691000000000000000e+03,1.373000000000000000e+03,5.395683453237409832e-01,1.174321503131524058e-01,8.773162939297124430e-01,3.567609714809805155e-02,6.499745781184174120e-01,0.000000000000000000e+00,3.982192109106108546e-03,6.435252280789427459e-01,1.350006750988541171e+00
4.700000000000000011e-02,2.230000000000000000e+02,1.840000000000000000e+02,1.693000000000000000e+03,1.381000000000000000e+03,5.479115479115479470e-01,1.163883089770354901e-01,8.824281150159744014e-01,3.357362293172627687e-02,6.477992389118298888e-01,0.000000000000000000e+00,3.920939925592392683e-03,6.404384729976300150e-01,1.342559193988563493e+00
4.800000000000000100e-02,2.150000000000000000e+02,1.810000000000000000e+02,1.701000000000000000e+03,1.384000000000000000e+03,5.429292929292929282e-01,1.122129436325678548e-01,8.843450479233226913e-01,2.659594602300785482e-02,6.429981571563985199e-01,0.000000000000000000e+00,3.914555069059133530e-03,6.195428189239464700e-01,1.309381181083153933e+00
4.900000000000000189e-02,2.110000000000000000e+02,1.800000000000000000e+02,1.705000000000000000e+03,1.385000000000000000e+03,5.396419437340153058e-01,1.101252609603340232e-01,8.849840255591053806e-01,2.938789609470404685e-02,6.088491439877543598e-01,0.000000000000000000e+00,3.746456903172656894e-03,6.022192190284840763e-01,1.259855667070951313e+00
5.000000000000000278e-02,2.110000000000000000e+02,1.780000000000000000e+02,1.705000000000000000e+03,1.387000000000000000e+03,5.424164524421594136e-01,1.101252609603340232e-01,8.862619808306709812e-01,4.273172613466158509e-02,6.534969610511325300e-01,0.000000000000000000e+00,3.899806935805827379e-03,6.392999209929257631e-01,1.355723788001341745e+00
5.100000000000000366e-02,2.070000000000000000e+02,1.750000000000000000e+02,1.709000000000000000e+03,1.390000000000000000e+03,5.418848167539267457e-01,1.080375782881002056e-01,8.881789137380191601e-01,3.369342503719963133e-02,6.388363450823817402e-01,0.000000000000000000e+00,3.742825938388705254e-03,6.256344050052575767e-01,1.317348316952120513e+00
5.200000000000000455e-02,2.030000000000000000e+02,1.740000000000000000e+02,1.713000000000000000e+03,1.391000000000000000e+03,5.384615384615384359e-01,1.059498956158663879e-01,8.888178913738019604e-01,2.896558708744123578e-02,6.293450620432849973e-01,0.000000000000000000e+00,4.031075019156560302e-03,6.333671362081076950e-01,1.310613175068283454e+00
5.300000000000000544e-02,2.010000000000000000e+02,1.710000000000000000e+02,1.715000000000000000e+03,1.394000000000000000e+03,5.403225806451612545e-01,1.049060542797494722e-01,8.907348242811501393e-01,2.529478791984729469e-02,6.191657370072789490e-01,0.000000000000000000e+00,3.676780092064291239e-03,6.317943051108159125e-01,1.294408832967747003e+00
5.399999999999999939e-02,1.990000000000000000e+02,1.660000000000000000e+02,1.717000000000000000e+03,1.399000000000000000e+03,5.452054794520547754e-01,1.038622129436325703e-01,8.939297124600639188e-01,2.899120704387314618e-02,6.289627661462873220e-01,0.000000000000000000e+00,3.793770913034677505e-03,6.537140300206374377e-01,1.330376586993224919e+00
5.500000000000000028e-02,1.950000000000000000e+02,1.650000000000000000e+02,1.721000000000000000e+03,1.400000000000000000e+03,5.416666666666666297e-01,1.017745302713987526e-01,8.945686900958466081e-01,2.612657612189650536e-02,6.424933439702726901e-01,0.000000000000000000e+00,3.857237141346558928e-03,6.493781880708411336e-01,1.337231892131967470e+00
5.600000000000000117e-02,1.940000000000000000e+02,1.620000000000000000e+02,1.722000000000000000e+03,1.403000000000000000e+03,5.449438202247190999e-01,1.012526096033402878e-01,8.964856230031948980e-01,3.145349703845568001e-02,6.522464740846771747e-01,0.000000000000000000e+00,3.836774121737107635e-03,6.553382570855319500e-01,1.358166220044950023e+00
5.700000000000000205e-02,1.900000000000000000e+02,1.600000000000000000e+02,1.726000000000000000e+03,1.405000000000000000e+03,5.428571428571428159e-01,9.916492693110647016e-02,8.977635782747603876e-01,2.682012098375707865e-02,6.449629820417612791e-01,0.000000000000000000e+00,3.833965020021423697e-03,6.365954978973604739e-01,1.327231337927514687e+00
5.800000000000000294e-02,1.830000000000000000e+02,1.580000000000000000e+02,1.733000000000000000e+03,1.407000000000000000e+03,5.366568914956011405e-01,9.551148225469728581e-02,8.990415335463258772e-01,3.392884501954540610e-02,6.461505420156754553e-01,0.000000000000000000e+00,3.727361006895080209e-03,6.465192919131368399e-01,1.344448658113833517e+00
5.900000000000000383e-02,1.780000000000000000e+02,1.540000000000000000e+02,1.738000000000000000e+03,1.411000000000000000e+03,5.361445783132530174e-01,9.290187891440501722e-02,9.015974440894568565e-01,4.280002808081917465e-02,6.578820668801199645e-01,0.000000000000000000e+00,3.946322016417980194e-03,6.552197930286638439e-01,1.374447696987772360e+00
6.000000000000000472e-02,1.720000000000000000e+02,1.510000000000000000e+02,1.744000000000000000e+03,1.414000000000000000e+03,5.325077399380805376e-01,8.977035490605428381e-02,9.035143769968051464e-01,2.835681696888059378e-02,6.449359350954182446e-01,0.000000000000000000e+00,3.695573890581727028e-03,6.471273601055145264e-01,1.337742125004297122e+00
6.099999999999999867e-02,1.690000000000000000e+02,1.440000000000000000e+02,1.747000000000000000e+03,1.421000000000000000e+03,5.399361022364217444e-01,8.820459290187891710e-02,9.079872204472843045e-01,3.161467800964601338e-02,6.486842220183461905e-01,0.000000000000000000e+00,3.905951976776123047e-03,6.442188661603722721e-01,1.343138618976809084e+00
6.199999999999999956e-02,1.670000000000000000e+02,1.430000000000000000e+02,1.749000000000000000e+03,1.422000000000000000e+03,5.387096774193548265e-01,8.716075156576200134e-02,9.086261980830671048e-01,2.668374095810577273e-02,6.403740209934767336e-01,0.000000000000000000e+00,3.824900923063978553e-03,6.520756309910211712e-01,1.337498000037157908e+00
6.300000000000000044e-02,1.660000000000000000e+02,1.410000000000000000e+02,1.750000000000000000e+03,1.424000000000000000e+03,5.407166123778501809e-01,8.663883089770355039e-02,9.099041533546325944e-01,3.505246693384833634e-02,6.406295900233089924e-01,0.000000000000000000e+00,3.776653000386431813e-03,6.503807921253610402e-01,1.344092930085025728e+00
6.400000000000000133e-02,1.640000000000000000e+02,1.410000000000000000e+02,1.752000000000000000e+03,1.424000000000000000e+03,5.377049180327868605e-01,8.559498956158663463e-02,9.099041533546325944e-01,2.546999711194075644e-02,6.451894800411537290e-01,0.000000000000000000e+00,3.979861881816759706e-03,6.496917089680209756e-01,1.339747979072853923e+00
6.500000000000000222e-02,1.620000000000000000e+02,1.390000000000000000e+02,1.754000000000000000e+03,1.426000000000000000e+03,5.382059800664451554e-01,8.455114822546973274e-02,9.111821086261980840e-01,3.261216115788556635e-02,6.467649890691973269e-01,0.000000000000000000e+00,3.923071984900161624e-03,6.468130811117589474e-01,1.345021627930691466e+00
6.600000000000000311e-02,1.610000000000000000e+02,1.370000000000000000e+02,1.755000000000000000e+03,1.428000000000000000e+03,5.402684563758389791e-01,8.402922755741126792e-02,9.124600638977635736e-01,2.680477398098446429e-02,6.461669610580429435e-01,0.000000000000000000e+00,4.010735137853771448e-03,6.530934400507248938e-01,1.345897655963199213e+00
6.700000000000000400e-02,1.590000000000000000e+02,1.370000000000000000e+02,1.757000000000000000e+03,1.428000000000000000e+03,5.371621621621621712e-01,8.298538622129436604e-02,9.124600638977635736e-01,2.870869994512759149e-02,6.485227400553412735e-01,0.000000000000000000e+00,3.907150967279449105e-03,6.366002170834690332e-01,1.333065602957503870e+00
6.800000000000000488e-02,1.540000000000000000e+02,1.340000000000000000e+02,1.762000000000000000e+03,1.431000000000000000e+03,5.347222222222222099e-01,8.037578288100208357e-02,9.143769968051118635e-01,2.630764592322520912e-02,6.756805119803175330e-01,0.000000000000000000e+00,4.011901037301868200e-03,6.468627850699704140e-01,1.367779288993915543e+00
6.900000000000000577e-02,1.510000000000000000e+02,1.330000000000000000e+02,1.765000000000000000e+03,1.432000000000000000e+03,5.316901408450703803e-01,7.881002087682671686e-02,9.150159744408945528e-01,4.051046798122115433e-02,6.836751329246908426e-01,0.000000000000000000e+00,4.010093893157318234e-03,6.455521699390374124e-01,1.389308406040072441e+00
7.000000000000000666e-02,1.480000000000000000e+02,1.320000000000000000e+02,1.768000000000000000e+03,1.433000000000000000e+03,5.285714285714285809e-01,7.724425887265135016e-02,9.156549520766773531e-01,3.667806714656762779e-02,6.829209139395970851e-01,0.000000000000000000e+00,3.917474066838622093e-03,6.415349210146814585e-01,1.379695702024037018e+00
7.100000000000000755e-02,1.470000000000000000e+02,1.300000000000000000e+02,1.769000000000000000e+03,1.435000000000000000e+03,5.306859205776173205e-01,7.672233820459289921e-02,9.169329073482428427e-01,3.475868998793885112e-02,7.033038350928109139e-01,0.000000000000000000e+00,3.888817009283229709e-03,6.499563619436230510e-01,1.406940994173055515e+00
7.200000000000000844e-02,1.460000000000000000e+02,1.280000000000000000e+02,1.770000000000000000e+03,1.437000000000000000e+03,5.328467153284671687e-01,7.620041753653444827e-02,9.182108626198083323e-01,3.078754697344265878e-02,7.134000140358693898e-01,0.000000000000000000e+00,3.997079998953267932e-03,6.504418180265929550e-01,1.413786239747423679e+00
7.300000000000000933e-02,1.430000000000000000e+02,1.260000000000000000e+02,1.773000000000000000e+03,1.439000000000000000e+03,5.315985130111524626e-01,7.463465553235908156e-02,9.194888178913738219e-01,3.516071403282694519e-02,6.901059160591103137e-01,0.000000000000000000e+00,3.957856999477371573e-03,6.459338919958099723e-01,1.390064648963743821e+00
7.399999999999999634e-02,1.420000000000000000e+02,1.260000000000000000e+02,1.774000000000000000e+03,1.439000000000000000e+03,5.298507462686566916e-01,7.411273486430063062e-02,9.194888178913738219e-01,3.310121598769910634e-02,6.824905738758388907e-01,0.000000000000000000e+00,3.921347961295396090e-03,6.483442340104375035e-01,1.382671461062273011e+00
7.499999999999999722e-02,1.390000000000000000e+02,1.250000000000000000e+02,1.777000000000000000e+03,1.440000000000000000e+03,5.265151515151514916e-01,7.254697286012526392e-02,9.201277955271565112e-01,3.021149002597667277e-02,6.444258400297258049e-01,0.000000000000000000e+00,3.691062011057510972e-03,6.028236850688699633e-01,1.294733855960657820e+00
7.599999999999999811e-02,1.350000000000000000e+02,1.210000000000000000e+02,1.781000000000000000e+03,1.444000000000000000e+03,5.273437500000000000e-01,7.045929018789144627e-02,9.226837060702874904e-01,2.669382697786204517e-02,6.758278469496872276e-01,0.000000000000000000e+00,3.859446966089308262e-03,6.492180399654898793e-01,1.368990408867830411e+00
7.699999999999999900e-02,1.330000000000000000e+02,1.200000000000000000e+02,1.783000000000000000e+03,1.445000000000000000e+03,5.256916996047430457e-01,6.941544885177453050e-02,9.233226837060702907e-01,2.497249396401457489e-02,6.580788400315213948e-01,0.000000000000000000e+00,3.679988032672554255e-03,6.489837999106384814e-01,1.348818325903266668e+00
7.799999999999999989e-02,1.310000000000000000e+02,1.160000000000000000e+02,1.785000000000000000e+03,1.449000000000000000e+03,5.303643724696356365e-01,6.837160751565761474e-02,9.258785942492012699e-01,3.146415192168205976e-02,6.674003219814039767e-01,0.000000000000000000e+00,3.746383968973532319e-03,6.556586749793495983e-01,1.371598639001604170e+00
7.900000000000000078e-02,1.300000000000000000e+02,1.150000000000000000e+02,1.786000000000000000e+03,1.450000000000000000e+03,5.306122448979592177e-01,6.784968684759916380e-02,9.265175718849840703e-01,2.931181792519055307e-02,6.790753398963715881e-01,0.000000000000000000e+00,3.864199039526283741e-03,6.407781099551357329e-01,1.366549088910687715e+00
8.000000000000000167e-02,1.280000000000000000e+02,1.150000000000000000e+02,1.788000000000000000e+03,1.450000000000000000e+03,5.267489711934156826e-01,6.680584551148224803e-02,9.265175718849840703e-01,2.693235801416449249e-02,6.920078119146637619e-01,0.000000000000000000e+00,4.024044086690992117e-03,6.543873829650692642e-01,1.391343417024472728e+00
8.100000000000000255e-02,1.260000000000000000e+02,1.150000000000000000e+02,1.790000000000000000e+03,1.450000000000000000e+03,5.228215767634855071e-01,6.576200417536534615e-02,9.265175718849840703e-01,2.754088005167432129e-02,6.773305500100832433e-01,0.000000000000000000e+00,3.730132884811609983e-03,6.510803629353176802e-01,1.372942501009674743e+00
8.200000000000000344e-02,1.250000000000000000e+02,1.150000000000000000e+02,1.791000000000000000e+03,1.450000000000000000e+03,5.208333333333333703e-01,6.524008350730689521e-02,9.265175718849840703e-01,2.769575110869482160e-02,6.774974629806820303e-01,0.000000000000000000e+00,3.854634065646678209e-03,6.459202649130020291e-01,1.368224608944728971e+00
8.300000000000000433e-02,1.240000000000000000e+02,1.140000000000000000e+02,1.792000000000000000e+03,1.451000000000000000e+03,5.210084033613445742e-01,6.471816283924843038e-02,9.271565495207667595e-01,2.811909490264952183e-02,6.709286609839182347e-01,0.000000000000000000e+00,3.741449036169797182e-03,6.447603909182362258e-01,1.360152196022681892e+00
8.400000000000000522e-02,1.240000000000000000e+02,1.120000000000000000e+02,1.792000000000000000e+03,1.453000000000000000e+03,5.254237288135593653e-01,6.471816283924843038e-02,9.284345047923322491e-01,2.854338102042675018e-02,6.644411690067499876e-01,0.000000000000000000e+00,3.669358906336128712e-03,6.330899709137156606e-01,1.342495448014233261e+00
8.500000000000000611e-02,1.220000000000000000e+02,1.110000000000000000e+02,1.794000000000000000e+03,1.454000000000000000e+03,5.236051502145923076e-01,6.367432150313152850e-02,9.290734824281150495e-01,2.812736594933085144e-02,6.810124969924800098e-01,0.000000000000000000e+00,3.873607987770810723e-03,6.510220639756880701e-01,1.377229894103948027e+00
8.600000000000000699e-02,1.200000000000000000e+02,1.080000000000000000e+02,1.796000000000000000e+03,1.457000000000000000e+03,5.263157894736841813e-01,6.263048016701461274e-02,9.309904153354632284e-01,2.704120703856460750e-02,6.727981641015503556e-01,0.000000000000000000e+00,3.817669959971681237e-03,6.476060290879104286e-01,1.364168667118065059e+00
8.700000000000000788e-02,1.180000000000000000e+02,1.080000000000000000e+02,1.798000000000000000e+03,1.457000000000000000e+03,5.221238938053097689e-01,6.158663883089770391e-02,9.309904153354632284e-01,3.551074006827548146e-02,6.807053639786317945e-01,0.000000000000000000e+00,3.870470041874796152e-03,6.537659370223991573e-01,1.387328110024100170e+00
8.800000000000000877e-02,1.170000000000000000e+02,1.080000000000000000e+02,1.799000000000000000e+03,1.457000000000000000e+03,5.200000000000000178e-01,6.106471816283924603e-02,9.309904153354632284e-01,2.749724109889939427e-02,6.793622148979920894e-01,0.000000000000000000e+00,3.932379040634259582e-03,6.542661160056013614e-01,1.379162940022069961e+00
8.899999999999999578e-02,1.170000000000000000e+02,1.070000000000000000e+02,1.799000000000000000e+03,1.458000000000000000e+03,5.223214285714286031e-01,6.106471816283924603e-02,9.316293929712460287e-01,2.818185908836312592e-02,6.834645680210087448e-01,0.000000000000000000e+00,4.078373051015660167e-03,6.522011280758306384e-01,1.382782858825521544e+00
8.999999999999999667e-02,1.150000000000000000e+02,1.070000000000000000e+02,1.801000000000000000e+03,1.458000000000000000e+03,5.180180180180180560e-01,6.002087682672233721e-02,9.316293929712460287e-01,4.026686592260375619e-02,6.860080850019585341e-01,0.000000000000000000e+00,3.984315088018774986e-03,6.459478540054988116e-01,1.391103059868328273e+00
9.099999999999999756e-02,1.140000000000000000e+02,1.070000000000000000e+02,1.802000000000000000e+03,1.458000000000000000e+03,5.158371040723982448e-01,5.949895615866388626e-02,9.316293929712460287e-01,3.029418495134450495e-02,6.833809481177013367e-01,0.000000000000000000e+00,4.008269985206425190e-03,6.506470320455264300e-01,1.383329007105203345e+00
9.199999999999999845e-02,1.130000000000000000e+02,1.060000000000000000e+02,1.803000000000000000e+03,1.459000000000000000e+03,5.159817351598173785e-01,5.897703549060542838e-02,9.322683706070287180e-01,4.019751699524931610e-02,6.878601949429139495e-01,0.000000000000000000e+00,4.047856957186013460e-03,6.481058630452025682e-01,1.394474919099593535e+00
9.299999999999999933e-02,1.120000000000000000e+02,1.050000000000000000e+02,1.804000000000000000e+03,1.460000000000000000e+03,5.161290322580645018e-01,5.845511482254697050e-02,9.329073482428115183e-01,3.675762907369062304e-02,6.831712610728573054e-01,0.000000000000000000e+00,3.980230889283120632e-03,6.457076199585571885e-01,1.384267200046451762e+00
9.400000000000000022e-02,1.110000000000000000e+02,1.030000000000000000e+02,1.805000000000000000e+03,1.462000000000000000e+03,5.186915887850467310e-01,5.793319415448851956e-02,9.341853035143770079e-01,2.869037314667366445e-02,6.816703889926429838e-01,0.000000000000000000e+00,4.015282931504771113e-03,6.495231961889658123e-01,1.378398672037292272e+00
9.500000000000000111e-02,1.110000000000000000e+02,1.030000000000000000e+02,1.805000000000000000e+03,1.462000000000000000e+03,5.186915887850467310e-01,5.793319415448851956e-02,9.341853035143770079e-01,3.068924590479582548e-02,6.822604420303832740e-01,0.000000000000000000e+00,3.955229069106280804e-03,6.498079488228540868e-01,1.380665538017638028e+00
9.600000000000000200e-02,1.080000000000000000e+02,1.000000000000000000e+02,1.808000000000000000e+03,1.465000000000000000e+03,5.192307692307692735e-01,5.636743215031315285e-02,9.361022364217251868e-01,2.870849508326500654e-02,6.817804740276187658e-01,0.000000000000000000e+00,3.995897975983098149e-03,6.506983221042901278e-01,1.379685278021497652e+00
9.700000000000000289e-02,1.080000000000000000e+02,9.800000000000000000e+01,1.808000000000000000e+03,1.467000000000000000e+03,5.242718446601941640e-01,5.636743215031315285e-02,9.373801916932907874e-01,3.004280192544683814e-02,6.806672340608201921e-01,0.000000000000000000e+00,4.012989142211154103e-03,6.493533239990938455e-01,1.378381563059519976e+00
9.800000000000000377e-02,1.070000000000000000e+02,9.700000000000000000e+01,1.809000000000000000e+03,1.468000000000000000e+03,5.245098039215686514e-01,5.584551148225469497e-02,9.380191693290734767e-01,2.911918199970386922e-02,6.717264738981612027e-01,0.000000000000000000e+00,4.015267099021002650e-03,6.325590000196825713e-01,1.352319877973059192e+00
9.900000000000000466e-02,1.050000000000000000e+02,9.700000000000000000e+01,1.811000000000000000e+03,1.468000000000000000e+03,5.198019801980198196e-01,5.480167014613778614e-02,9.380191693290734767e-01,3.097130192327313125e-02,6.762753800139762461e-01,0.000000000000000000e+00,3.985149000072851777e-03,6.483365549647714943e-01,1.373388104868354276e+00
1.000000000000000056e-01,1.030000000000000000e+02,9.500000000000000000e+01,1.813000000000000000e+03,1.470000000000000000e+03,5.202020202020202211e-01,5.375782881002087732e-02,9.392971246006389663e-01,2.973111893516033888e-02,6.602450239879544824e-01,0.000000000000000000e+00,3.822820115601643920e-03,6.461669708660338074e-01,1.352442133065778762e+00
1.010000000000000064e-01,1.030000000000000000e+02,9.500000000000000000e+01,1.813000000000000000e+03,1.470000000000000000e+03,5.202020202020202211e-01,5.375782881002087732e-02,9.392971246006389663e-01,2.602869513793848455e-02,6.566939349577296525e-01,0.000000000000000000e+00,3.709120937855914235e-03,6.469457470811903477e-01,1.345342316984897479e+00
1.020000000000000073e-01,1.010000000000000000e+02,9.500000000000000000e+01,1.815000000000000000e+03,1.470000000000000000e+03,5.153061224489795533e-01,5.271398747390396849e-02,9.392971246006389663e-01,2.644890104420483112e-02,6.643562950484920293e-01,0.000000000000000000e+00,3.890459018293768167e-03,6.583428088342770934e-01,1.366484757949365303e+00
1.030000000000000082e-01,1.000000000000000000e+02,9.500000000000000000e+01,1.816000000000000000e+03,1.470000000000000000e+03,5.128205128205127750e-01,5.219206680584551061e-02,9.392971246006389663e-01,2.862031487165950239e-02,6.838393269863445312e-01,0.000000000000000000e+00,3.997608728241175413e-03,6.553903928434010595e-01,1.385438940953463316e+00
1.040000000000000091e-01,1.000000000000000000e+02,9.500000000000000000e+01,1.816000000000000000e+03,1.470000000000000000e+03,5.128205128205127750e-01,5.219206680584551061e-02,9.392971246006389663e-01,3.079588297987356782e-02,6.768327430181670934e-01,0.000000000000000000e+00,3.758231876417994499e-03,6.486213569587562233e-01,1.372540039010345936e+00
1.050000000000000100e-01,9.900000000000000000e+01,9.500000000000000000e+01,1.817000000000000000e+03,1.470000000000000000e+03,5.103092783505154273e-01,5.167014613778705967e-02,9.392971246006389663e-01,2.760148985544219613e-02,6.834405580011662096e-01,0.000000000000000000e+00,3.838963952148333192e-03,6.508551390143111348e-01,1.378541784972185269e+00
1.059999999999999970e-01,9.800000000000000000e+01,9.400000000000000000e+01,1.818000000000000000e+03,1.471000000000000000e+03,5.104166666666666297e-01,5.114822546972860179e-02,9.399361022364217666e-01,3.179413601174019277e-02,6.873860091727692634e-01,0.000000000000000000e+00,3.887432831106707454e-03,6.549559870327357203e-01,1.391252002998953685e+00
1.069999999999999979e-01,9.700000000000000000e+01,9.400000000000000000e+01,1.819000000000000000e+03,1.471000000000000000e+03,5.078534031413612926e-01,5.062630480167014391e-02,9.399361022364217666e-01,2.766648598480969667e-02,6.675155530101619661e-01,0.000000000000000000e+00,3.697672014823183417e-03,6.482340729562565684e-01,1.359145469847135246e+00
1.079999999999999988e-01,9.700000000000000000e+01,9.300000000000000000e+01,1.819000000000000000e+03,1.472000000000000000e+03,5.105263157894737169e-01,5.062630480167014391e-02,9.405750798722044559e-01,2.803404288715682924e-02,6.814096669841092080e-01,0.000000000000000000e+00,3.814185038208961487e-03,6.475798971368931234e-01,1.373801905981963500e+00
1.089999999999999997e-01,9.700000000000000000e+01,9.300000000000000000e+01,1.819000000000000000e+03,1.472000000000000000e+03,5.105263157894737169e-01,5.062630480167014391e-02,9.405750798722044559e-01,3.576828312361612916e-02,6.808751658536493778e-01,0.000000000000000000e+00,3.886952035827562213e-03,6.540782449592370540e-01,1.387599970941664651e+00
1.100000000000000006e-01,9.400000000000000000e+01,9.100000000000000000e+01,1.822000000000000000e+03,1.474000000000000000e+03,5.081081081081081363e-01,4.906054279749478414e-02,9.418530351437699455e-01,3.192507699714042246e-02,6.690604579926002771e-01,0.000000000000000000e+00,3.783159016165882349e-03,6.538140109332744032e-01,1.371008419053396210e+00
1.110000000000000014e-01,9.300000000000000000e+01,9.100000000000000000e+01,1.823000000000000000e+03,1.474000000000000000e+03,5.054347826086956763e-01,4.853862212943632626e-02,9.418530351437699455e-01,2.940604698960669339e-02,6.617600619792938232e-01,0.000000000000000000e+00,3.767229936784133315e-03,6.453653709904756397e-01,1.352628569962689653e+00
1.120000000000000023e-01,9.100000000000000000e+01,8.900000000000000000e+01,1.825000000000000000e+03,1.476000000000000000e+03,5.055555555555555358e-01,4.749478079331941743e-02,9.431309904153354351e-01,3.173258906463161111e-02,6.805894359422381967e-01,0.000000000000000000e+00,3.975370869738981128e-03,6.496379010786768049e-01,1.379532980063231662e+00
1.130000000000000032e-01,9.000000000000000000e+01,8.900000000000000000e+01,1.826000000000000000e+03,1.476000000000000000e+03,5.027932960893854997e-01,4.697286012526095955e-02,9.431309904153354351e-01,2.661422695382498205e-02,6.641076919040642679e-01,0.000000000000000000e+00,3.907344042090699077e-03,6.345709490415174514e-01,1.342999290936859325e+00
1.140000000000000041e-01,9.000000000000000000e+01,8.900000000000000000e+01,1.826000000000000000e+03,1.476000000000000000e+03,5.027932960893854997e-01,4.697286012526095955e-02,9.431309904153354351e-01,2.658869800507090986e-02,6.841796519584022462e-01,0.000000000000000000e+00,3.951646940549835563e-03,6.564697491412516683e-01,1.384929779917001724e+00
1.150000000000000050e-01,8.900000000000000000e+01,8.800000000000000000e+01,1.827000000000000000e+03,1.477000000000000000e+03,5.028248587570621764e-01,4.645093945720250861e-02,9.437699680511182354e-01,2.653191305580548942e-02,6.813934749807231128e-01,0.000000000000000000e+00,3.964338102377951145e-03,6.527719909208826721e-01,1.378596337046474218e+00
1.160000000000000059e-01,8.800000000000000000e+01,8.700000000000000000e+01,1.828000000000000000e+03,1.478000000000000000e+03,5.028571428571428914e-01,4.592901878914405073e-02,9.444089456869009247e-01,3.093486500438302755e-02,6.862581070454325527e-01,0.000000000000000000e+00,3.996203071437776089e-03,6.516727629641536623e-01,1.386904797021998093e+00
1.170000000000000068e-01,8.800000000000000000e+01,8.700000000000000000e+01,1.828000000000000000e+03,1.478000000000000000e+03,5.028571428571428914e-01,4.592901878914405073e-02,9.444089456869009247e-01,2.727963210782036185e-02,6.777753828209824860e-01,0.000000000000000000e+00,3.945172851672396064e-03,6.524713899416383356e-01,1.375497889035614207e+00
1.180000000000000077e-01,8.500000000000000000e+01,8.700000000000000000e+01,1.831000000000000000e+03,1.478000000000000000e+03,4.941860465116278966e-01,4.436325678496868402e-02,9.444089456869009247e-01,2.571506690583191812e-02,6.697688199346885085e-01,0.000000000000000000e+00,3.926869103452190757e-03,6.524064760596957058e-01,1.365358710929285735e+00
1.190000000000000085e-01,8.500000000000000000e+01,8.700000000000000000e+01,1.831000000000000000e+03,1.478000000000000000e+03,4.941860465116278966e-01,4.436325678496868402e-02,9.444089456869009247e-01,2.942798711592331529e-02,6.817641390371136367e-01,0.000000000000000000e+00,3.996738087153062224e-03,6.514953810547012836e-01,1.380830717971548438e+00
1.200000000000000094e-01,8.500000000000000000e+01,8.600000000000000000e+01,1.831000000000000000e+03,1.479000000000000000e+03,4.970760233918128379e-01,4.436325678496868402e-02,9.450479233226837250e-01,2.701085308217443526e-02,6.781141251558437943e-01,0.000000000000000000e+00,3.910968021955341101e-03,6.474500010372139513e-01,1.370239865966141224e+00
1.209999999999999964e-01,8.500000000000000000e+01,8.300000000000000000e+01,1.831000000000000000e+03,1.482000000000000000e+03,5.059523809523809312e-01,4.436325678496868402e-02,9.469648562300319039e-01,2.735715606831945479e-02,6.773416021023876965e-01,0.000000000000000000e+00,4.005074093583971262e-03,6.636198290216270834e-01,1.386219162115594372e+00
1.219999999999999973e-01,8.400000000000000000e+01,8.300000000000000000e+01,1.832000000000000000e+03,1.482000000000000000e+03,5.029940119760478723e-01,4.384133611691023308e-02,9.469648562300319039e-01,3.475371608510613441e-02,6.685625910758972168e-01,0.000000000000000000e+00,3.846035891911014915e-03,6.269413200498092920e-01,1.347395617049187422e+00
1.229999999999999982e-01,8.200000000000000000e+01,8.300000000000000000e+01,1.834000000000000000e+03,1.482000000000000000e+03,4.969696969696969502e-01,4.279749478079331731e-02,9.469648562300319039e-01,2.669634806807152927e-02,6.756082460051402450e-01,0.000000000000000000e+00,3.958255954785272479e-03,6.518100430839695036e-01,1.371546648966614157e+00
1.239999999999999991e-01,8.200000000000000000e+01,8.300000000000000000e+01,1.834000000000000000e+03,1.482000000000000000e+03,4.969696969696969502e-01,4.279749478079331731e-02,9.469648562300319039e-01,2.784898807294666767e-02,6.646811909158714116e-01,0.000000000000000000e+00,3.856697992887347937e-03,6.499703380395658314e-01,1.358721247903304175e+00
1.250000000000000000e-01,8.200000000000000000e+01,8.300000000000000000e+01,1.834000000000000000e+03,1.482000000000000000e+03,4.969696969696969502e-01,4.279749478079331731e-02,9.469648562300319039e-01,2.639943396206945181e-02,6.533723280008416623e-01,0.000000000000000000e+00,3.707674040924757719e-03,6.426458281930536032e-01,1.337871514930156991e+00
1.260000000000000009e-01,8.100000000000000000e+01,8.100000000000000000e+01,1.835000000000000000e+03,1.484000000000000000e+03,5.000000000000000000e-01,4.227557411273486637e-02,9.482428115015973935e-01,2.638456708518788218e-02,6.655624260602053255e-01,0.000000000000000000e+00,3.823393053608015180e-03,6.527245629695244133e-01,1.360833479906432331e+00
1.270000000000000018e-01,8.000000000000000000e+01,8.100000000000000000e+01,1.836000000000000000e+03,1.484000000000000000e+03,4.968944099378881929e-01,4.175365344467640849e-02,9.482428115015973935e-01,2.598351688357070088e-02,6.376391799713019282e-01,0.000000000000000000e+00,3.627819067332893610e-03,6.180060459009837359e-01,1.297100297088036314e+00
1.280000000000000027e-01,7.900000000000000000e+01,8.000000000000000000e+01,1.837000000000000000e+03,1.485000000000000000e+03,4.968553459119496862e-01,4.123173277661795061e-02,9.488817891373801938e-01,2.711338701192289591e-02,6.631281361042056233e-01,0.000000000000000000e+00,3.784644039114937186e-03,6.358832200639881194e-01,1.341829897952266037e+00
1.290000000000000036e-01,7.700000000000000000e+01,8.000000000000000000e+01,1.839000000000000000e+03,1.485000000000000000e+03,4.904458598726114671e-01,4.018789144050104178e-02,9.488817891373801938e-01,2.830338600324466825e-02,6.736770130228251219e-01,0.000000000000000000e+00,3.785281034652143717e-03,6.521987209853250533e-01,1.370343062066240236e+00
1.300000000000000044e-01,7.600000000000000000e+01,7.800000000000000000e+01,1.840000000000000000e+03,1.487000000000000000e+03,4.935064935064935043e-01,3.966597077244259084e-02,9.501597444089456834e-01,2.417048404458910227e-02,6.126152600336354226e-01,0.000000000000000000e+00,3.435739054111763835e-03,5.924365320242941380e-01,1.243897495791316032e+00
1.310000000000000053e-01,7.500000000000000000e+01,7.800000000000000000e+01,1.841000000000000000e+03,1.487000000000000000e+03,4.901960784313725283e-01,3.914405010438413296e-02,9.501597444089456834e-01,3.230534805334173143e-02,6.792124060739297420e-01,0.000000000000000000e+00,4.140361037570983171e-03,6.591859610925894231e-01,1.387277837871806696e+00
1.320000000000000062e-01,7.400000000000000000e+01,7.700000000000000000e+01,1.842000000000000000e+03,1.488000000000000000e+03,4.900662251655629187e-01,3.862212943632567508e-02,9.507987220447284837e-01,2.769584293127991259e-02,6.772684939787723124e-01,0.000000000000000000e+00,3.799072030233219266e-03,6.533866061363369226e-01,1.374356494110543281e+00
1.330000000000000071e-01,7.300000000000000000e+01,7.600000000000000000e+01,1.843000000000000000e+03,1.489000000000000000e+03,4.899328859060402830e-01,3.810020876826722414e-02,9.514376996805111730e-01,3.204488806659355760e-02,6.659259119478520006e-01,0.000000000000000000e+00,3.699982044054195285e-03,6.310389630671124905e-01,1.344785234075970948e+00
1.340000000000000080e-01,7.300000000000000000e+01,7.500000000000000000e+01,1.843000000000000000e+03,1.490000000000000000e+03,4.932432432432432567e-01,3.810020876826722414e-02,9.520766773162939733e-01,2.803388203028589487e-02,6.745343120710458606e-01,0.000000000000000000e+00,3.814402967691421509e-03,6.645870379870757461e-01,1.382864443934522569e+00
1.350000000000000089e-01,7.300000000000000000e+01,7.500000000000000000e+01,1.843000000000000000e+03,1.490000000000000000e+03,4.932432432432432567e-01,3.810020876826722414e-02,9.520766773162939733e-01,3.278126704390160739e-02,6.760764319333247840e-01,0.000000000000000000e+00,3.738431230885908008e-03,6.478491159505210817e-01,1.372600895003415644e+00
1.360000000000000098e-01,7.300000000000000000e+01,7.400000000000000000e+01,1.843000000000000000e+03,1.491000000000000000e+03,4.965986394557823091e-01,3.810020876826722414e-02,9.527156549520766626e-01,2.868138896883465350e-02,6.706532421230804175e-01,0.000000000000000000e+00,3.804872045293450356e-03,6.428634640469681472e-01,1.358779997972305864e+00
1.370000000000000107e-01,7.300000000000000000e+01,7.400000000000000000e+01,1.843000000000000000e+03,1.491000000000000000e+03,4.965986394557823091e-01,3.810020876826722414e-02,9.527156549520766626e-01,3.176388406427577138e-02,6.861442720110062510e-01,0.000000000000000000e+00,3.979267872637137771e-03,6.533887531550135463e-01,1.388918736862251535e+00
1.380000000000000115e-01,7.200000000000000000e+01,7.400000000000000000e+01,1.844000000000000000e+03,1.491000000000000000e+03,4.931506849315068219e-01,3.757828810020876625e-02,9.527156549520766626e-01,3.437507082708179951e-02,6.861749069066718221e-01,0.000000000000000000e+00,4.070918977959081531e-03,6.518162408901844174e-01,1.390703631972428411e+00
1.390000000000000124e-01,7.200000000000000000e+01,7.400000000000000000e+01,1.844000000000000000e+03,1.491000000000000000e+03,4.931506849315068219e-01,3.757828810020876625e-02,9.527156549520766626e-01,2.498252992518246174e-02,6.767230201221536845e-01,0.000000000000000000e+00,3.971912956330925226e-03,6.537290980049874634e-01,1.373107249062741175e+00
1.400000000000000133e-01,7.200000000000000000e+01,7.400000000000000000e+01,1.844000000000000000e+03,1.491000000000000000e+03,4.931506849315068219e-01,3.757828810020876625e-02,9.527156549520766626e-01,4.946986000868491828e-02,6.848712270730175078e-01,0.000000000000000000e+00,4.005416092695668340e-03,6.503464390116278082e-01,1.402503708901349455e+00
1.410000000000000142e-01,7.200000000000000000e+01,7.100000000000000000e+01,1.844000000000000000e+03,1.494000000000000000e+03,5.034965034965035446e-01,3.757828810020876625e-02,9.546325878594249525e-01,3.616659119143150747e-02,6.866794340603519231e-01,0.000000000000000000e+00,3.928021993488073349e-03,6.497667400690261275e-01,1.389900916925398633e+00
1.420000000000000151e-01,7.100000000000000000e+01,7.100000000000000000e+01,1.845000000000000000e+03,1.494000000000000000e+03,5.000000000000000000e-01,3.705636743215031531e-02,9.546325878594249525e-01,3.264844897785224020e-02,6.816266679961699992e-01,0.000000000000000000e+00,4.009877884527668357e-03,6.467878148832824081e-01,1.378867471910780296e+00
1.430000000000000160e-01,7.100000000000000000e+01,7.100000000000000000e+01,1.845000000000000000e+03,1.494000000000000000e+03,5.000000000000000000e-01,3.705636743215031531e-02,9.546325878594249525e-01,3.682187994127161801e-02,6.837551261705812067e-01,0.000000000000000000e+00,3.967533906688913703e-03,6.500014809716958553e-01,1.388179294241126627e+00
1.440000000000000169e-01,7.100000000000000000e+01,7.100000000000000000e+01,1.845000000000000000e+03,1.494000000000000000e+03,5.000000000000000000e-01,3.705636743215031531e-02,9.546325878594249525e-01,4.039241894497536123e-02,6.819270160631276667e-01,0.000000000000000000e+00,4.033919918583706021e-03,6.523778809932991862e-01,1.392427741986466572e+00
1.450000000000000178e-01,7.100000000000000000e+01,7.100000000000000000e+01,1.845000000000000000e+03,1.494000000000000000e+03,5.000000000000000000e-01,3.705636743215031531e-02,9.546325878594249525e-01,4.962937100208364427e-02,6.862895119993481785e-01,0.000000000000000000e+00,3.973654936999082565e-03,6.550342190021183342e-01,1.408488274086266756e+00
1.459999999999999909e-01,7.000000000000000000e+01,7.100000000000000000e+01,1.846000000000000000e+03,1.494000000000000000e+03,4.964539007092198530e-01,3.653444676409185743e-02,9.546325878594249525e-01,3.224782107281498611e-02,6.833706560428254306e-01,0.000000000000000000e+00,4.071368020959198475e-03,6.503627939673606306e-01,1.383573552098823711e+00
1.469999999999999918e-01,7.000000000000000000e+01,7.100000000000000000e+01,1.846000000000000000e+03,1.494000000000000000e+03,4.964539007092198530e-01,3.653444676409185743e-02,9.546325878594249525e-01,2.563307806849479675e-02,6.798029010824393481e-01,0.000000000000000000e+00,4.005509079433977604e-03,6.506158359698019922e-01,1.373883959895465523e+00
1.479999999999999927e-01,6.900000000000000000e+01,7.000000000000000000e+01,1.847000000000000000e+03,1.495000000000000000e+03,4.964028776978417490e-01,3.601252609603339955e-02,9.552715654952076418e-01,2.819297290989197791e-02,6.635336439649108797e-01,0.000000000000000000e+00,3.801354963798075914e-03,6.449326340807601810e-01,1.352016600023489445e+00
1.489999999999999936e-01,6.700000000000000000e+01,6.900000000000000000e+01,1.849000000000000000e+03,1.496000000000000000e+03,4.926470588235294379e-01,3.496868475991649072e-02,9.559105431309904422e-01,2.872284399927593768e-02,6.637070559954736382e-01,0.000000000000000000e+00,3.827864973573014140e-03,6.332801200333051383e-01,1.341873892990406603e+00
1.499999999999999944e-01,6.600000000000000000e+01,6.900000000000000000e+01,1.850000000000000000e+03,1.496000000000000000e+03,4.888888888888888729e-01,3.444676409185803978e-02,9.559105431309904422e-01,2.912439397186972201e-02,6.691541990439873189e-01,0.000000000000000000e+00,3.888774925144389272e-03,6.581972980056889355e-01,1.373686244973214343e+00
1.509999999999999953e-01,6.600000000000000000e+01,6.900000000000000000e+01,1.850000000000000000e+03,1.496000000000000000e+03,4.888888888888888729e-01,3.444676409185803978e-02,9.559105431309904422e-01,2.726624492788687348e-02,6.700726279814261943e-01,0.000000000000000000e+00,3.911861043889075518e-03,6.517845270573161542e-01,1.365183188987430185e+00
1.519999999999999962e-01,6.500000000000000000e+01,6.700000000000000000e+01,1.851000000000000000e+03,1.498000000000000000e+03,4.924242424242424310e-01,3.392484342379958190e-02,9.571884984025559318e-01,2.996192793943919241e-02,6.676287059090100229e-01,0.000000000000000000e+00,3.831998095847666264e-03,6.582317659049294889e-01,1.371565159875899553e+00
1.529999999999999971e-01,6.500000000000000000e+01,6.700000000000000000e+01,1.851000000000000000e+03,1.498000000000000000e+03,4.924242424242424310e-01,3.392484342379958190e-02,9.571884984025559318e-01,2.751485494081862271e-02,6.660807509615551680e-01,0.000000000000000000e+00,3.719482017913833261e-03,6.499979710206389427e-01,1.359140168235171586e+00
1.539999999999999980e-01,6.500000000000000000e+01,6.700000000000000000e+01,1.851000000000000000e+03,1.498000000000000000e+03,4.924242424242424310e-01,3.392484342379958190e-02,9.571884984025559318e-01,3.671560293878428638e-02,6.750402260222472250e-01,0.000000000000000000e+00,3.791154071222990751e-03,6.508556400076486170e-01,1.378576751973014325e+00
1.549999999999999989e-01,6.400000000000000000e+01,6.700000000000000000e+01,1.852000000000000000e+03,1.498000000000000000e+03,4.885496183206106680e-01,3.340292275574112402e-02,9.571884984025559318e-01,3.069327483535744250e-02,6.742618888674769551e-01,0.000000000000000000e+00,3.862924902932718396e-03,6.543193258985411376e-01,1.375228184915613383e+00
1.559999999999999998e-01,6.400000000000000000e+01,6.700000000000000000e+01,1.852000000000000000e+03,1.498000000000000000e+03,4.885496183206106680e-01,3.340292275574112402e-02,9.571884984025559318e-01,3.643801994621753693e-02,6.769631039351224899e-01,0.000000000000000000e+00,3.691639110911637545e-03,6.569506190135143697e-01,1.385472904134076089e+00
1.570000000000000007e-01,6.300000000000000000e+01,6.600000000000000000e+01,1.853000000000000000e+03,1.499000000000000000e+03,4.883720930232557933e-01,3.288100208768267307e-02,9.578274760383386210e-01,2.810741192661225796e-02,6.809655631368514150e-01,0.000000000000000000e+00,3.845383034786209464e-03,6.591412748966831714e-01,1.384255648939870298e+00
1.580000000000000016e-01,6.200000000000000000e+01,6.600000000000000000e+01,1.854000000000000000e+03,1.499000000000000000e+03,4.843750000000000000e-01,3.235908141962421519e-02,9.578274760383386210e-01,3.645205791690386832e-02,6.732530329609289765e-01,0.000000000000000000e+00,3.751580981770530343e-03,6.600769960205070674e-01,1.385394047916634008e+00
1.590000000000000024e-01,6.100000000000000000e+01,6.600000000000000000e+01,1.855000000000000000e+03,1.499000000000000000e+03,4.803149606299212393e-01,3.183716075156576425e-02,9.578274760383386210e-01,2.537013703840784729e-02,6.683674891537521034e-01,0.000000000000000000e+00,3.781828854698687792e-03,6.610348731337580830e-01,1.369980103045236319e+00
1.600000000000000033e-01,6.100000000000000000e+01,6.600000000000000000e+01,1.855000000000000000e+03,1.499000000000000000e+03,4.803149606299212393e-01,3.183716075156576425e-02,9.578274760383386210e-01,2.885002107359468937e-02,6.798073649406433105e-01,0.000000000000000000e+00,3.930255043087527156e-03,6.524235428660176694e-01,1.377884708956116810e+00
1.610000000000000042e-01,6.000000000000000000e+01,6.500000000000000000e+01,1.856000000000000000e+03,1.500000000000000000e+03,4.799999999999999822e-01,3.131524008350730637e-02,9.584664536741214214e-01,3.241265693213790655e-02,6.816034601069986820e-01,0.000000000000000000e+00,3.973066020989790559e-03,6.538301889086142182e-01,1.385563923919107765e+00
1.620000000000000051e-01,6.000000000000000000e+01,6.500000000000000000e+01,1.856000000000000000e+03,1.500000000000000000e+03,4.799999999999999822e-01,3.131524008350730637e-02,9.584664536741214214e-01,2.734694720129482448e-02,6.757768700190354139e-01,0.000000000000000000e+00,3.999485954409465194e-03,6.540776609908789396e-01,1.374370291014201939e+00
1.630000000000000060e-01,6.000000000000000000e+01,6.500000000000000000e+01,1.856000000000000000e+03,1.500000000000000000e+03,4.799999999999999822e-01,3.131524008350730637e-02,9.584664536741214214e-01,3.369502216810360551e-02,6.767368639411870390e-01,0.000000000000000000e+00,3.994955011876299977e-03,6.493844829092267901e-01,1.376978906046133488e+00
1.640000000000000069e-01,6.000000000000000000e+01,6.500000000000000000e+01,1.856000000000000000e+03,1.500000000000000000e+03,4.799999999999999822e-01,3.131524008350730637e-02,9.584664536741214214e-01,3.627948294160887599e-02,6.779651600809302181e-01,0.000000000000000000e+00,3.998460015282034874e-03,6.628635579254478216e-01,1.394545062008546665e+00
1.650000000000000078e-01,6.000000000000000000e+01,6.500000000000000000e+01,1.856000000000000000e+03,1.500000000000000000e+03,4.799999999999999822e-01,3.131524008350730637e-02,9.584664536741214214e-01,3.388701609219424427e-02,6.783325329015497118e-01,0.000000000000000000e+00,3.993121819803491235e-03,6.530059180804528296e-01,1.382451194949680939e+00
1.660000000000000087e-01,6.000000000000000000e+01,6.400000000000000000e+01,1.856000000000000000e+03,1.501000000000000000e+03,4.838709677419354982e-01,3.131524008350730637e-02,9.591054313099041106e-01,4.518409108277410269e-02,6.900504670047666878e-01,0.000000000000000000e+00,3.972757083829492331e-03,6.668701729504391551e-01,1.419739449920598418e+00
1.670000000000000095e-01,6.000000000000000000e+01,6.400000000000000000e+01,1.856000000000000000e+03,1.501000000000000000e+03,4.838709677419354982e-01,3.131524008350730637e-02,9.591054313099041106e-01,3.049874192220158875e-02,6.756951410206966102e-01,0.000000000000000000e+00,3.879861062159761786e-03,6.485357299970928580e-01,1.371816052967915311e+00
1.680000000000000104e-01,6.000000000000000000e+01,6.400000000000000000e+01,1.856000000000000000e+03,1.501000000000000000e+03,4.838709677419354982e-01,3.131524008350730637e-02,9.591054313099041106e-01,2.848928797175176442e-02,6.752025039750151336e-01,0.000000000000000000e+00,4.003461915999650955e-03,6.533046941040083766e-01,1.374497874930966645e+00
1.690000000000000113e-01,6.000000000000000000e+01,6.400000000000000000e+01,1.856000000000000000e+03,1.501000000000000000e+03,4.838709677419354982e-01,3.131524008350730637e-02,9.591054313099041106e-01,3.090219394653104246e-02,7.222016220039222389e-01,0.000000000000000000e+00,4.169588064542040229e-03,7.014972229662816972e-01,1.472463632031576708e+00
1.700000000000000122e-01,6.000000000000000000e+01,6.400000000000000000e+01,1.856000000000000000e+03,1.501000000000000000e+03,4.838709677419354982e-01,3.131524008350730637e-02,9.591054313099041106e-01,2.839433509507216513e-02,7.154156929755117744e-01,0.000000000000000000e+00,4.121624020626768470e-03,7.167243619333021343e-01,1.477704205957707018e+00
1.710000000000000131e-01,6.000000000000000000e+01,6.400000000000000000e+01,1.856000000000000000e+03,1.501000000000000000e+03,4.838709677419354982e-01,3.131524008350730637e-02,9.591054313099041106e-01,4.029024092596955597e-02,6.803475128253921866e-01,0.000000000000000000e+00,3.894347988534718752e-03,6.632336859474889934e-01,1.400658442085841671e+00
1.720000000000000140e-01,5.900000000000000000e+01,6.300000000000000000e+01,1.857000000000000000e+03,1.502000000000000000e+03,4.836065573770491621e-01,3.079331941544885196e-02,9.597444089456869110e-01,2.599174910574220121e-02,6.637461419159080833e-01,0.000000000000000000e+00,3.794950054725632071e-03,6.514795400144066662e-01,1.356809258955763653e+00
1.730000000000000149e-01,5.900000000000000000e+01,6.300000000000000000e+01,1.857000000000000000e+03,1.502000000000000000e+03,4.836065573770491621e-01,3.079331941544885196e-02,9.597444089456869110e-01,2.649924292927607894e-02,6.594936580513603985e-01,0.000000000000000000e+00,3.728075884282588959e-03,6.458939900330733508e-01,1.347206697944784537e+00
1.740000000000000158e-01,5.800000000000000000e+01,6.200000000000000000e+01,1.858000000000000000e+03,1.503000000000000000e+03,4.833333333333333370e-01,3.027139874739039754e-02,9.603833865814696003e-01,2.420788892777636647e-02,6.645226529217325151e-01,0.000000000000000000e+00,3.891644941177219152e-03,6.525947590125724673e-01,1.357836057955864817e+00
1.750000000000000167e-01,5.800000000000000000e+01,6.200000000000000000e+01,1.858000000000000000e+03,1.503000000000000000e+03,4.833333333333333370e-01,3.027139874739039754e-02,9.603833865814696003e-01,2.869095001369714737e-02,6.661962639482226223e-01,0.000000000000000000e+00,3.707073046825826168e-03,6.516993030381854624e-01,1.362268753931857646e+00
1.760000000000000175e-01,5.800000000000000000e+01,6.200000000000000000e+01,1.858000000000000000e+03,1.503000000000000000e+03,4.833333333333333370e-01,3.027139874739039754e-02,9.603833865814696003e-01,2.571526399697177112e-02,6.743410739873070270e-01,0.000000000000000000e+00,3.915104898624122143e-03,6.540141930163372308e-01,1.370050283032469451e+00
1.769999999999999907e-01,5.800000000000000000e+01,6.200000000000000000e+01,1.858000000000000000e+03,1.503000000000000000e+03,4.833333333333333370e-01,3.027139874739039754e-02,9.603833865814696003e-01,2.852938394062221050e-02,6.671088709263131022e-01,0.000000000000000000e+00,3.682853945065289736e-03,6.468949429399799556e-01,1.357291643071221188e+00
1.779999999999999916e-01,5.800000000000000000e+01,6.200000000000000000e+01,1.858000000000000000e+03,1.503000000000000000e+03,4.833333333333333370e-01,3.027139874739039754e-02,9.603833865814696003e-01,2.903198389685712755e-02,6.674239370622672141e-01,0.000000000000000000e+00,3.638680034782737494e-03,6.461430051131173968e-01,1.357960849942173809e+00
1.789999999999999925e-01,5.800000000000000000e+01,6.100000000000000000e+01,1.858000000000000000e+03,1.504000000000000000e+03,4.873949579831932666e-01,3.027139874739039754e-02,9.610223642172524006e-01,2.785474702250212431e-02,6.666403978888411075e-01,0.000000000000000000e+00,3.785963985137641430e-03,6.356290469993837178e-01,1.345622433931566775e+00
1.799999999999999933e-01,5.800000000000000000e+01,6.100000000000000000e+01,1.858000000000000000e+03,1.504000000000000000e+03,4.873949579831932666e-01,3.027139874739039754e-02,9.610223642172524006e-01,3.635876113548874855e-02,6.772403339855372906e-01,0.000000000000000000e+00,3.856740047922357917e-03,6.486563070502597839e-01,1.378400540910661221e+00
1.809999999999999942e-01,5.700000000000000000e+01,6.100000000000000000e+01,1.859000000000000000e+03,1.504000000000000000e+03,4.830508474576271083e-01,2.974947807933194313e-02,9.610223642172524006e-01,2.702381595736369491e-02,6.731815439707133919e-01,0.000000000000000000e+00,3.809171088505536318e-03,6.458695110632106662e-01,1.361347778933122754e+00
1.819999999999999951e-01,5.700000000000000000e+01,5.900000000000000000e+01,1.859000000000000000e+03,1.506000000000000000e+03,4.913793103448275690e-01,2.974947807933194313e-02,9.623003194888178902e-01,2.574427897343412042e-02,6.613612229994032532e-01,0.000000000000000000e+00,3.745462949154898524e-03,6.543027990846894681e-01,1.356844703928800300e+00
1.829999999999999960e-01,5.700000000000000000e+01,5.800000000000000000e+01,1.859000000000000000e+03,1.507000000000000000e+03,4.956521739130435034e-01,2.974947807933194313e-02,9.629392971246006905e-01,2.786841394845396280e-02,6.221538870013318956e-01,0.000000000000000000e+00,3.456170932622626424e-03,5.891788939770776778e-01,1.253930617967853323e+00
1.839999999999999969e-01,5.700000000000000000e+01,5.700000000000000000e+01,1.859000000000000000e+03,1.508000000000000000e+03,5.000000000000000000e-01,2.974947807933194313e-02,9.635782747603833798e-01,3.282303499872796237e-02,6.638375660986639559e-01,0.000000000000000000e+00,3.674759122077375650e-03,6.407293420052155852e-01,1.352654037968022749e+00
1.849999999999999978e-01,5.700000000000000000e+01,5.700000000000000000e+01,1.859000000000000000e+03,1.508000000000000000e+03,5.000000000000000000e-01,2.974947807933194313e-02,9.635782747603833798e-01,3.739730396773666143e-02,7.010249218728858978e-01,0.000000000000000000e+00,3.997885942226275802e-03,6.686866650125011802e-01,1.424606792075792328e+00
1.859999999999999987e-01,5.700000000000000000e+01,5.700000000000000000e+01,1.859000000000000000e+03,1.508000000000000000e+03,5.000000000000000000e-01,2.974947807933194313e-02,9.635782747603833798e-01,3.368448195396922529e-02,6.863493819546420127e-01,0.000000000000000000e+00,3.952208004193380475e-03,6.536512051825411618e-01,1.390435409994097427e+00
1.869999999999999996e-01,5.700000000000000000e+01,5.600000000000000000e+01,1.859000000000000000e+03,1.509000000000000000e+03,5.044247787610619538e-01,2.974947807933194313e-02,9.642172523961661801e-01,3.448874497553333640e-02,6.623150459781754762e-01,0.000000000000000000e+00,3.779790975386276841e-03,6.226419389713555574e-01,1.336081963992910460e+00
1.880000000000000004e-01,5.700000000000000000e+01,5.600000000000000000e+01,1.859000000000000000e+03,1.509000000000000000e+03,5.044247787610619538e-01,2.974947807933194313e-02,9.642172523961661801e-01,3.023048609611578286e-02,6.745966019807383418e-01,0.000000000000000000e+00,3.889917134074494243e-03,6.383203380100894719e-01,1.360130340122850612e+00
1.890000000000000013e-01,5.700000000000000000e+01,5.600000000000000000e+01,1.859000000000000000e+03,1.509000000000000000e+03,5.044247787610619538e-01,2.974947807933194313e-02,9.642172523961661801e-01,2.716580804553814232e-02,6.804775169002823532e-01,0.000000000000000000e+00,3.939571965020149946e-03,6.500552130746655166e-01,1.374678324908018112e+00
1.900000000000000022e-01,5.700000000000000000e+01,5.600000000000000000e+01,1.859000000000000000e+03,1.509000000000000000e+03,5.044247787610619538e-01,2.974947807933194313e-02,9.642172523961661801e-01,2.633431696449406445e-02,6.854558118793647736e-01,0.000000000000000000e+00,3.937006957130506635e-03,6.514535489841364324e-01,1.380596147995674983e+00
1.910000000000000031e-01,5.700000000000000000e+01,5.600000000000000000e+01,1.859000000000000000e+03,1.509000000000000000e+03,5.044247787610619538e-01,2.974947807933194313e-02,9.642172523961661801e-01,2.984808900509960949e-02,6.772356911096721888e-01,0.000000000000000000e+00,3.985379997175186872e-03,6.560230710019823164e-01,1.380303799058310688e+00
1.920000000000000040e-01,5.600000000000000000e+01,5.500000000000000000e+01,1.860000000000000000e+03,1.510000000000000000e+03,5.045045045045044585e-01,2.922755741127348525e-02,9.648562300319488694e-01,2.902316694962792099e-02,6.818726650089956820e-01,0.000000000000000000e+00,3.915889101335778832e-03,6.440018720459192991e-01,1.371730493061477318e+00
1.930000000000000049e-01,5.600000000000000000e+01,5.500000000000000000e+01,1.860000000000000000e+03,1.510000000000000000e+03,5.045045045045044585e-01,2.922755741127348525e-02,9.648562300319488694e-01,3.203824101365171373e-02,6.827999969536904246e-01,0.000000000000000000e+00,3.996217972598969936e-03,6.523713399074040353e-01,1.384630736982217059e+00
1.940000000000000058e-01,5.500000000000000000e+01,5.500000000000000000e+01,1.861000000000000000e+03,1.510000000000000000e+03,5.000000000000000000e-01,2.870563674321503084e-02,9.648562300319488694e-01,3.405886396649293602e-02,6.822674049180932343e-01,0.000000000000000000e+00,3.893213986884802580e-03,6.476187429798301309e-01,1.380563569924561307e+00
1.950000000000000067e-01,5.500000000000000000e+01,5.500000000000000000e+01,1.861000000000000000e+03,1.510000000000000000e+03,5.000000000000000000e-01,2.870563674321503084e-02,9.648562300319488694e-01,2.994305896572768688e-02,6.797176500840578228e-01,0.000000000000000000e+00,3.977733053034171462e-03,6.520197669742628932e-01,1.378946640063077211e+00
1.960000000000000075e-01,5.500000000000000000e+01,5.500000000000000000e+01,1.861000000000000000e+03,1.510000000000000000e+03,5.000000000000000000e-01,2.870563674321503084e-02,9.648562300319488694e-01,3.601507312851026654e-02,6.721002458943985403e-01,0.000000000000000000e+00,3.773430013097822666e-03,6.463095910148695111e-01,1.370596127904718742e+00
1.970000000000000084e-01,5.500000000000000000e+01,5.500000000000000000e+01,1.861000000000000000e+03,1.510000000000000000e+03,5.000000000000000000e-01,2.870563674321503084e-02,9.648562300319488694e-01,3.229664999525994062e-02,6.792591560224536806e-01,0.000000000000000000e+00,3.932600986445322633e-03,6.517563659872394055e-01,1.379603313806001097e+00
1.980000000000000093e-01,5.500000000000000000e+01,5.500000000000000000e+01,1.861000000000000000e+03,1.510000000000000000e+03,5.000000000000000000e-01,2.870563674321503084e-02,9.648562300319488694e-01,2.635942303459160030e-02,6.655309649650007486e-01,0.000000000000000000e+00,3.878239018376916647e-03,6.550706999842077494e-01,1.363355290028266609e+00
1.990000000000000102e-01,5.400000000000000000e+01,5.400000000000000000e+01,1.862000000000000000e+03,1.511000000000000000e+03,5.000000000000000000e-01,2.818371607515657642e-02,9.654952076677316697e-01,3.022741997847333550e-02,6.726267869235016406e-01,0.000000000000000000e+00,3.847614076221361756e-03,6.566876510041765869e-01,1.375205683958483860e+00
2.000000000000000111e-01,5.400000000000000000e+01,5.300000000000000000e+01,1.862000000000000000e+03,1.512000000000000000e+03,5.046728971962616273e-01,2.818371607515657642e-02,9.661341853035143590e-01,3.377242200076580048e-02,6.818013861193321645e-01,0.000000000000000000e+00,3.667573037091642618e-03,6.539094019390176982e-01,1.384432929975446314e+00
